ISO-10303-21;
HEADER;
FILE_DESCRIPTION(('ViewDefinition[DesignTransferView]'),'2;1');
FILE_NAME('Sajeev.ifc','2026-05-06T17:49:44+05:30',(''),(''),'IfcOpenShell 0.8.5','Bonsai 0.8.5','Nobody');
FILE_SCHEMA(('IFC4X3_ADD2'));
ENDSEC;
DATA;
#1=IFCPROJECT('06WA$69sj3ffUfXL5BnTVW',$,'My Project',$,$,$,$,(#10,#22),#5);
#2=IFCSIUNIT(*,.LENGTHUNIT.,$,.METRE.);
#3=IFCSIUNIT(*,.AREAUNIT.,$,.SQUARE_METRE.);
#4=IFCSIUNIT(*,.VOLUMEUNIT.,$,.CUBIC_METRE.);
#5=IFCUNITASSIGNMENT((#3,#4,#2));
#6=IFCCARTESIANPOINT((0.,0.,0.));
#7=IFCDIRECTION((0.,0.,1.));
#8=IFCDIRECTION((1.,0.,0.));
#9=IFCAXIS2PLACEMENT3D(#6,#7,#8);
#10=IFCGEOMETRICREPRESENTATIONCONTEXT($,'Model',3,1.0000000000000001E-05,#9,$);
#11=IFCGEOMETRICREPRESENTATIONSUBCONTEXT('Body','Model',*,*,*,*,#10,$,.MODEL_VIEW.,$);
#12=IFCGEOMETRICREPRESENTATIONSUBCONTEXT('Axis','Model',*,*,*,*,#10,$,.GRAPH_VIEW.,$);
#13=IFCGEOMETRICREPRESENTATIONSUBCONTEXT('Box','Model',*,*,*,*,#10,$,.MODEL_VIEW.,$);
#14=IFCGEOMETRICREPRESENTATIONSUBCONTEXT('Annotation','Model',*,*,*,*,#10,$,.SECTION_VIEW.,$);
#15=IFCGEOMETRICREPRESENTATIONSUBCONTEXT('Annotation','Model',*,*,*,*,#10,$,.ELEVATION_VIEW.,$);
#16=IFCGEOMETRICREPRESENTATIONSUBCONTEXT('Annotation','Model',*,*,*,*,#10,$,.MODEL_VIEW.,$);
#17=IFCGEOMETRICREPRESENTATIONSUBCONTEXT('Annotation','Model',*,*,*,*,#10,$,.PLAN_VIEW.,$);
#18=IFCGEOMETRICREPRESENTATIONSUBCONTEXT('Profile','Model',*,*,*,*,#10,$,.ELEVATION_VIEW.,$);
#19=IFCCARTESIANPOINT((0.,0.));
#20=IFCDIRECTION((1.,0.));
#21=IFCAXIS2PLACEMENT2D(#19,#20);
#22=IFCGEOMETRICREPRESENTATIONCONTEXT($,'Plan',2,1.0000000000000001E-05,#21,$);
#23=IFCGEOMETRICREPRESENTATIONSUBCONTEXT('Axis','Plan',*,*,*,*,#22,$,.GRAPH_VIEW.,$);
#24=IFCGEOMETRICREPRESENTATIONSUBCONTEXT('Body','Plan',*,*,*,*,#22,$,.PLAN_VIEW.,$);
#25=IFCGEOMETRICREPRESENTATIONSUBCONTEXT('Annotation','Plan',*,*,*,*,#22,$,.PLAN_VIEW.,$);
#26=IFCGEOMETRICREPRESENTATIONSUBCONTEXT('Annotation','Plan',*,*,*,*,#22,$,.REFLECTED_PLAN_VIEW.,$);
#27=IFCSITE('3qUYzsAXL889j6_GD8JDx8',$,'My Site',$,$,#50,$,$,$,$,$,$,$,$);
#33=IFCBUILDING('062Rkr1f94JPPA$h61pq2Y',$,'My Building',$,$,#56,$,$,$,$,$,$);
#39=IFCBUILDINGSTOREY('16W6$0bP9Foerw7fy7ZYWu',$,'GF',$,$,#62,$,$,$,$);
#45=IFCRELAGGREGATES('3jkI2uquj6DAxmMs6fdkH2',$,$,$,#1,(#27));
#46=IFCCARTESIANPOINT((0.,0.,0.));
#47=IFCDIRECTION((0.,0.,1.));
#48=IFCDIRECTION((1.,0.,0.));
#49=IFCAXIS2PLACEMENT3D(#46,#47,#48);
#50=IFCLOCALPLACEMENT($,#49);
#51=IFCRELAGGREGATES('2Cp9m5hkjAIu5sqxcbnHxt',$,$,$,#27,(#33));
#52=IFCCARTESIANPOINT((0.,0.,0.));
#53=IFCDIRECTION((0.,0.,1.));
#54=IFCDIRECTION((1.,0.,0.));
#55=IFCAXIS2PLACEMENT3D(#52,#53,#54);
#56=IFCLOCALPLACEMENT(#50,#55);
#57=IFCRELAGGREGATES('00KH_JIfHELBuyoJkq$h$q',$,$,$,#33,(#11376,#39));
#58=IFCCARTESIANPOINT((0.,0.,0.));
#59=IFCDIRECTION((0.,0.,1.));
#60=IFCDIRECTION((1.,0.,0.));
#61=IFCAXIS2PLACEMENT3D(#58,#59,#60);
#62=IFCLOCALPLACEMENT(#56,#61);
#592=IFCWALLTYPE('1juanculbDJPqvqT2FCm8m',$,'25cm WALL',$,$,$,$,$,$,.NOTDEFINED.);
#593=IFCRELASSOCIATESMATERIAL('0FsB2A$frFn9AZW2IG38ny',$,$,$,(#592),#596);
#594=IFCMATERIAL('White Plaster','','Finishes');
#595=IFCMATERIALLAYER(#594,0.25,$,$,$,$,$);
#596=IFCMATERIALLAYERSET((#595),'brick',$);
#597=IFCMATERIALDEFINITIONREPRESENTATION($,$,(#609),#594);
#604=IFCCOLOURRGB($,0.95732998847961404,0.39509201049804699,0.19238471984863301);
#605=IFCSURFACESTYLESHADING(#604,$);
#606=IFCEXTERNALLYDEFINEDSURFACESTYLE('Materials.blend','materials/GS_White','GS_White');
#607=IFCSURFACESTYLE('White Plaster',.BOTH.,(#605,#606));
#608=IFCSTYLEDITEM($,(#607),'BrickWall');
#609=IFCSTYLEDREPRESENTATION(#10,$,$,(#608));
#610=IFCWALLTYPE('3R5onkTtX1IxdCMPoThRaw',$,'WAL100mm',$,$,$,$,$,$,.NOTDEFINED.);
#611=IFCRELASSOCIATESMATERIAL('0$mXRPCT16nP6Q70XFNvZv',$,$,$,(#610),#614);
#612=IFCMATERIAL('Unknown',$,$);
#613=IFCMATERIALLAYER(#612,0.10000000149011612,$,$,$,$,$);
#614=IFCMATERIALLAYERSET((#613),$,$);
#615=IFCBUILDINGELEMENTPROXY('3byBlQM_X3e8KErsDPnQuj',$,'PLAN CAD',$,$,#1698,#1687,$,.COMPLEX.);
#1684=IFCCARTESIANPOINT((91.092071533203125,-2.3741929531097412,-1.));
#1685=IFCBOUNDINGBOX(#1684,71.304611206054688,44.620475769042969,2.);
#1686=IFCSHAPEREPRESENTATION(#13,'Box','BoundingBox',(#1685));
#1687=IFCPRODUCTDEFINITIONSHAPE($,$,(#1686,#15862));
#1688=IFCRELCONTAINEDINSPATIALSTRUCTURE('0h$7z49RTEHAHDc4Ln_RtR',$,$,$,(#2505,#1913,#2376,#3549,#3735,#2288,#3966,#2772,#2433,#3267,#2061,#1796,#7459,#8072,#1743,#7341,#6364,#615,#7715,#2138,#2226,#3292,#1856,#2535,#7780,#2854,#3096,#3689,#6429,#3600,#5694,#10013,#10041,#10163,#10192,#11912,#13689),#39);
#1694=IFCCARTESIANPOINT((-87.839981079101562,-23.40913200378418,0.));
#1695=IFCDIRECTION((0.,0.,1.));
#1696=IFCDIRECTION((1.,0.,0.));
#1697=IFCAXIS2PLACEMENT3D(#1694,#1695,#1696);
#1698=IFCLOCALPLACEMENT(#62,#1697);
#1700=IFCRELDEFINESBYTYPE('2Rzvo8SX1DHeBIo8sWxhaA',$,$,$,(#1743,#2061,#2433,#2226,#2138,#2535,#2854,#3096,#1856,#1913,#2505,#2288,#2772,#2376,#1796,#3267,#3292,#3689),#592);
#1743=IFCWALL('0ZSjpvzjX9ofXT$U8xVNPx',$,'Wall',$,$,#1795,#1754,$,$);
#1749=IFCRELASSOCIATESMATERIAL('2sFTsMB2f0uAHkf6QvoIET',$,$,$,(#1743),#1750);
#1750=IFCMATERIALLAYERSETUSAGE(#596,.AXIS2.,.POSITIVE.,0.,$);
#1751=IFCRELDEFINESBYPROPERTIES('0SwqplDzb52BwQw2nDCNrb',$,$,$,(#1743),#1752);
#1752=IFCPROPERTYSET('33kLC2UeH42fyBM_pciS$z',$,'EPset_Parametric',$,(#1753));
#1753=IFCPROPERTYSINGLEVALUE('Engine',$,IFCLABEL('Bonsai.DumbLayer2'),$);
#1754=IFCPRODUCTDEFINITIONSHAPE($,$,(#3082,#3079));
#1768=IFCRELDEFINESBYTYPE('2bw1i0Tj55xPHf5P662GFh',$,$,$,(#3735,#3966,#3600,#3549,#10041,#10163),#610);
#1791=IFCCARTESIANPOINT((5.7520904541015625,16.837152481079102,0.));
#1792=IFCDIRECTION((0.,0.,1.));
#1793=IFCDIRECTION((1.,0.,0.));
#1794=IFCAXIS2PLACEMENT3D(#1791,#1792,#1793);
#1795=IFCLOCALPLACEMENT(#62,#1794);
#1796=IFCWALL('0Ym3PZhIP2QfU_dXyWKsAH',$,'Wall',$,$,#1830,#1807,$,$);
#1802=IFCRELDEFINESBYPROPERTIES('1M9On_I5zCwh6ra2p06UA3',$,$,$,(#1796),#1803);
#1803=IFCPROPERTYSET('3O__M2ZR9FMwwfTxzjhbBL',$,'EPset_Parametric',$,(#1804));
#1804=IFCPROPERTYSINGLEVALUE('Engine',$,IFCLABEL('Bonsai.DumbLayer2'),$);
#1805=IFCRELASSOCIATESMATERIAL('2WqRraVXv0kgTbiaxtTKrE',$,$,$,(#1796),#1806);
#1806=IFCMATERIALLAYERSETUSAGE(#596,.AXIS2.,.POSITIVE.,0.,$);
#1807=IFCPRODUCTDEFINITIONSHAPE($,$,(#1899,#1896));
#1826=IFCCARTESIANPOINT((5.7520904541015625,16.837152481079102,0.));
#1827=IFCDIRECTION((0.,0.,1.));
#1828=IFCDIRECTION((-4.3711388286737929E-08,-1.,0.));
#1829=IFCAXIS2PLACEMENT3D(#1826,#1827,#1828);
#1830=IFCLOCALPLACEMENT(#62,#1829);
#1856=IFCWALL('1uM4hduTLFyApqHUD4b8hy',$,'Wall',$,$,#1885,#1867,$,$);
#1862=IFCRELDEFINESBYPROPERTIES('36FCAmX1TDeOzxwN7bGgqD',$,$,$,(#1856),#1863);
#1863=IFCPROPERTYSET('3Yp2MFU2r9xeaeXj6waTkb',$,'EPset_Parametric',$,(#1864));
#1864=IFCPROPERTYSINGLEVALUE('Engine',$,IFCLABEL('Bonsai.DumbLayer2'),$);
#1865=IFCRELASSOCIATESMATERIAL('09FlaF4oTCkwC3BKYnZunM',$,$,$,(#1856),#1866);
#1866=IFCMATERIALLAYERSETUSAGE(#596,.AXIS2.,.POSITIVE.,0.,$);
#1867=IFCPRODUCTDEFINITIONSHAPE($,$,(#4165,#4162));
#1881=IFCCARTESIANPOINT((5.7520904541015625,11.837152481079102,0.));
#1882=IFCDIRECTION((0.,0.,1.));
#1883=IFCDIRECTION((1.,0.,0.));
#1884=IFCAXIS2PLACEMENT3D(#1881,#1882,#1883);
#1885=IFCLOCALPLACEMENT(#62,#1884);
#1886=IFCRELCONNECTSPATHELEMENTS('3M0dGhokL0je2andq47NxF',$,$,$,$,#1796,#1856,(),(),.ATPATH.,.ATEND.);
#1887=IFCCARTESIANPOINTLIST2D(((0.,0.),(0.,0.25),(4.7499999890721583,0.25),(4.7500000000000053,0.)),$);
#1888=IFCINDEXEDPOLYCURVE(#1887,(IFCLINEINDEX((1,2,3,4,1))),$);
#1889=IFCARBITRARYCLOSEDPROFILEDEF(.AREA.,$,#1888);
#1890=IFCCARTESIANPOINT((0.,0.,0.));
#1891=IFCDIRECTION((0.,0.,1.));
#1892=IFCDIRECTION((1.,0.,0.));
#1893=IFCAXIS2PLACEMENT3D(#1890,#1891,#1892);
#1894=IFCDIRECTION((0.,0.,1.));
#1895=IFCEXTRUDEDAREASOLID(#1889,#1893,#1894,3.);
#1896=IFCSHAPEREPRESENTATION(#11,'Body','SweptSolid',(#1895));
#1897=IFCCARTESIANPOINTLIST2D(((0.,0.),(5.0000000000000062,0.)),$);
#1898=IFCINDEXEDPOLYCURVE(#1897,$,$);
#1899=IFCSHAPEREPRESENTATION(#23,'Axis','Curve2D',(#1898));
#1913=IFCWALL('02Zic7Vmr0u8YtgRoOamie',$,'Wall',$,$,#2728,#1924,$,$);
#1919=IFCRELDEFINESBYPROPERTIES('1JpciK3tj0qe7F7QmlaZ1N',$,$,$,(#1913),#1920);
#1920=IFCPROPERTYSET('0MyK_e_Aj6yRN63cF6qnJ9',$,'EPset_Parametric',$,(#1921));
#1921=IFCPROPERTYSINGLEVALUE('Engine',$,IFCLABEL('Bonsai.DumbLayer2'),$);
#1922=IFCRELASSOCIATESMATERIAL('3PLKONh4bEGRkvlNVWuxd9',$,$,$,(#1913),#1923);
#1923=IFCMATERIALLAYERSETUSAGE(#596,.AXIS2.,.POSITIVE.,0.,$);
#1924=IFCPRODUCTDEFINITIONSHAPE($,$,(#2755,#2752));
#2018=IFCRELCONNECTSPATHELEMENTS('3Uu7Mydo54EOZ8kJAoeyi$',$,$,$,$,#1913,#1856,(),(),.ATPATH.,.ATEND.);
#2061=IFCWALL('1x8t67YibBKQsZz821LNSp',$,'Wall',$,$,#4152,#2072,$,$);
#2067=IFCRELDEFINESBYPROPERTIES('06nfOzEcbFjf1CrmLxiTyy',$,$,$,(#2061),#2068);
#2068=IFCPROPERTYSET('3wXwxphG14lOjeKWfKy$Vo',$,'EPset_Parametric',$,(#2069));
#2069=IFCPROPERTYSINGLEVALUE('Engine',$,IFCLABEL('Bonsai.DumbLayer2'),$);
#2070=IFCRELASSOCIATESMATERIAL('3r4FAqfUfBIgKIBBcLSe5q',$,$,$,(#2061),#2071);
#2071=IFCMATERIALLAYERSETUSAGE(#596,.AXIS2.,.POSITIVE.,0.,$);
#2072=IFCPRODUCTDEFINITIONSHAPE($,$,(#4147,#4144));
#2138=IFCWALL('0z6dVjh3nA29Ogj4QLGp8M',$,'Wall',$,$,#3197,#2149,$,$);
#2144=IFCRELDEFINESBYPROPERTIES('2zdF1Tno9Cdh$uOWVtjY4g',$,$,$,(#2138),#2145);
#2145=IFCPROPERTYSET('2ggimLkB15SutHXtTRzvBW',$,'EPset_Parametric',$,(#2146));
#2146=IFCPROPERTYSINGLEVALUE('Engine',$,IFCLABEL('Bonsai.DumbLayer2'),$);
#2147=IFCRELASSOCIATESMATERIAL('3Co26sN$1CwAA3Z4GIkU9O',$,$,$,(#2138),#2148);
#2148=IFCMATERIALLAYERSETUSAGE(#596,.AXIS2.,.POSITIVE.,0.,$);
#2149=IFCPRODUCTDEFINITIONSHAPE($,$,(#4179,#4176));
#2226=IFCWALL('0_9FOGtwX17PyYZwIxgoa2',$,'Wall',$,$,#2255,#2237,$,$);
#2232=IFCRELDEFINESBYPROPERTIES('3NioD4GFbCRgQ1SUmKXBsc',$,$,$,(#2226),#2233);
#2233=IFCPROPERTYSET('39Sy_XBRz8BgCWHjjJnOr9',$,'EPset_Parametric',$,(#2234));
#2234=IFCPROPERTYSINGLEVALUE('Engine',$,IFCLABEL('Bonsai.DumbLayer2'),$);
#2235=IFCRELASSOCIATESMATERIAL('2Xvgk0J$LFdAjojhnYCW66',$,$,$,(#2226),#2236);
#2236=IFCMATERIALLAYERSETUSAGE(#596,.AXIS2.,.POSITIVE.,0.,$);
#2237=IFCPRODUCTDEFINITIONSHAPE($,$,(#2419,#2416));
#2251=IFCCARTESIANPOINT((5.7520904541015625,10.287153244018555,0.));
#2252=IFCDIRECTION((0.,0.,1.));
#2253=IFCDIRECTION((7.5497901264043321E-08,-1.,0.));
#2254=IFCAXIS2PLACEMENT3D(#2251,#2252,#2253);
#2255=IFCLOCALPLACEMENT(#62,#2254);
#2288=IFCWALL('3062bhZbT3xPSvEJu6SP2W',$,'Wall',$,$,#3266,#2299,$,$);
#2294=IFCRELDEFINESBYPROPERTIES('3Fl3ZP23r74QesjbPAIev0',$,$,$,(#2288),#2295);
#2295=IFCPROPERTYSET('30KTwrIQTCN9pgr3GeDwG9',$,'EPset_Parametric',$,(#2296));
#2296=IFCPROPERTYSINGLEVALUE('Engine',$,IFCLABEL('Bonsai.DumbLayer2'),$);
#2297=IFCRELASSOCIATESMATERIAL('1RkA$2fuDEY9ZztuNhpCHZ',$,$,$,(#2288),#2298);
#2298=IFCMATERIALLAYERSETUSAGE(#596,.AXIS2.,.POSITIVE.,0.,$);
#2299=IFCPRODUCTDEFINITIONSHAPE($,$,(#4192,#4189));
#2376=IFCWALL('1CFmHHjbzASAijkOVztaLU',$,'Wall',$,$,#3358,#2387,$,$);
#2382=IFCRELASSOCIATESMATERIAL('0zCXUjBDj4BQrQ$zFFws60',$,$,$,(#2376),#2383);
#2383=IFCMATERIALLAYERSETUSAGE(#596,.AXIS2.,.POSITIVE.,0.,$);
#2384=IFCRELDEFINESBYPROPERTIES('2FQ5LJYUr1PvsnNFCZ8dxD',$,$,$,(#2376),#2385);
#2385=IFCPROPERTYSET('2qVkP3S1vBjhwO089eHD9K',$,'EPset_Parametric',$,(#2386));
#2386=IFCPROPERTYSINGLEVALUE('Engine',$,IFCLABEL('Bonsai.DumbLayer2'),$);
#2387=IFCPRODUCTDEFINITIONSHAPE($,$,(#3933,#3930));
#2406=IFCRELCONNECTSPATHELEMENTS('3YrieIl$nE8v_qf$WYAiWZ',$,$,$,$,#2226,#2376,(),(),.ATPATH.,.ATEND.);
#2407=IFCCARTESIANPOINTLIST2D(((0.,0.),(0.,0.25),(5.4500007818139435,0.25),(5.4500007629394682,0.)),$);
#2408=IFCINDEXEDPOLYCURVE(#2407,(IFCLINEINDEX((1,2,3,4,1))),$);
#2409=IFCARBITRARYCLOSEDPROFILEDEF(.AREA.,$,#2408);
#2410=IFCCARTESIANPOINT((0.,0.,0.));
#2411=IFCDIRECTION((0.,0.,1.));
#2412=IFCDIRECTION((1.,0.,0.));
#2413=IFCAXIS2PLACEMENT3D(#2410,#2411,#2412);
#2414=IFCDIRECTION((0.,0.,1.));
#2415=IFCEXTRUDEDAREASOLID(#2409,#2413,#2414,3.);
#2416=IFCSHAPEREPRESENTATION(#11,'Body','SweptSolid',(#2415));
#2417=IFCCARTESIANPOINTLIST2D(((0.,0.),(5.7000007629394691,0.)),$);
#2418=IFCINDEXEDPOLYCURVE(#2417,$,$);
#2419=IFCSHAPEREPRESENTATION(#23,'Axis','Curve2D',(#2418));
#2433=IFCWALL('3_Vg6Sh7r7RuWgHjzjaTbi',$,'Wall',$,$,#2504,#2444,$,$);
#2439=IFCRELASSOCIATESMATERIAL('3ASdXGNM50OQQ$4p2xx66c',$,$,$,(#2433),#2440);
#2440=IFCMATERIALLAYERSETUSAGE(#596,.AXIS2.,.POSITIVE.,0.,$);
#2441=IFCRELDEFINESBYPROPERTIES('1TbLtPkKnBdwh1rPDFKsua',$,$,$,(#2433),#2442);
#2442=IFCPROPERTYSET('2rW6o6lPP9sh9PcfS0AZ$4',$,'EPset_Parametric',$,(#2443));
#2443=IFCPROPERTYSINGLEVALUE('Engine',$,IFCLABEL('Bonsai.DumbLayer2'),$);
#2444=IFCPRODUCTDEFINITIONSHAPE($,$,(#2499,#2496));
#2487=IFCCARTESIANPOINTLIST2D(((0.,0.),(0.,0.25),(2.2539346180856228,0.25),(2.2539346180856228,0.)),$);
#2488=IFCINDEXEDPOLYCURVE(#2487,(IFCLINEINDEX((1,2,3,4,1))),$);
#2489=IFCARBITRARYCLOSEDPROFILEDEF(.AREA.,$,#2488);
#2490=IFCCARTESIANPOINT((0.,0.,0.));
#2491=IFCDIRECTION((0.,0.,1.));
#2492=IFCDIRECTION((1.,0.,0.));
#2493=IFCAXIS2PLACEMENT3D(#2490,#2491,#2492);
#2494=IFCDIRECTION((0.,0.,1.));
#2495=IFCEXTRUDEDAREASOLID(#2489,#2493,#2494,3.);
#2496=IFCSHAPEREPRESENTATION(#11,'Body','SweptSolid',(#2495));
#2497=IFCCARTESIANPOINTLIST2D(((0.,0.),(2.2539346180856228,0.)),$);
#2498=IFCINDEXEDPOLYCURVE(#2497,$,$);
#2499=IFCSHAPEREPRESENTATION(#23,'Axis','Curve2D',(#2498));
#2500=IFCCARTESIANPOINT((7.9981560744345188,7.8371529579162598,0.));
#2501=IFCDIRECTION((0.,0.,1.));
#2502=IFCDIRECTION((1.,0.,0.));
#2503=IFCAXIS2PLACEMENT3D(#2500,#2501,#2502);
#2504=IFCLOCALPLACEMENT(#62,#2503);
#2505=IFCWALL('3s2r10u_f4NfGHMgqTG7KP',$,'Wall',$,$,#2534,#2516,$,$);
#2511=IFCRELDEFINESBYPROPERTIES('0eHZKL99zDMwiqfA91rMEA',$,$,$,(#2505),#2512);
#2512=IFCPROPERTYSET('1PrLEzkzz9fBos_mceZByA',$,'EPset_Parametric',$,(#2513));
#2513=IFCPROPERTYSINGLEVALUE('Engine',$,IFCLABEL('Bonsai.DumbLayer2'),$);
#2514=IFCRELASSOCIATESMATERIAL('03Do9cA5fAqQGh1MxySLeb',$,$,$,(#2505),#2515);
#2515=IFCMATERIALLAYERSETUSAGE(#596,.AXIS2.,.POSITIVE.,0.,$);
#2516=IFCPRODUCTDEFINITIONSHAPE($,$,(#4120,#4117));
#2530=IFCCARTESIANPOINT((11.752090454101562,16.837152481079102,0.));
#2531=IFCDIRECTION((0.,0.,1.));
#2532=IFCDIRECTION((1.9470718370939721E-07,-1.,0.));
#2533=IFCAXIS2PLACEMENT3D(#2530,#2531,#2532);
#2534=IFCLOCALPLACEMENT(#62,#2533);
#2535=IFCWALL('0wBysgiAT78g2jJ_EY2BKG',$,'Wall',$,$,#2564,#2546,$,$);
#2541=IFCRELDEFINESBYPROPERTIES('0AMEhlnDXE4gxcznhLe8Fv',$,$,$,(#2535),#2542);
#2542=IFCPROPERTYSET('0g$vDZ6yjDjAUw9mxE9cZc',$,'EPset_Parametric',$,(#2543));
#2543=IFCPROPERTYSINGLEVALUE('Engine',$,IFCLABEL('Bonsai.DumbLayer2'),$);
#2544=IFCRELASSOCIATESMATERIAL('2t7D6JpOn1hPTUu74gatQJ',$,$,$,(#2535),#2545);
#2545=IFCMATERIALLAYERSETUSAGE(#596,.AXIS2.,.POSITIVE.,0.,$);
#2546=IFCPRODUCTDEFINITIONSHAPE($,$,(#4206,#4203));
#2560=IFCCARTESIANPOINT((15.252090454101562,17.087152481079102,0.));
#2561=IFCDIRECTION((0.,0.,1.));
#2562=IFCDIRECTION((1.9470718370939721E-07,-1.,0.));
#2563=IFCAXIS2PLACEMENT3D(#2560,#2561,#2562);
#2564=IFCLOCALPLACEMENT(#62,#2563);
#2724=IFCCARTESIANPOINT((9.5020905295679778,16.837569534778599,0.));
#2725=IFCDIRECTION((0.,0.,1.));
#2726=IFCDIRECTION((7.5497901264043123E-08,-0.99999999999999722,0.));
#2727=IFCAXIS2PLACEMENT3D(#2724,#2725,#2726);
#2728=IFCLOCALPLACEMENT(#62,#2727);
#2743=IFCCARTESIANPOINTLIST2D(((0.,0.),(0.,0.25),(4.7504170725739865,0.25),(4.7504170536995112,0.)),$);
#2744=IFCINDEXEDPOLYCURVE(#2743,(IFCLINEINDEX((1,2,3,4,1))),$);
#2745=IFCARBITRARYCLOSEDPROFILEDEF(.AREA.,$,#2744);
#2746=IFCCARTESIANPOINT((0.,0.,0.));
#2747=IFCDIRECTION((0.,0.,1.));
#2748=IFCDIRECTION((1.,0.,0.));
#2749=IFCAXIS2PLACEMENT3D(#2746,#2747,#2748);
#2750=IFCDIRECTION((0.,0.,1.));
#2751=IFCEXTRUDEDAREASOLID(#2745,#2749,#2750,2.9999980926513672);
#2752=IFCSHAPEREPRESENTATION(#11,'Body','SweptSolid',(#2751));
#2753=IFCCARTESIANPOINTLIST2D(((0.,0.),(5.0004170536995112,0.)),$);
#2754=IFCINDEXEDPOLYCURVE(#2753,$,$);
#2755=IFCSHAPEREPRESENTATION(#23,'Axis','Curve2D',(#2754));
#2772=IFCWALL('333owhDt50seBMIXJn2nyy',$,'Wall',$,$,#3069,#2783,$,$);
#2778=IFCRELDEFINESBYPROPERTIES('0pE6WgNG55h87exEY0vgRW',$,$,$,(#2772),#2779);
#2779=IFCPROPERTYSET('2ShKaz09LDOhTN9HXuzvCe',$,'EPset_Parametric',$,(#2780));
#2780=IFCPROPERTYSINGLEVALUE('Engine',$,IFCLABEL('Bonsai.DumbLayer2'),$);
#2781=IFCRELASSOCIATESMATERIAL('0fIheuPyjB$xNx91ANDX2_',$,$,$,(#2772),#2782);
#2782=IFCMATERIALLAYERSETUSAGE(#596,.AXIS2.,.POSITIVE.,0.,$);
#2783=IFCPRODUCTDEFINITIONSHAPE($,$,(#3095,#3092));
#2854=IFCWALL('1oeNznDlH3WOmvvZEBgSaJ',$,'Wall',$,$,#2974,#2865,$,$);
#2860=IFCRELDEFINESBYPROPERTIES('3umf_E$Y5Dc8aSILoTrN2m',$,$,$,(#2854),#2861);
#2861=IFCPROPERTYSET('2P6L6RvGzARvkUaUwp04iO',$,'EPset_Parametric',$,(#2862));
#2862=IFCPROPERTYSINGLEVALUE('Engine',$,IFCLABEL('Bonsai.DumbLayer2'),$);
#2863=IFCRELASSOCIATESMATERIAL('3MeiIv4ZLDQgaEvMDInVcu',$,$,$,(#2854),#2864);
#2864=IFCMATERIALLAYERSETUSAGE(#596,.AXIS2.,.POSITIVE.,0.,$);
#2865=IFCPRODUCTDEFINITIONSHAPE($,$,(#4235,#4232));
#2970=IFCCARTESIANPOINT((11.502090454101562,11.837152481079102,0.));
#2971=IFCDIRECTION((0.,0.,1.));
#2972=IFCDIRECTION((1.,0.,0.));
#2973=IFCAXIS2PLACEMENT3D(#2970,#2971,#2972);
#2974=IFCLOCALPLACEMENT(#62,#2973);
#3065=IFCCARTESIANPOINT((11.747838020324707,16.837154388427734,1.9073486328125E-06));
#3066=IFCDIRECTION((0.,0.,1.));
#3067=IFCDIRECTION((1.,0.,0.));
#3068=IFCAXIS2PLACEMENT3D(#3065,#3066,#3067);
#3069=IFCLOCALPLACEMENT(#62,#3068);
#3070=IFCCARTESIANPOINTLIST2D(((0.,0.),(0.,0.25),(3.995692253112793,0.25),(3.995692253112793,0.)),$);
#3071=IFCINDEXEDPOLYCURVE(#3070,(IFCLINEINDEX((1,2,3,4,1))),$);
#3072=IFCARBITRARYCLOSEDPROFILEDEF(.AREA.,$,#3071);
#3073=IFCCARTESIANPOINT((0.,0.,0.));
#3074=IFCDIRECTION((0.,0.,1.));
#3075=IFCDIRECTION((1.,0.,0.));
#3076=IFCAXIS2PLACEMENT3D(#3073,#3074,#3075);
#3077=IFCDIRECTION((0.,0.,1.));
#3078=IFCEXTRUDEDAREASOLID(#3072,#3076,#3077,2.9999980926513672);
#3079=IFCSHAPEREPRESENTATION(#11,'Body','SweptSolid',(#3078));
#3080=IFCCARTESIANPOINTLIST2D(((0.,0.),(3.995692253112793,0.)),$);
#3081=IFCINDEXEDPOLYCURVE(#3080,$,$);
#3082=IFCSHAPEREPRESENTATION(#23,'Axis','Curve2D',(#3081));
#3083=IFCCARTESIANPOINTLIST2D(((0.,0.),(0.,0.25),(3.5042524337768555,0.25),(3.5042524337768555,0.)),$);
#3084=IFCINDEXEDPOLYCURVE(#3083,(IFCLINEINDEX((1,2,3,4,1))),$);
#3085=IFCARBITRARYCLOSEDPROFILEDEF(.AREA.,$,#3084);
#3086=IFCCARTESIANPOINT((0.,0.,0.));
#3087=IFCDIRECTION((0.,0.,1.));
#3088=IFCDIRECTION((1.,0.,0.));
#3089=IFCAXIS2PLACEMENT3D(#3086,#3087,#3088);
#3090=IFCDIRECTION((0.,0.,1.));
#3091=IFCEXTRUDEDAREASOLID(#3085,#3089,#3090,2.9999980926513672);
#3092=IFCSHAPEREPRESENTATION(#11,'Body','SweptSolid',(#3091));
#3093=IFCCARTESIANPOINTLIST2D(((0.,0.),(3.5042524337768555,0.)),$);
#3094=IFCINDEXEDPOLYCURVE(#3093,$,$);
#3095=IFCSHAPEREPRESENTATION(#23,'Axis','Curve2D',(#3094));
#3096=IFCWALL('1hE9SzFvz6vvwA4XF9Kn2v',$,'Wall',$,$,#3146,#3107,$,$);
#3102=IFCRELDEFINESBYPROPERTIES('2ZSglRehz1c9Ztpb4nuwtk',$,$,$,(#3096),#3103);
#3103=IFCPROPERTYSET('3Ax79WSUnBBx$gbLbTp4rA',$,'EPset_Parametric',$,(#3104));
#3104=IFCPROPERTYSINGLEVALUE('Engine',$,IFCLABEL('Bonsai.DumbLayer2'),$);
#3105=IFCRELASSOCIATESMATERIAL('0TOk8c35f6YA9KeOIPiH2n',$,$,$,(#3096),#3106);
#3106=IFCMATERIALLAYERSETUSAGE(#596,.AXIS2.,.POSITIVE.,0.,$);
#3107=IFCPRODUCTDEFINITIONSHAPE($,$,(#3141,#3138));
#3129=IFCCARTESIANPOINTLIST2D(((0.,0.),(0.,0.25),(2.0059611760079861,0.25),(2.0059611760079861,0.)),$);
#3130=IFCINDEXEDPOLYCURVE(#3129,(IFCLINEINDEX((1,2,3,4,1))),$);
#3131=IFCARBITRARYCLOSEDPROFILEDEF(.AREA.,$,#3130);
#3132=IFCCARTESIANPOINT((0.,0.,0.));
#3133=IFCDIRECTION((0.,0.,1.));
#3134=IFCDIRECTION((1.,0.,0.));
#3135=IFCAXIS2PLACEMENT3D(#3132,#3133,#3134);
#3136=IFCDIRECTION((0.,0.,1.));
#3137=IFCEXTRUDEDAREASOLID(#3131,#3135,#3136,3.);
#3138=IFCSHAPEREPRESENTATION(#11,'Body','SweptSolid',(#3137));
#3139=IFCCARTESIANPOINTLIST2D(((0.,0.),(2.0059611760079861,0.)),$);
#3140=IFCINDEXEDPOLYCURVE(#3139,$,$);
#3141=IFCSHAPEREPRESENTATION(#23,'Axis','Curve2D',(#3140));
#3142=IFCCARTESIANPOINT((9.7418766021728516,16.837154388427734,0.));
#3143=IFCDIRECTION((0.,0.,1.));
#3144=IFCDIRECTION((1.,0.,0.));
#3145=IFCAXIS2PLACEMENT3D(#3142,#3143,#3144);
#3146=IFCLOCALPLACEMENT(#62,#3145);
#3193=IFCCARTESIANPOINT((6.0020904541015625,10.037153244018555,0.));
#3194=IFCDIRECTION((0.,0.,1.));
#3195=IFCDIRECTION((1.,0.,0.));
#3196=IFCAXIS2PLACEMENT3D(#3193,#3194,#3195);
#3197=IFCLOCALPLACEMENT(#62,#3196);
#3262=IFCCARTESIANPOINT((7.7520896914512374,10.287126019597038,0.));
#3263=IFCDIRECTION((0.,0.,1.));
#3264=IFCDIRECTION((3.1391647326016301E-07,-0.99999999999995071,0.));
#3265=IFCAXIS2PLACEMENT3D(#3262,#3263,#3264);
#3266=IFCLOCALPLACEMENT(#62,#3265);
#3267=IFCWALL('1j2Q54u093B8d0bVTG$NOI',$,'Wall',$,$,#3379,#3278,$,$);
#3273=IFCRELDEFINESBYPROPERTIES('2m4VRXzYLEChKZo6zhl7ym',$,$,$,(#3267),#3274);
#3274=IFCPROPERTYSET('0dNldK2299iPhIHEpieN9Q',$,'EPset_Parametric',$,(#3275));
#3275=IFCPROPERTYSINGLEVALUE('Engine',$,IFCLABEL('Bonsai.DumbLayer2'),$);
#3276=IFCRELASSOCIATESMATERIAL('0IvZS5N7b7a9cGv6yjrnic',$,$,$,(#3267),#3277);
#3277=IFCMATERIALLAYERSETUSAGE(#596,.AXIS2.,.POSITIVE.,0.,$);
#3278=IFCPRODUCTDEFINITIONSHAPE($,$,(#3947,#3944));
#3292=IFCWALL('3mwdgLD6n0mubTPvqEZp7z',$,'Wall',$,$,#3965,#3303,$,$);
#3298=IFCRELDEFINESBYPROPERTIES('3SVZ3bMZTELR8odmNt$3O2',$,$,$,(#3292),#3299);
#3299=IFCPROPERTYSET('2oU6MYjh17TBCkLjRr43W3',$,'EPset_Parametric',$,(#3300));
#3300=IFCPROPERTYSINGLEVALUE('Engine',$,IFCLABEL('Bonsai.DumbLayer2'),$);
#3301=IFCRELASSOCIATESMATERIAL('2_0QI5cmL3iRyp$sgqiEgT',$,$,$,(#3292),#3302);
#3302=IFCMATERIALLAYERSETUSAGE(#596,.AXIS2.,.POSITIVE.,0.,$);
#3303=IFCPRODUCTDEFINITIONSHAPE($,$,(#3960,#3957));
#3354=IFCCARTESIANPOINT((5.7520904541015625,4.5871524810791016,0.));
#3355=IFCDIRECTION((0.,0.,1.));
#3356=IFCDIRECTION((1.,0.,0.));
#3357=IFCAXIS2PLACEMENT3D(#3354,#3355,#3356);
#3358=IFCLOCALPLACEMENT(#62,#3357);
#3375=IFCCARTESIANPOINT((10.002090454101562,7.8371524810791016,0.));
#3376=IFCDIRECTION((0.,0.,1.));
#3377=IFCDIRECTION((3.1391647326017846E-07,-1.,0.));
#3378=IFCAXIS2PLACEMENT3D(#3375,#3376,#3377);
#3379=IFCLOCALPLACEMENT(#62,#3378);
#3549=IFCWALL('3HMcaMzmrDpAlJkeATlG9I',$,'Wall',$,$,#4106,#3560,$,$);
#3555=IFCRELASSOCIATESMATERIAL('1DZ6gmg6TErePhZuLWWUvP',$,$,$,(#3549),#3556);
#3556=IFCMATERIALLAYERSETUSAGE(#614,.AXIS2.,.POSITIVE.,0.,$);
#3557=IFCRELDEFINESBYPROPERTIES('0RUOheVjfDPRXQqbCIob2t',$,$,$,(#3549),#3558);
#3558=IFCPROPERTYSET('3lHLwUevLBXeD5rCbClaXs',$,'EPset_Parametric',$,(#3559));
#3559=IFCPROPERTYSINGLEVALUE('Engine',$,IFCLABEL('Bonsai.DumbLayer2'),$);
#3560=IFCPRODUCTDEFINITIONSHAPE($,$,(#4101,#4098));
#3600=IFCWALL('2_81o9rczDmg0sMcxsFBIL',$,'Wall',$,$,#3629,#3611,$,$);
#3606=IFCRELDEFINESBYPROPERTIES('1aymyeSAX3T9So8DP58Un5',$,$,$,(#3600),#3607);
#3607=IFCPROPERTYSET('0JN_wk8GL2VeVQU69RC7oj',$,'EPset_Parametric',$,(#3608));
#3608=IFCPROPERTYSINGLEVALUE('Engine',$,IFCLABEL('Bonsai.DumbLayer2'),$);
#3609=IFCRELASSOCIATESMATERIAL('3eGrZfcnTBefrzhLRatFcg',$,$,$,(#3600),#3610);
#3610=IFCMATERIALLAYERSETUSAGE(#614,.AXIS2.,.POSITIVE.,0.,$);
#3611=IFCPRODUCTDEFINITIONSHAPE($,$,(#8598,#8595));
#3625=IFCCARTESIANPOINT((6.0020904541015625,8.3371524810791016,0.));
#3626=IFCDIRECTION((0.,0.,1.));
#3627=IFCDIRECTION((1.,0.,0.));
#3628=IFCAXIS2PLACEMENT3D(#3625,#3626,#3627);
#3629=IFCLOCALPLACEMENT(#62,#3628);
#3689=IFCWALL('0xBC1dSxTEgwvWXTpPSNk8',$,'Wall',$,$,#3718,#3700,$,$);
#3695=IFCRELDEFINESBYPROPERTIES('26XCFvDHrCRAnnE683j$b6',$,$,$,(#3689),#3696);
#3696=IFCPROPERTYSET('1aOdIIuJX3eudnkvteI1tm',$,'EPset_Parametric',$,(#3697));
#3697=IFCPROPERTYSINGLEVALUE('Engine',$,IFCLABEL('Bonsai.DumbLayer2'),$);
#3698=IFCRELASSOCIATESMATERIAL('1qNRbTt3X7aOOuUzw8$sDz',$,$,$,(#3689),#3699);
#3699=IFCMATERIALLAYERSETUSAGE(#596,.AXIS2.,.POSITIVE.,0.,$);
#3700=IFCPRODUCTDEFINITIONSHAPE($,$,(#3734,#3731));
#3714=IFCCARTESIANPOINT((6.0020904541015625,15.087152481079102,0.));
#3715=IFCDIRECTION((0.,0.,1.));
#3716=IFCDIRECTION((1.,0.,0.));
#3717=IFCAXIS2PLACEMENT3D(#3714,#3715,#3716);
#3718=IFCLOCALPLACEMENT(#62,#3717);
#3722=IFCCARTESIANPOINTLIST2D(((0.,0.),(0.,0.25),(3.5017690658569336,0.25),(3.5017690658569336,0.)),$);
#3723=IFCINDEXEDPOLYCURVE(#3722,(IFCLINEINDEX((1,2,3,4,1))),$);
#3724=IFCARBITRARYCLOSEDPROFILEDEF(.AREA.,$,#3723);
#3725=IFCCARTESIANPOINT((0.,0.,0.));
#3726=IFCDIRECTION((0.,0.,1.));
#3727=IFCDIRECTION((1.,0.,0.));
#3728=IFCAXIS2PLACEMENT3D(#3725,#3726,#3727);
#3729=IFCDIRECTION((0.,0.,1.));
#3730=IFCEXTRUDEDAREASOLID(#3724,#3728,#3729,2.9999980926513672);
#3731=IFCSHAPEREPRESENTATION(#11,'Body','SweptSolid',(#3730));
#3732=IFCCARTESIANPOINTLIST2D(((0.,0.),(3.5017690658569336,0.)),$);
#3733=IFCINDEXEDPOLYCURVE(#3732,$,$);
#3734=IFCSHAPEREPRESENTATION(#23,'Axis','Curve2D',(#3733));
#3735=IFCWALL('2$2gUPRbn238gG44i2moE7',$,'Wall',$,$,#3879,#3746,$,$);
#3741=IFCRELDEFINESBYPROPERTIES('2xNS5pO2z5LvIdnYGx57$c',$,$,$,(#3735),#3742);
#3742=IFCPROPERTYSET('1JThvvHhD3DQkqrKf_gRib',$,'EPset_Parametric',$,(#3743));
#3743=IFCPROPERTYSINGLEVALUE('Engine',$,IFCLABEL('Bonsai.DumbLayer2'),$);
#3744=IFCRELASSOCIATESMATERIAL('2GJJKO6ajBOPLwARyfXlw8',$,$,$,(#3735),#3745);
#3745=IFCMATERIALLAYERSETUSAGE(#614,.AXIS2.,.POSITIVE.,0.,$);
#3746=IFCPRODUCTDEFINITIONSHAPE($,$,(#3874,#3871));
#3862=IFCCARTESIANPOINTLIST2D(((0.,0.),(0.,0.10000000149011612),(0.5013515017926693,0.10000000149011612),(0.5013515017926693,0.)),$);
#3863=IFCINDEXEDPOLYCURVE(#3862,(IFCLINEINDEX((1,2,3,4,1))),$);
#3864=IFCARBITRARYCLOSEDPROFILEDEF(.AREA.,$,#3863);
#3865=IFCCARTESIANPOINT((0.,0.,0.));
#3866=IFCDIRECTION((0.,0.,1.));
#3867=IFCDIRECTION((1.,0.,0.));
#3868=IFCAXIS2PLACEMENT3D(#3865,#3866,#3867);
#3869=IFCDIRECTION((0.,0.,1.));
#3870=IFCEXTRUDEDAREASOLID(#3864,#3868,#3869,3.);
#3871=IFCSHAPEREPRESENTATION(#11,'Body','SweptSolid',(#3870));
#3872=IFCCARTESIANPOINTLIST2D(((0.,0.),(0.5013515017926693,0.)),$);
#3873=IFCINDEXEDPOLYCURVE(#3872,$,$);
#3874=IFCSHAPEREPRESENTATION(#23,'Axis','Curve2D',(#3873));
#3875=IFCCARTESIANPOINT((6.7520885589836253,8.3385045789182204,0.));
#3876=IFCDIRECTION((0.,0.,1.));
#3877=IFCDIRECTION((3.1391647326016301E-07,-0.99999999999995071,0.));
#3878=IFCAXIS2PLACEMENT3D(#3875,#3876,#3877);
#3879=IFCLOCALPLACEMENT(#62,#3878);
#3907=IFCRELCONNECTSPATHELEMENTS('15eB2PLfD4Ng1lskoi9vKP',$,$,$,$,#3292,#2376,(),(),.ATEND.,.ATEND.);
#3921=IFCCARTESIANPOINTLIST2D(((0.,0.),(0.,0.25),(3.3964466967559326,0.25),(3.5000001243827872,0.)),$);
#3922=IFCINDEXEDPOLYCURVE(#3921,(IFCLINEINDEX((1,2,3,4,1))),$);
#3923=IFCARBITRARYCLOSEDPROFILEDEF(.AREA.,$,#3922);
#3924=IFCCARTESIANPOINT((0.,0.,0.));
#3925=IFCDIRECTION((0.,0.,1.));
#3926=IFCDIRECTION((1.,0.,0.));
#3927=IFCAXIS2PLACEMENT3D(#3924,#3925,#3926);
#3928=IFCDIRECTION((0.,0.,1.));
#3929=IFCEXTRUDEDAREASOLID(#3923,#3927,#3928,3.);
#3930=IFCSHAPEREPRESENTATION(#11,'Body','SweptSolid',(#3929));
#3931=IFCCARTESIANPOINTLIST2D(((0.,0.),(3.1464468231964484,0.)),$);
#3932=IFCINDEXEDPOLYCURVE(#3931,$,$);
#3933=IFCSHAPEREPRESENTATION(#23,'Axis','Curve2D',(#3932));
#3934=IFCRELCONNECTSPATHELEMENTS('3boL2lZG53UgPsKHQnh4lM',$,$,$,$,#3267,#3292,(),(),.ATSTART.,.ATEND.);
#3935=IFCCARTESIANPOINTLIST2D(((0.,0.),(0.,0.25),(2.2499989907876672,0.25),(2.1464455912559695,0.)),$);
#3936=IFCINDEXEDPOLYCURVE(#3935,(IFCLINEINDEX((1,2,3,4,1))),$);
#3937=IFCARBITRARYCLOSEDPROFILEDEF(.AREA.,$,#3936);
#3938=IFCCARTESIANPOINT((0.,0.,0.));
#3939=IFCDIRECTION((0.,0.,1.));
#3940=IFCDIRECTION((1.,0.,0.));
#3941=IFCAXIS2PLACEMENT3D(#3938,#3939,#3940);
#3942=IFCDIRECTION((0.,0.,1.));
#3943=IFCEXTRUDEDAREASOLID(#3937,#3941,#3942,3.);
#3944=IFCSHAPEREPRESENTATION(#11,'Body','SweptSolid',(#3943));
#3945=IFCCARTESIANPOINTLIST2D(((0.,0.),(2.1464455912559695,0.)),$);
#3946=IFCINDEXEDPOLYCURVE(#3945,$,$);
#3947=IFCSHAPEREPRESENTATION(#23,'Axis','Curve2D',(#3946));
#3948=IFCCARTESIANPOINTLIST2D(((0.,0.),(-0.10355339953169795,0.25),(1.3106613434414267,0.25),(1.2071079158145721,0.)),$);
#3949=IFCINDEXEDPOLYCURVE(#3948,(IFCLINEINDEX((1,2,3,4,1))),$);
#3950=IFCARBITRARYCLOSEDPROFILEDEF(.AREA.,$,#3949);
#3951=IFCCARTESIANPOINT((0.,0.,0.));
#3952=IFCDIRECTION((0.,0.,1.));
#3953=IFCDIRECTION((1.,0.,0.));
#3954=IFCAXIS2PLACEMENT3D(#3951,#3952,#3953);
#3955=IFCDIRECTION((0.,0.,1.));
#3956=IFCEXTRUDEDAREASOLID(#3950,#3954,#3955,3.);
#3957=IFCSHAPEREPRESENTATION(#11,'Body','SweptSolid',(#3956));
#3958=IFCCARTESIANPOINTLIST2D(((0.,0.),(1.5606612170009109,0.)),$);
#3959=IFCINDEXEDPOLYCURVE(#3958,$,$);
#3960=IFCSHAPEREPRESENTATION(#23,'Axis','Curve2D',(#3959));
#3961=IFCCARTESIANPOINT((10.002091127906192,5.6907068898232369,0.));
#3962=IFCDIRECTION((0.,0.,1.));
#3963=IFCDIRECTION((-0.7071066023725876,-0.70710696000046236,0.));
#3964=IFCAXIS2PLACEMENT3D(#3961,#3962,#3963);
#3965=IFCLOCALPLACEMENT(#62,#3964);
#3966=IFCWALL('3bCp2guWz4U9Z1pi2HPOGn',$,'Wall',$,$,#4032,#3977,$,$);
#3972=IFCRELDEFINESBYPROPERTIES('3N0GrOqYv1l9$y3xrro0T_',$,$,$,(#3966),#3973);
#3973=IFCPROPERTYSET('1EZi2Rwyj9Lfx7HkWBkeCL',$,'EPset_Parametric',$,(#3974));
#3974=IFCPROPERTYSINGLEVALUE('Engine',$,IFCLABEL('Bonsai.DumbLayer2'),$);
#3975=IFCRELASSOCIATESMATERIAL('2IRzuyBv18tfRkGLvC8LfA',$,$,$,(#3966),#3976);
#3976=IFCMATERIALLAYERSETUSAGE(#614,.AXIS2.,.POSITIVE.,0.,$);
#3977=IFCPRODUCTDEFINITIONSHAPE($,$,(#4064,#4061));
#4028=IFCCARTESIANPOINT((13.50208854675293,16.837152481079102,0.));
#4029=IFCDIRECTION((0.,0.,1.));
#4030=IFCDIRECTION((-4.3711388286737929E-08,-1.,0.));
#4031=IFCAXIS2PLACEMENT3D(#4028,#4029,#4030);
#4032=IFCLOCALPLACEMENT(#62,#4031);
#4052=IFCCARTESIANPOINTLIST2D(((0.,0.),(0.,0.10000000149011612),(1.4005833864212036,0.10000000149011612),(1.4005833864212036,0.)),$);
#4053=IFCINDEXEDPOLYCURVE(#4052,(IFCLINEINDEX((1,2,3,4,1))),$);
#4054=IFCARBITRARYCLOSEDPROFILEDEF(.AREA.,$,#4053);
#4055=IFCCARTESIANPOINT((0.,0.,0.));
#4056=IFCDIRECTION((0.,0.,1.));
#4057=IFCDIRECTION((1.,0.,0.));
#4058=IFCAXIS2PLACEMENT3D(#4055,#4056,#4057);
#4059=IFCDIRECTION((0.,0.,1.));
#4060=IFCEXTRUDEDAREASOLID(#4054,#4058,#4059,3.);
#4061=IFCSHAPEREPRESENTATION(#11,'Body','SweptSolid',(#4060));
#4062=IFCCARTESIANPOINTLIST2D(((0.,0.),(1.4005833864212036,0.)),$);
#4063=IFCINDEXEDPOLYCURVE(#4062,$,$);
#4064=IFCSHAPEREPRESENTATION(#23,'Axis','Curve2D',(#4063));
#4089=IFCCARTESIANPOINTLIST2D(((0.,0.),(0.,0.10000000149011612),(2.2498931884765625,0.10000000149011612),(2.2498931884765625,0.)),$);
#4090=IFCINDEXEDPOLYCURVE(#4089,(IFCLINEINDEX((1,2,3,4,1))),$);
#4091=IFCARBITRARYCLOSEDPROFILEDEF(.AREA.,$,#4090);
#4092=IFCCARTESIANPOINT((0.,0.,0.));
#4093=IFCDIRECTION((0.,0.,1.));
#4094=IFCDIRECTION((1.,0.,0.));
#4095=IFCAXIS2PLACEMENT3D(#4092,#4093,#4094);
#4096=IFCDIRECTION((0.,0.,1.));
#4097=IFCEXTRUDEDAREASOLID(#4091,#4095,#4096,3.);
#4098=IFCSHAPEREPRESENTATION(#11,'Body','SweptSolid',(#4097));
#4099=IFCCARTESIANPOINTLIST2D(((0.,0.),(2.2498931884765625,0.)),$);
#4100=IFCINDEXEDPOLYCURVE(#4099,$,$);
#4101=IFCSHAPEREPRESENTATION(#23,'Axis','Curve2D',(#4100));
#4102=IFCCARTESIANPOINT((13.002197265625,15.337150573730469,0.));
#4103=IFCDIRECTION((0.,0.,1.));
#4104=IFCDIRECTION((1.,0.,0.));
#4105=IFCAXIS2PLACEMENT3D(#4102,#4103,#4104);
#4106=IFCLOCALPLACEMENT(#62,#4105);
#4107=IFCRELCONNECTSPATHELEMENTS('2oTYL1fIXDKeBIAuVZ_kcQ',$,$,$,$,#2505,#2854,(),(),.ATPATH.,.ATEND.);
#4108=IFCCARTESIANPOINTLIST2D(((0.,0.),(0.,0.25),(4.7500000486768865,0.25),(4.7500000000000906,0.)),$);
#4109=IFCINDEXEDPOLYCURVE(#4108,(IFCLINEINDEX((1,2,3,4,1))),$);
#4110=IFCARBITRARYCLOSEDPROFILEDEF(.AREA.,$,#4109);
#4111=IFCCARTESIANPOINT((0.,0.,0.));
#4112=IFCDIRECTION((0.,0.,1.));
#4113=IFCDIRECTION((1.,0.,0.));
#4114=IFCAXIS2PLACEMENT3D(#4111,#4112,#4113);
#4115=IFCDIRECTION((0.,0.,1.));
#4116=IFCEXTRUDEDAREASOLID(#4110,#4114,#4115,3.);
#4117=IFCSHAPEREPRESENTATION(#11,'Body','SweptSolid',(#4116));
#4118=IFCCARTESIANPOINTLIST2D(((0.,0.),(5.000000000000095,0.)),$);
#4119=IFCINDEXEDPOLYCURVE(#4118,$,$);
#4120=IFCSHAPEREPRESENTATION(#23,'Axis','Curve2D',(#4119));
#4134=IFCRELCONNECTSPATHELEMENTS('33HjR9QP9Aqx2RXGsLR6NJ',$,$,$,$,#2061,#1856,(),(),.ATPATH.,.ATSTART.);
#4135=IFCCARTESIANPOINTLIST2D(((0.,0.),(7.8479118315044616E-08,0.25),(1.5494512319564828,0.25),(1.5494512319564828,0.)),$);
#4136=IFCINDEXEDPOLYCURVE(#4135,(IFCLINEINDEX((1,2,3,4,1))),$);
#4137=IFCARBITRARYCLOSEDPROFILEDEF(.AREA.,$,#4136);
#4138=IFCCARTESIANPOINT((0.,0.,0.));
#4139=IFCDIRECTION((0.,0.,1.));
#4140=IFCDIRECTION((1.,0.,0.));
#4141=IFCAXIS2PLACEMENT3D(#4138,#4139,#4140);
#4142=IFCDIRECTION((0.,0.,1.));
#4143=IFCEXTRUDEDAREASOLID(#4137,#4141,#4142,3.);
#4144=IFCSHAPEREPRESENTATION(#11,'Body','SweptSolid',(#4143));
#4145=IFCCARTESIANPOINTLIST2D(((0.,0.),(1.5494512319564828,0.)),$);
#4146=IFCINDEXEDPOLYCURVE(#4145,$,$);
#4147=IFCSHAPEREPRESENTATION(#23,'Axis','Curve2D',(#4146));
#4148=IFCCARTESIANPOINT((7.0023250548591305,11.837152481079102,0.));
#4149=IFCDIRECTION((0.,0.,1.));
#4150=IFCDIRECTION((3.1391647326016301E-07,-0.99999999999995071,0.));
#4151=IFCAXIS2PLACEMENT3D(#4148,#4149,#4150);
#4152=IFCLOCALPLACEMENT(#62,#4151);
#4153=IFCCARTESIANPOINTLIST2D(((0.,0.),(0.,0.25),(4.3166294097900391,0.25),(4.3166294097900391,0.)),$);
#4154=IFCINDEXEDPOLYCURVE(#4153,(IFCLINEINDEX((1,2,3,4,1))),$);
#4155=IFCARBITRARYCLOSEDPROFILEDEF(.AREA.,$,#4154);
#4156=IFCCARTESIANPOINT((0.,0.,0.));
#4157=IFCDIRECTION((0.,0.,1.));
#4158=IFCDIRECTION((1.,0.,0.));
#4159=IFCAXIS2PLACEMENT3D(#4156,#4157,#4158);
#4160=IFCDIRECTION((0.,0.,1.));
#4161=IFCEXTRUDEDAREASOLID(#4155,#4159,#4160,3.);
#4162=IFCSHAPEREPRESENTATION(#11,'Body','SweptSolid',(#4161));
#4163=IFCCARTESIANPOINTLIST2D(((0.,0.),(4.3166294097900391,0.)),$);
#4164=IFCINDEXEDPOLYCURVE(#4163,$,$);
#4165=IFCSHAPEREPRESENTATION(#23,'Axis','Curve2D',(#4164));
#4166=IFCRELCONNECTSPATHELEMENTS('0uoWbc8vXCZQ5jHUlj$7MM',$,$,$,$,#2138,#2288,(),(),.ATPATH.,.ATEND.);
#4167=IFCCARTESIANPOINTLIST2D(((0.,0.),(0.,0.25),(1.7499992373411286,0.25),(1.7499993158202469,0.)),$);
#4168=IFCINDEXEDPOLYCURVE(#4167,(IFCLINEINDEX((1,2,3,4,1))),$);
#4169=IFCARBITRARYCLOSEDPROFILEDEF(.AREA.,$,#4168);
#4170=IFCCARTESIANPOINT((0.,0.,0.));
#4171=IFCDIRECTION((0.,0.,1.));
#4172=IFCDIRECTION((1.,0.,0.));
#4173=IFCAXIS2PLACEMENT3D(#4170,#4171,#4172);
#4174=IFCDIRECTION((0.,0.,1.));
#4175=IFCEXTRUDEDAREASOLID(#4169,#4173,#4174,3.);
#4176=IFCSHAPEREPRESENTATION(#11,'Body','SweptSolid',(#4175));
#4177=IFCCARTESIANPOINTLIST2D(((0.,0.),(1.7499993158202469,0.)),$);
#4178=IFCINDEXEDPOLYCURVE(#4177,$,$);
#4179=IFCSHAPEREPRESENTATION(#23,'Axis','Curve2D',(#4178));
#4180=IFCCARTESIANPOINTLIST2D(((0.,0.),(0.,0.25),(2.4499738961458508,0.25),(2.4499738961458508,0.)),$);
#4181=IFCINDEXEDPOLYCURVE(#4180,(IFCLINEINDEX((1,2,3,4,1))),$);
#4182=IFCARBITRARYCLOSEDPROFILEDEF(.AREA.,$,#4181);
#4183=IFCCARTESIANPOINT((0.,0.,0.));
#4184=IFCDIRECTION((0.,0.,1.));
#4185=IFCDIRECTION((1.,0.,0.));
#4186=IFCAXIS2PLACEMENT3D(#4183,#4184,#4185);
#4187=IFCDIRECTION((0.,0.,1.));
#4188=IFCEXTRUDEDAREASOLID(#4182,#4186,#4187,3.);
#4189=IFCSHAPEREPRESENTATION(#11,'Body','SweptSolid',(#4188));
#4190=IFCCARTESIANPOINTLIST2D(((0.,0.),(2.4499738961458508,0.)),$);
#4191=IFCINDEXEDPOLYCURVE(#4190,$,$);
#4192=IFCSHAPEREPRESENTATION(#23,'Axis','Curve2D',(#4191));
#4193=IFCRELCONNECTSPATHELEMENTS('2d1CXUrurC2QVl8WX3I3Ub',$,$,$,$,#2535,#2854,(),(),.ATPATH.,.ATEND.);
#4194=IFCCARTESIANPOINTLIST2D(((0.,0.),(0.,0.25),(5.0000000486768927,0.25),(5.0000000000000968,0.)),$);
#4195=IFCINDEXEDPOLYCURVE(#4194,(IFCLINEINDEX((1,2,3,4,1))),$);
#4196=IFCARBITRARYCLOSEDPROFILEDEF(.AREA.,$,#4195);
#4197=IFCCARTESIANPOINT((0.,0.,0.));
#4198=IFCDIRECTION((0.,0.,1.));
#4199=IFCDIRECTION((1.,0.,0.));
#4200=IFCAXIS2PLACEMENT3D(#4197,#4198,#4199);
#4201=IFCDIRECTION((0.,0.,1.));
#4202=IFCEXTRUDEDAREASOLID(#4196,#4200,#4201,3.);
#4203=IFCSHAPEREPRESENTATION(#11,'Body','SweptSolid',(#4202));
#4204=IFCCARTESIANPOINTLIST2D(((0.,0.),(5.2500000000001013,0.)),$);
#4205=IFCINDEXEDPOLYCURVE(#4204,$,$);
#4206=IFCSHAPEREPRESENTATION(#23,'Axis','Curve2D',(#4205));
#4223=IFCCARTESIANPOINTLIST2D(((0.,0.),(0.,0.25),(3.9996261596679688,0.25),(3.9996261596679688,0.)),$);
#4224=IFCINDEXEDPOLYCURVE(#4223,(IFCLINEINDEX((1,2,3,4,1))),$);
#4225=IFCARBITRARYCLOSEDPROFILEDEF(.AREA.,$,#4224);
#4226=IFCCARTESIANPOINT((0.,0.,0.));
#4227=IFCDIRECTION((0.,0.,1.));
#4228=IFCDIRECTION((1.,0.,0.));
#4229=IFCAXIS2PLACEMENT3D(#4226,#4227,#4228);
#4230=IFCDIRECTION((0.,0.,1.));
#4231=IFCEXTRUDEDAREASOLID(#4225,#4229,#4230,3.);
#4232=IFCSHAPEREPRESENTATION(#11,'Body','SweptSolid',(#4231));
#4233=IFCCARTESIANPOINTLIST2D(((0.,0.),(3.9996261596679688,0.)),$);
#4234=IFCINDEXEDPOLYCURVE(#4233,$,$);
#4235=IFCSHAPEREPRESENTATION(#23,'Axis','Curve2D',(#4234));
#4337=IFCDOORTYPE('1iy6BUL4bCj8KCbqVXkV3_',$,'1m Door LS',$,$,(#4338),(#4347,#4425,#4444),$,$,.DOOR.,.SINGLE_SWING_LEFT.,$,$);
#4338=IFCPROPERTYSET('0WAg13jJ58iB1jYEX$32dh',$,'BBIM_Door',$,(#4339));
#4339=IFCPROPERTYSINGLEVALUE('Data',$,IFCTEXT('{"door_type": "SINGLE_SWING_LEFT", "overall_height": 2.0999999046325684, "overall_width": 1.0, "lining_properties": {"lining_depth": 0.05000000074505806, "lining_thickness": 0.05000000074505806, "lining_offset": 0.0, "lining_to_panel_offset_x": 0.02500000037252903, "lining_to_panel_offset_y": 0.02500000037252903, "transom_thickness": 0.0, "casing_thickness": 0.07500000298023224, "casing_depth": 0.004999999888241291, "threshold_thickness": 0.02500000037252903, "threshold_depth": 0.10000000149011612, "threshold_offset": 0.0}, "panel_properties": {"panel_depth": 0.03500000014901161, "panel_width_ratio": 1.0}}'),$);
#4343=IFCCARTESIANPOINT((0.,0.,0.));
#4344=IFCDIRECTION((1.,0.,0.));
#4345=IFCDIRECTION((0.,0.,1.));
#4346=IFCAXIS2PLACEMENT3D(#4343,#4345,#4344);
#4347=IFCREPRESENTATIONMAP(#4346,#6480);
#4421=IFCCARTESIANPOINT((0.,0.,0.));
#4422=IFCDIRECTION((1.,0.,0.));
#4423=IFCDIRECTION((0.,0.,1.));
#4424=IFCAXIS2PLACEMENT3D(#4421,#4423,#4422);
#4425=IFCREPRESENTATIONMAP(#4424,#6553);
#4440=IFCCARTESIANPOINT((0.,0.,0.));
#4441=IFCDIRECTION((1.,0.,0.));
#4442=IFCDIRECTION((0.,0.,1.));
#4443=IFCAXIS2PLACEMENT3D(#4440,#4442,#4441);
#4444=IFCREPRESENTATIONMAP(#4443,#6571);
#4448=IFCCARTESIANPOINTLIST2D(((0.,0.),(0.,2.),(1.,2.),(1.,0.),(0.97499999962747097,0.),(0.97499999962747097,1.974999999627471),(0.02500000037252903,1.974999999627471),(0.02500000037252903,0.)),$);
#4449=IFCINDEXEDPOLYCURVE(#4448,(IFCLINEINDEX((1,2,3,4,5,6,7,8,1))),$);
#4450=IFCARBITRARYCLOSEDPROFILEDEF(.AREA.,$,#4449);
#4451=IFCCARTESIANPOINT((0.,0.02500000037252903,0.));
#4452=IFCDIRECTION((0.,-1.,0.));
#4453=IFCDIRECTION((1.,0.,0.));
#4454=IFCAXIS2PLACEMENT3D(#4451,#4452,#4453);
#4455=IFCDIRECTION((0.,0.,-1.));
#4456=IFCEXTRUDEDAREASOLID(#4450,#4454,#4455,0.02500000037252903);
#4457=IFCCARTESIANPOINTLIST2D(((0.,0.),(0.,2.),(1.,2.),(1.,0.),(0.94999999925494194,0.),(0.94999999925494194,1.9499999992549419),(0.05000000074505806,1.9499999992549419),(0.05000000074505806,0.)),$);
#4458=IFCINDEXEDPOLYCURVE(#4457,(IFCLINEINDEX((1,2,3,4,5,6,7,8,1))),$);
#4459=IFCARBITRARYCLOSEDPROFILEDEF(.AREA.,$,#4458);
#4460=IFCCARTESIANPOINT((0.,0.,0.));
#4461=IFCDIRECTION((0.,-1.,0.));
#4462=IFCDIRECTION((1.,0.,0.));
#4463=IFCAXIS2PLACEMENT3D(#4460,#4461,#4462);
#4464=IFCDIRECTION((0.,0.,-1.));
#4465=IFCEXTRUDEDAREASOLID(#4459,#4463,#4464,0.02500000037252903);
#4466=IFCCARTESIANPOINTLIST2D(((0.,0.),(0.89999999850988388,0.),(0.89999999850988388,0.10000000149011612),(0.,0.10000000149011612)),$);
#4467=IFCINDEXEDPOLYCURVE(#4466,(IFCLINEINDEX((1,2,3,4,1))),$);
#4468=IFCARBITRARYCLOSEDPROFILEDEF(.AREA.,$,#4467);
#4469=IFCCARTESIANPOINT((0.05000000074505806,0.,0.));
#4470=IFCDIRECTION((0.,0.,1.));
#4471=IFCDIRECTION((1.,0.,0.));
#4472=IFCAXIS2PLACEMENT3D(#4469,#4470,#4471);
#4473=IFCDIRECTION((0.,0.,1.));
#4474=IFCEXTRUDEDAREASOLID(#4468,#4472,#4473,0.02500000037252903);
#4475=IFCCARTESIANPOINTLIST2D(((0.,0.),(0.,2.0250000022351742),(1.0500000044703484,2.0250000022351742),(1.0500000044703484,0.),(0.97500000149011612,0.),(0.97500000149011612,1.9499999992549419),(0.075000002980232239,1.9499999992549419),(0.075000002980232239,0.)),$);
#4476=IFCINDEXEDPOLYCURVE(#4475,(IFCLINEINDEX((1,2,3,4,5,6,7,8,1))),$);
#4477=IFCARBITRARYCLOSEDPROFILEDEF(.AREA.,$,#4476);
#4478=IFCCARTESIANPOINT((-0.025000002235174179,-0.004999999888241291,0.));
#4479=IFCDIRECTION((0.,-1.,0.));
#4480=IFCDIRECTION((1.,0.,0.));
#4481=IFCAXIS2PLACEMENT3D(#4478,#4479,#4480);
#4482=IFCDIRECTION((0.,0.,-1.));
#4483=IFCEXTRUDEDAREASOLID(#4477,#4481,#4482,0.004999999888241291);
#4484=IFCCARTESIANPOINTLIST2D(((0.,0.),(0.,2.0250000022351742),(1.0500000044703484,2.0250000022351742),(1.0500000044703484,0.),(1.0000000018626451,0.),(1.0000000018626451,1.974999999627471),(0.050000002607703209,1.974999999627471),(0.050000002607703209,0.)),$);
#4485=IFCINDEXEDPOLYCURVE(#4484,(IFCLINEINDEX((1,2,3,4,5,6,7,8,1))),$);
#4486=IFCARBITRARYCLOSEDPROFILEDEF(.AREA.,$,#4485);
#4487=IFCCARTESIANPOINT((-0.025000002235174179,0.05000000074505806,0.));
#4488=IFCDIRECTION((0.,-1.,0.));
#4489=IFCDIRECTION((1.,0.,0.));
#4490=IFCAXIS2PLACEMENT3D(#4487,#4488,#4489);
#4491=IFCDIRECTION((0.,0.,-1.));
#4492=IFCEXTRUDEDAREASOLID(#4486,#4490,#4491,0.004999999888241291);
#4493=IFCCARTESIANPOINTLIST2D(((0.,0.),(0.94999999925494194,0.),(0.94999999925494194,0.035000000149011612),(0.,0.035000000149011612)),$);
#4494=IFCINDEXEDPOLYCURVE(#4493,(IFCLINEINDEX((1,2,3,4,1))),$);
#4495=IFCARBITRARYCLOSEDPROFILEDEF(.AREA.,$,#4494);
#4496=IFCCARTESIANPOINT((0.02500000037252903,0.02500000037252903,0.02500000037252903));
#4497=IFCDIRECTION((0.,0.,1.));
#4498=IFCDIRECTION((1.,0.,0.));
#4499=IFCAXIS2PLACEMENT3D(#4496,#4497,#4498);
#4500=IFCDIRECTION((0.,0.,1.));
#4501=IFCEXTRUDEDAREASOLID(#4495,#4499,#4500,1.9499999992549419);
#4502=IFCCARTESIANPOINTLIST2D(((0.,0.),(0.,-0.040000000000000001),(-0.11999999999999988,-0.040000000000000001),(-0.11999999999999988,-0.02),(-0.020000000000000018,-0.02),(-0.020000000000000018,0.)),$);
#4503=IFCINDEXEDPOLYCURVE(#4502,(IFCLINEINDEX((1,2,3,4,5,6,1))),$);
#4504=IFCARBITRARYCLOSEDPROFILEDEF(.AREA.,$,#4503);
#4505=IFCCARTESIANPOINT((0.92499999962747093,0.02500000037252903,1.015000000372529));
#4506=IFCDIRECTION((0.,0.,1.));
#4507=IFCDIRECTION((1.,0.,0.));
#4508=IFCAXIS2PLACEMENT3D(#4505,#4506,#4507);
#4509=IFCDIRECTION((0.,0.,1.));
#4510=IFCEXTRUDEDAREASOLID(#4504,#4508,#4509,0.02);
#4511=IFCEXTRUDEDAREASOLID(#4512,#4515,#4519,0.02);
#4512=IFCARBITRARYCLOSEDPROFILEDEF(.AREA.,$,#4513);
#4513=IFCINDEXEDPOLYCURVE(#4514,(IFCLINEINDEX((1,2,3,4,5,6,1))),$);
#4514=IFCCARTESIANPOINTLIST2D(((0.,0.),(0.,0.040000000000000008),(-0.11999999999999988,0.040000000000000008),(-0.11999999999999988,0.020000000000000004),(-0.020000000000000018,0.020000000000000004),(-0.020000000000000018,0.)),$);
#4515=IFCAXIS2PLACEMENT3D(#4516,#4517,#4518);
#4516=IFCCARTESIANPOINT((0.92499999962747093,0.060000000521540642,1.015000000372529));
#4517=IFCDIRECTION((0.,0.,1.));
#4518=IFCDIRECTION((1.,0.,0.));
#4519=IFCDIRECTION((0.,0.,1.));
#4521=IFCSHAPEREPRESENTATION(#11,'Body','SweptSolid',(#4568,#4465,#4483,#4456,#4559,#4474,#4577,#4550,#4492,#4586));
#4522=IFCSHAPEASPECT((#4521),'Lining',$,.T.,#4425);
#4523=IFCSHAPEREPRESENTATION(#11,'Body','SweptSolid',(#4511,#4604,#4501,#4605,#4595,#4510));
#4524=IFCSHAPEASPECT((#4523),'Framing',$,.T.,#4425);
#4542=IFCCARTESIANPOINTLIST2D(((0.,0.),(0.,2.0999999046325684),(1.,2.0999999046325684),(1.,0.),(0.97499999962747097,0.),(0.97499999962747097,2.0749999042600393),(0.02500000037252903,2.0749999042600393),(0.02500000037252903,0.)),$);
#4543=IFCINDEXEDPOLYCURVE(#4542,(IFCLINEINDEX((1,2,3,4,5,6,7,8,1))),$);
#4544=IFCARBITRARYCLOSEDPROFILEDEF(.AREA.,$,#4543);
#4545=IFCCARTESIANPOINT((0.,0.02500000037252903,0.));
#4546=IFCDIRECTION((0.,-1.,0.));
#4547=IFCDIRECTION((1.,0.,0.));
#4548=IFCAXIS2PLACEMENT3D(#4545,#4546,#4547);
#4549=IFCDIRECTION((0.,0.,-1.));
#4550=IFCEXTRUDEDAREASOLID(#4544,#4548,#4549,0.02500000037252903);
#4551=IFCCARTESIANPOINTLIST2D(((0.,0.),(0.,2.0999999046325684),(1.,2.0999999046325684),(1.,0.),(0.94999999925494194,0.),(0.94999999925494194,2.0499999038875103),(0.05000000074505806,2.0499999038875103),(0.05000000074505806,0.)),$);
#4552=IFCINDEXEDPOLYCURVE(#4551,(IFCLINEINDEX((1,2,3,4,5,6,7,8,1))),$);
#4553=IFCARBITRARYCLOSEDPROFILEDEF(.AREA.,$,#4552);
#4554=IFCCARTESIANPOINT((0.,0.,0.));
#4555=IFCDIRECTION((0.,-1.,0.));
#4556=IFCDIRECTION((1.,0.,0.));
#4557=IFCAXIS2PLACEMENT3D(#4554,#4555,#4556);
#4558=IFCDIRECTION((0.,0.,-1.));
#4559=IFCEXTRUDEDAREASOLID(#4553,#4557,#4558,0.02500000037252903);
#4560=IFCCARTESIANPOINTLIST2D(((0.,0.),(0.89999999850988388,0.),(0.89999999850988388,0.10000000149011612),(0.,0.10000000149011612)),$);
#4561=IFCINDEXEDPOLYCURVE(#4560,(IFCLINEINDEX((1,2,3,4,1))),$);
#4562=IFCARBITRARYCLOSEDPROFILEDEF(.AREA.,$,#4561);
#4563=IFCCARTESIANPOINT((0.05000000074505806,0.,0.));
#4564=IFCDIRECTION((0.,0.,1.));
#4565=IFCDIRECTION((1.,0.,0.));
#4566=IFCAXIS2PLACEMENT3D(#4563,#4564,#4565);
#4567=IFCDIRECTION((0.,0.,1.));
#4568=IFCEXTRUDEDAREASOLID(#4562,#4566,#4567,0.02500000037252903);
#4569=IFCCARTESIANPOINTLIST2D(((0.,0.),(0.,2.1249999068677425),(1.0500000044703484,2.1249999068677425),(1.0500000044703484,0.),(0.97500000149011612,0.),(0.97500000149011612,2.0499999038875103),(0.075000002980232239,2.0499999038875103),(0.075000002980232239,0.)),$);
#4570=IFCINDEXEDPOLYCURVE(#4569,(IFCLINEINDEX((1,2,3,4,5,6,7,8,1))),$);
#4571=IFCARBITRARYCLOSEDPROFILEDEF(.AREA.,$,#4570);
#4572=IFCCARTESIANPOINT((-0.025000002235174179,-0.004999999888241291,0.));
#4573=IFCDIRECTION((0.,-1.,0.));
#4574=IFCDIRECTION((1.,0.,0.));
#4575=IFCAXIS2PLACEMENT3D(#4572,#4573,#4574);
#4576=IFCDIRECTION((0.,0.,-1.));
#4577=IFCEXTRUDEDAREASOLID(#4571,#4575,#4576,0.004999999888241291);
#4578=IFCCARTESIANPOINTLIST2D(((0.,0.),(0.,2.1249999068677425),(1.0500000044703484,2.1249999068677425),(1.0500000044703484,0.),(1.0000000018626451,0.),(1.0000000018626451,2.0749999042600393),(0.050000002607703209,2.0749999042600393),(0.050000002607703209,0.)),$);
#4579=IFCINDEXEDPOLYCURVE(#4578,(IFCLINEINDEX((1,2,3,4,5,6,7,8,1))),$);
#4580=IFCARBITRARYCLOSEDPROFILEDEF(.AREA.,$,#4579);
#4581=IFCCARTESIANPOINT((-0.025000002235174179,0.05000000074505806,0.));
#4582=IFCDIRECTION((0.,-1.,0.));
#4583=IFCDIRECTION((1.,0.,0.));
#4584=IFCAXIS2PLACEMENT3D(#4581,#4582,#4583);
#4585=IFCDIRECTION((0.,0.,-1.));
#4586=IFCEXTRUDEDAREASOLID(#4580,#4584,#4585,0.004999999888241291);
#4587=IFCCARTESIANPOINTLIST2D(((0.,0.),(0.94999999925494194,0.),(0.94999999925494194,0.035000000149011612),(0.,0.035000000149011612)),$);
#4588=IFCINDEXEDPOLYCURVE(#4587,(IFCLINEINDEX((1,2,3,4,1))),$);
#4589=IFCARBITRARYCLOSEDPROFILEDEF(.AREA.,$,#4588);
#4590=IFCCARTESIANPOINT((0.02500000037252903,0.02500000037252903,0.02500000037252903));
#4591=IFCDIRECTION((0.,0.,1.));
#4592=IFCDIRECTION((1.,0.,0.));
#4593=IFCAXIS2PLACEMENT3D(#4590,#4591,#4592);
#4594=IFCDIRECTION((0.,0.,1.));
#4595=IFCEXTRUDEDAREASOLID(#4589,#4593,#4594,2.0499999038875103);
#4596=IFCCARTESIANPOINTLIST2D(((0.,0.),(0.,-0.040000000000000001),(-0.11999999999999988,-0.040000000000000001),(-0.11999999999999988,-0.02),(-0.020000000000000018,-0.02),(-0.020000000000000018,0.)),$);
#4597=IFCINDEXEDPOLYCURVE(#4596,(IFCLINEINDEX((1,2,3,4,5,6,1))),$);
#4598=IFCARBITRARYCLOSEDPROFILEDEF(.AREA.,$,#4597);
#4599=IFCCARTESIANPOINT((0.92499999962747093,0.02500000037252903,1.015000000372529));
#4600=IFCDIRECTION((0.,0.,1.));
#4601=IFCDIRECTION((1.,0.,0.));
#4602=IFCAXIS2PLACEMENT3D(#4599,#4600,#4601);
#4603=IFCDIRECTION((0.,0.,1.));
#4604=IFCEXTRUDEDAREASOLID(#4598,#4602,#4603,0.02);
#4605=IFCEXTRUDEDAREASOLID(#4606,#4609,#4613,0.02);
#4606=IFCARBITRARYCLOSEDPROFILEDEF(.AREA.,$,#4607);
#4607=IFCINDEXEDPOLYCURVE(#4608,(IFCLINEINDEX((1,2,3,4,5,6,1))),$);
#4608=IFCCARTESIANPOINTLIST2D(((0.,0.),(0.,0.040000000000000008),(-0.11999999999999988,0.040000000000000008),(-0.11999999999999988,0.020000000000000004),(-0.020000000000000018,0.020000000000000004),(-0.020000000000000018,0.)),$);
#4609=IFCAXIS2PLACEMENT3D(#4610,#4611,#4612);
#4610=IFCCARTESIANPOINT((0.92499999962747093,0.060000000521540642,1.015000000372529));
#4611=IFCDIRECTION((0.,0.,1.));
#4612=IFCDIRECTION((1.,0.,0.));
#4613=IFCDIRECTION((0.,0.,1.));
#4683=IFCCARTESIANPOINT((4.5686238596834006,0.25000053328638749,0.));
#4684=IFCDIRECTION((0.,0.,1.));
#4685=IFCDIRECTION((-0.99999999999999623,-8.7422783678901786E-08,0.));
#4686=IFCAXIS2PLACEMENT3D(#4683,#4684,#4685);
#4687=IFCLOCALPLACEMENT(#2728,#4686);
#5544=IFCWINDOWTYPE('01MKX0lYjFouIvnOKqK4B9',$,'90cm Window',$,$,(#5545),(#5554,#5602,#5624),$,$,.WINDOW.,.SINGLE_PANEL.,$,$);
#5545=IFCPROPERTYSET('2oL9BSScD86P9hWXNhT2yO',$,'BBIM_Window',$,(#5546));
#5546=IFCPROPERTYSINGLEVALUE('Data',$,IFCTEXT('{"window_type": "SINGLE_PANEL", "overall_height": 1.2999999523162842, "overall_width": 1.5, "lining_properties": {"lining_depth": 0.05000000074505806, "lining_thickness": 0.05000000074505806, "lining_offset": 0.05000000074505806, "lining_to_panel_offset_x": 0.02500000037252903, "lining_to_panel_offset_y": 0.02500000037252903}, "panel_properties": {"frame_depth": [0.03500000014901161, 0.03500000014901161, 0.03500000014901161], "frame_thickness": [0.03500000014901161, 0.03500000014901161, 0.03500000014901161]}}'),$);
#5550=IFCCARTESIANPOINT((0.,0.,0.));
#5551=IFCDIRECTION((1.,0.,0.));
#5552=IFCDIRECTION((0.,0.,1.));
#5553=IFCAXIS2PLACEMENT3D(#5550,#5552,#5551);
#5554=IFCREPRESENTATIONMAP(#5553,#8469);
#5598=IFCCARTESIANPOINT((0.,0.,0.));
#5599=IFCDIRECTION((1.,0.,0.));
#5600=IFCDIRECTION((0.,0.,1.));
#5601=IFCAXIS2PLACEMENT3D(#5598,#5600,#5599);
#5602=IFCREPRESENTATIONMAP(#5601,#8512);
#5620=IFCCARTESIANPOINT((0.,0.,0.));
#5621=IFCDIRECTION((1.,0.,0.));
#5622=IFCDIRECTION((0.,0.,1.));
#5623=IFCAXIS2PLACEMENT3D(#5620,#5622,#5621);
#5624=IFCREPRESENTATIONMAP(#5623,#8529);
#5628=IFCCARTESIANPOINTLIST2D(((0.,0.),(1.,0.),(1.,1.),(0.,1.)),$);
#5629=IFCINDEXEDPOLYCURVE(#5628,(IFCLINEINDEX((1,2,3,4,1))),$);
#5630=IFCCARTESIANPOINTLIST2D(((0.02500000037252903,0.02500000037252903),(0.97499999962747097,0.02500000037252903),(0.97499999962747097,0.97499999962747097),(0.02500000037252903,0.97499999962747097)),$);
#5631=IFCINDEXEDPOLYCURVE(#5630,(IFCLINEINDEX((1,2,3,4,1))),$);
#5632=IFCARBITRARYPROFILEDEFWITHVOIDS(.AREA.,$,#5629,(#5631));
#5633=IFCCARTESIANPOINT((0.,0.090000001713633537,0.));
#5634=IFCDIRECTION((0.,-1.,0.));
#5635=IFCDIRECTION((1.,0.,0.));
#5636=IFCAXIS2PLACEMENT3D(#5633,#5634,#5635);
#5637=IFCDIRECTION((0.,0.,-1.));
#5638=IFCEXTRUDEDAREASOLID(#5632,#5636,#5637,0.0099999997764825821);
#5639=IFCCARTESIANPOINTLIST2D(((0.,0.),(1.,0.),(1.,1.),(0.,1.)),$);
#5640=IFCINDEXEDPOLYCURVE(#5639,(IFCLINEINDEX((1,2,3,4,1))),$);
#5641=IFCCARTESIANPOINTLIST2D(((0.05000000074505806,0.05000000074505806),(0.94999999925494194,0.05000000074505806),(0.94999999925494194,0.94999999925494194),(0.05000000074505806,0.94999999925494194)),$);
#5642=IFCINDEXEDPOLYCURVE(#5641,(IFCLINEINDEX((1,2,3,4,1))),$);
#5643=IFCARBITRARYPROFILEDEFWITHVOIDS(.AREA.,$,#5640,(#5642));
#5644=IFCCARTESIANPOINT((0.,0.05000000074505806,0.));
#5645=IFCDIRECTION((0.,-1.,0.));
#5646=IFCDIRECTION((1.,0.,0.));
#5647=IFCAXIS2PLACEMENT3D(#5644,#5645,#5646);
#5648=IFCDIRECTION((0.,0.,-1.));
#5649=IFCEXTRUDEDAREASOLID(#5643,#5647,#5648,0.040000000968575478);
#5650=IFCCARTESIANPOINTLIST2D(((0.,0.),(0.94999999925494194,0.),(0.94999999925494194,0.94999999925494194),(0.,0.94999999925494194)),$);
#5651=IFCINDEXEDPOLYCURVE(#5650,(IFCLINEINDEX((1,2,3,4,1))),$);
#5652=IFCCARTESIANPOINTLIST2D(((0.035000000149011612,0.035000000149011612),(0.91499999910593033,0.035000000149011612),(0.91499999910593033,0.91499999910593033),(0.035000000149011612,0.91499999910593033)),$);
#5653=IFCINDEXEDPOLYCURVE(#5652,(IFCLINEINDEX((1,2,3,4,1))),$);
#5654=IFCARBITRARYPROFILEDEFWITHVOIDS(.AREA.,$,#5651,(#5653));
#5655=IFCCARTESIANPOINT((0.02500000037252903,0.090000001713633537,0.02500000037252903));
#5656=IFCDIRECTION((0.,-1.,0.));
#5657=IFCDIRECTION((1.,0.,0.));
#5658=IFCAXIS2PLACEMENT3D(#5655,#5656,#5657);
#5659=IFCDIRECTION((0.,0.,-1.));
#5660=IFCEXTRUDEDAREASOLID(#5654,#5658,#5659,0.035000000149011612);
#5661=IFCINDEXEDPOLYCURVE(#5662,(IFCLINEINDEX((1,2,3,4,1))),$);
#5662=IFCCARTESIANPOINTLIST2D(((0.035000000149011612,0.035000000149011612),(0.91499999910593033,0.035000000149011612),(0.91499999910593033,0.91499999910593033),(0.035000000149011612,0.91499999910593033)),$);
#5663=IFCARBITRARYCLOSEDPROFILEDEF(.AREA.,$,#5661);
#5664=IFCCARTESIANPOINT((0.02500000037252903,0.10250000178813934,0.02500000037252903));
#5665=IFCDIRECTION((0.,-1.,0.));
#5666=IFCDIRECTION((1.,0.,0.));
#5667=IFCAXIS2PLACEMENT3D(#5664,#5665,#5666);
#5668=IFCDIRECTION((0.,0.,-1.));
#5669=IFCEXTRUDEDAREASOLID(#5663,#5667,#5668,0.01);
#5671=IFCSHAPEREPRESENTATION(#11,'Body','SweptSolid',(#5638,#5649));
#5672=IFCSHAPEASPECT((#5671),'Lining',$,.T.,#5602);
#5673=IFCSHAPEREPRESENTATION(#11,'Body','SweptSolid',(#5660));
#5674=IFCSHAPEASPECT((#5673),'Framing',$,.T.,#5602);
#5675=IFCSHAPEREPRESENTATION(#11,'Body','SweptSolid',(#5669));
#5676=IFCSHAPEASPECT((#5675),'Glazing',$,.T.,#5602);
#5694=IFCWINDOW('3BC4n_SzX6qeaGPmVXIAfx',$,'Window',$,$,#8554,#5703,$,1.2999999523162842,1.5,$,.SINGLE_PANEL.,$);
#5695=IFCRELDEFINESBYTYPE('0_Bsmwq916yQLQcgu$sGyt',$,$,$,(#5694,#11912,#13689),#5544);
#5696=IFCCARTESIANPOINT((0.,0.,0.));
#5697=IFCDIRECTION((1.,0.,0.));
#5698=IFCDIRECTION((0.,1.,0.));
#5699=IFCDIRECTION((0.,0.,1.));
#5700=IFCCARTESIANTRANSFORMATIONOPERATOR3D(#5697,#5698,#5696,1.,#5699);
#5701=IFCMAPPEDITEM(#5554,#5700);
#5702=IFCSHAPEREPRESENTATION(#18,'Profile','MappedRepresentation',(#5701));
#5703=IFCPRODUCTDEFINITIONSHAPE($,$,(#5702,#5710,#5717));
#5704=IFCCARTESIANPOINT((0.,0.,0.));
#5705=IFCDIRECTION((1.,0.,0.));
#5706=IFCDIRECTION((0.,1.,0.));
#5707=IFCDIRECTION((0.,0.,1.));
#5708=IFCCARTESIANTRANSFORMATIONOPERATOR3D(#5705,#5706,#5704,1.,#5707);
#5709=IFCMAPPEDITEM(#5602,#5708);
#5710=IFCSHAPEREPRESENTATION(#11,'Body','MappedRepresentation',(#5709));
#5711=IFCCARTESIANPOINT((0.,0.,0.));
#5712=IFCDIRECTION((1.,0.,0.));
#5713=IFCDIRECTION((0.,1.,0.));
#5714=IFCDIRECTION((0.,0.,1.));
#5715=IFCCARTESIANTRANSFORMATIONOPERATOR3D(#5712,#5713,#5711,1.,#5714);
#5716=IFCMAPPEDITEM(#5624,#5715);
#5717=IFCSHAPEREPRESENTATION(#24,'Body','MappedRepresentation',(#5716));
#5718=IFCOPENINGELEMENT('2BtI77_5HAH9o7tcb5lsCx',$,'Opening',$,$,#8549,#5746,$,.OPENING.);
#5734=IFCCARTESIANPOINT((0.,0.,0.));
#5735=IFCDIRECTION((1.,0.,0.));
#5736=IFCDIRECTION((0.,0.,1.));
#5737=IFCAXIS2PLACEMENT3D(#5734,#5736,#5735);
#5738=IFCREPRESENTATIONMAP(#5737,#8539);
#5739=IFCCARTESIANPOINT((0.,0.,0.));
#5740=IFCDIRECTION((1.,0.,0.));
#5741=IFCDIRECTION((0.,1.,0.));
#5742=IFCDIRECTION((0.,0.,1.));
#5743=IFCCARTESIANTRANSFORMATIONOPERATOR3D(#5740,#5741,#5739,1.,#5742);
#5744=IFCMAPPEDITEM(#5738,#5743);
#5745=IFCSHAPEREPRESENTATION(#11,'Body','MappedRepresentation',(#5744));
#5746=IFCPRODUCTDEFINITIONSHAPE($,$,(#5745));
#5747=IFCRELVOIDSELEMENT('35NC8gbUP6beNqdvVoh5MU',$,$,$,#2061,#5718);
#5753=IFCRELFILLSELEMENT('26F_najUH24O193NMFk4Ja',$,$,$,#5718,#5694);
#5869=IFCCARTESIANPOINTLIST2D(((0.,0.),(1.1003198623657227,0.),(1.1003198623657227,1.),(0.,1.)),$);
#5870=IFCINDEXEDPOLYCURVE(#5869,(IFCLINEINDEX((1,2,3,4,1))),$);
#5871=IFCCARTESIANPOINTLIST2D(((0.02500000037252903,0.02500000037252903),(1.0753198619931936,0.02500000037252903),(1.0753198619931936,0.97499999962747097),(0.02500000037252903,0.97499999962747097)),$);
#5872=IFCINDEXEDPOLYCURVE(#5871,(IFCLINEINDEX((1,2,3,4,1))),$);
#5873=IFCARBITRARYPROFILEDEFWITHVOIDS(.AREA.,$,#5870,(#5872));
#5874=IFCCARTESIANPOINT((0.,0.090000001713633537,0.));
#5875=IFCDIRECTION((0.,-1.,0.));
#5876=IFCDIRECTION((1.,0.,0.));
#5877=IFCAXIS2PLACEMENT3D(#5874,#5875,#5876);
#5878=IFCDIRECTION((0.,0.,-1.));
#5879=IFCEXTRUDEDAREASOLID(#5873,#5877,#5878,0.0099999997764825821);
#5880=IFCCARTESIANPOINTLIST2D(((0.,0.),(1.1003198623657227,0.),(1.1003198623657227,1.),(0.,1.)),$);
#5881=IFCINDEXEDPOLYCURVE(#5880,(IFCLINEINDEX((1,2,3,4,1))),$);
#5882=IFCCARTESIANPOINTLIST2D(((0.05000000074505806,0.05000000074505806),(1.0503198616206646,0.05000000074505806),(1.0503198616206646,0.94999999925494194),(0.05000000074505806,0.94999999925494194)),$);
#5883=IFCINDEXEDPOLYCURVE(#5882,(IFCLINEINDEX((1,2,3,4,1))),$);
#5884=IFCARBITRARYPROFILEDEFWITHVOIDS(.AREA.,$,#5881,(#5883));
#5885=IFCCARTESIANPOINT((0.,0.05000000074505806,0.));
#5886=IFCDIRECTION((0.,-1.,0.));
#5887=IFCDIRECTION((1.,0.,0.));
#5888=IFCAXIS2PLACEMENT3D(#5885,#5886,#5887);
#5889=IFCDIRECTION((0.,0.,-1.));
#5890=IFCEXTRUDEDAREASOLID(#5884,#5888,#5889,0.040000000968575478);
#5891=IFCCARTESIANPOINTLIST2D(((0.,0.),(1.0503198616206646,0.),(1.0503198616206646,0.94999999925494194),(0.,0.94999999925494194)),$);
#5892=IFCINDEXEDPOLYCURVE(#5891,(IFCLINEINDEX((1,2,3,4,1))),$);
#5893=IFCCARTESIANPOINTLIST2D(((0.035000000149011612,0.035000000149011612),(1.015319861471653,0.035000000149011612),(1.015319861471653,0.91499999910593033),(0.035000000149011612,0.91499999910593033)),$);
#5894=IFCINDEXEDPOLYCURVE(#5893,(IFCLINEINDEX((1,2,3,4,1))),$);
#5895=IFCARBITRARYPROFILEDEFWITHVOIDS(.AREA.,$,#5892,(#5894));
#5896=IFCCARTESIANPOINT((0.02500000037252903,0.090000001713633537,0.02500000037252903));
#5897=IFCDIRECTION((0.,-1.,0.));
#5898=IFCDIRECTION((1.,0.,0.));
#5899=IFCAXIS2PLACEMENT3D(#5896,#5897,#5898);
#5900=IFCDIRECTION((0.,0.,-1.));
#5901=IFCEXTRUDEDAREASOLID(#5895,#5899,#5900,0.035000000149011612);
#5902=IFCINDEXEDPOLYCURVE(#5903,(IFCLINEINDEX((1,2,3,4,1))),$);
#5903=IFCCARTESIANPOINTLIST2D(((0.035000000149011612,0.035000000149011612),(1.015319861471653,0.035000000149011612),(1.015319861471653,0.91499999910593033),(0.035000000149011612,0.91499999910593033)),$);
#5904=IFCARBITRARYCLOSEDPROFILEDEF(.AREA.,$,#5902);
#5905=IFCCARTESIANPOINT((0.02500000037252903,0.10250000178813934,0.02500000037252903));
#5906=IFCDIRECTION((0.,-1.,0.));
#5907=IFCDIRECTION((1.,0.,0.));
#5908=IFCAXIS2PLACEMENT3D(#5905,#5906,#5907);
#5909=IFCDIRECTION((0.,0.,-1.));
#5910=IFCEXTRUDEDAREASOLID(#5904,#5908,#5909,0.01);
#5912=IFCSHAPEREPRESENTATION(#11,'Body','SweptSolid',(#8304,#8480,#8392,#8403,#8491,#8315,#5879,#5890));
#5913=IFCSHAPEASPECT((#5912),'Lining',$,.T.,#5703);
#5914=IFCSHAPEREPRESENTATION(#11,'Body','SweptSolid',(#5901,#8502,#8326,#8414));
#5915=IFCSHAPEASPECT((#5914),'Framing',$,.T.,#5703);
#5916=IFCSHAPEREPRESENTATION(#11,'Body','SweptSolid',(#8423,#5910,#8511,#8335));
#5917=IFCSHAPEASPECT((#5916),'Glazing',$,.T.,#5703);
#6364=IFCDOOR('1v_G_C3Er1AwlWJo76RaWX',$,'Door',$,$,#9503,#7318,$,2.0999999046325684,1.,$,.SINGLE_SWING_RIGHT.,$);
#6365=IFCRELDEFINESBYTYPE('0jmPzma3X2PhjGZ9MmVVd0',$,$,$,(#7459,#7780,#6429,#6364),#4337);
#6388=IFCOPENINGELEMENT('0DYLLC4Xv00v1H258SVhtZ',$,'Opening',$,$,#9498,#7340,$,.OPENING.);
#6404=IFCCARTESIANPOINT((0.,0.,0.));
#6405=IFCDIRECTION((1.,0.,0.));
#6406=IFCDIRECTION((0.,0.,1.));
#6407=IFCAXIS2PLACEMENT3D(#6404,#6406,#6405);
#6408=IFCREPRESENTATIONMAP(#6407,#6581);
#6417=IFCRELVOIDSELEMENT('1tBgNW9t56J8ZX1276fAeJ',$,$,$,#2433,#6388);
#6423=IFCRELFILLSELEMENT('30GEKRj$v7fxpTTZiw6eB1',$,$,$,#6388,#6364);
#6429=IFCDOOR('0n67U1Nkn4tQEnrYWp0h0X',$,'Door',$,$,#6596,#6437,$,2.0999999046325684,1.,$,.SINGLE_SWING_LEFT.,$);
#6430=IFCCARTESIANPOINT((0.,0.,0.));
#6431=IFCDIRECTION((1.,0.,0.));
#6432=IFCDIRECTION((0.,1.,0.));
#6433=IFCDIRECTION((0.,0.,1.));
#6434=IFCCARTESIANTRANSFORMATIONOPERATOR3D(#6431,#6432,#6430,1.,#6433);
#6435=IFCMAPPEDITEM(#4347,#6434);
#6436=IFCSHAPEREPRESENTATION(#18,'Profile','MappedRepresentation',(#6435));
#6437=IFCPRODUCTDEFINITIONSHAPE($,$,(#6436,#6444,#6451));
#6438=IFCCARTESIANPOINT((0.,0.,0.));
#6439=IFCDIRECTION((1.,0.,0.));
#6440=IFCDIRECTION((0.,1.,0.));
#6441=IFCDIRECTION((0.,0.,1.));
#6442=IFCCARTESIANTRANSFORMATIONOPERATOR3D(#6439,#6440,#6438,1.,#6441);
#6443=IFCMAPPEDITEM(#4425,#6442);
#6444=IFCSHAPEREPRESENTATION(#11,'Body','MappedRepresentation',(#6443));
#6445=IFCCARTESIANPOINT((0.,0.,0.));
#6446=IFCDIRECTION((1.,0.,0.));
#6447=IFCDIRECTION((0.,1.,0.));
#6448=IFCDIRECTION((0.,0.,1.));
#6449=IFCCARTESIANTRANSFORMATIONOPERATOR3D(#6446,#6447,#6445,1.,#6448);
#6450=IFCMAPPEDITEM(#4444,#6449);
#6451=IFCSHAPEREPRESENTATION(#24,'Body','MappedRepresentation',(#6450));
#6452=IFCOPENINGELEMENT('1jtH_GyxnDlurZ5bJ9IaoW',$,'Opening',$,$,#6591,#6465,$,.OPENING.);
#6458=IFCCARTESIANPOINT((0.,0.,0.));
#6459=IFCDIRECTION((1.,0.,0.));
#6460=IFCDIRECTION((0.,1.,0.));
#6461=IFCDIRECTION((0.,0.,1.));
#6462=IFCCARTESIANTRANSFORMATIONOPERATOR3D(#6459,#6460,#6458,1.,#6461);
#6463=IFCMAPPEDITEM(#6408,#6462);
#6464=IFCSHAPEREPRESENTATION(#11,'Body','MappedRepresentation',(#6463));
#6465=IFCPRODUCTDEFINITIONSHAPE($,$,(#6464));
#6466=IFCRELVOIDSELEMENT('1a56U5fg996e8jAb61KOjq',$,$,$,#2505,#6452);
#6472=IFCRELFILLSELEMENT('3sdzusA6X81AwT5RhvIETt',$,$,$,#6452,#6429);
#6478=IFCCARTESIANPOINTLIST3D(((0.,0.,0.),(1.,0.,0.),(1.,0.,2.0999999046325684),(0.,0.,2.0999999046325684)),$);
#6479=IFCINDEXEDPOLYCURVE(#6478,(IFCLINEINDEX((1,2,3,4,1))),$);
#6480=IFCSHAPEREPRESENTATION(#18,'Profile','Curve3D',(#6479));
#6481=IFCCARTESIANPOINTLIST2D(((0.,0.),(0.,2.0999999046325684),(1.,2.0999999046325684),(1.,0.),(0.97499999962747097,0.),(0.97499999962747097,2.0749999042600393),(0.02500000037252903,2.0749999042600393),(0.02500000037252903,0.)),$);
#6482=IFCINDEXEDPOLYCURVE(#6481,(IFCLINEINDEX((1,2,3,4,5,6,7,8,1))),$);
#6483=IFCARBITRARYCLOSEDPROFILEDEF(.AREA.,$,#6482);
#6484=IFCCARTESIANPOINT((0.,0.02500000037252903,0.));
#6485=IFCDIRECTION((0.,-1.,0.));
#6486=IFCDIRECTION((1.,0.,0.));
#6487=IFCAXIS2PLACEMENT3D(#6484,#6485,#6486);
#6488=IFCDIRECTION((0.,0.,-1.));
#6489=IFCEXTRUDEDAREASOLID(#6483,#6487,#6488,0.02500000037252903);
#6490=IFCCARTESIANPOINTLIST2D(((0.,0.),(0.,2.0999999046325684),(1.,2.0999999046325684),(1.,0.),(0.94999999925494194,0.),(0.94999999925494194,2.0499999038875103),(0.05000000074505806,2.0499999038875103),(0.05000000074505806,0.)),$);
#6491=IFCINDEXEDPOLYCURVE(#6490,(IFCLINEINDEX((1,2,3,4,5,6,7,8,1))),$);
#6492=IFCARBITRARYCLOSEDPROFILEDEF(.AREA.,$,#6491);
#6493=IFCCARTESIANPOINT((0.,0.,0.));
#6494=IFCDIRECTION((0.,-1.,0.));
#6495=IFCDIRECTION((1.,0.,0.));
#6496=IFCAXIS2PLACEMENT3D(#6493,#6494,#6495);
#6497=IFCDIRECTION((0.,0.,-1.));
#6498=IFCEXTRUDEDAREASOLID(#6492,#6496,#6497,0.02500000037252903);
#6499=IFCCARTESIANPOINTLIST2D(((0.,0.),(0.89999999850988388,0.),(0.89999999850988388,0.10000000149011612),(0.,0.10000000149011612)),$);
#6500=IFCINDEXEDPOLYCURVE(#6499,(IFCLINEINDEX((1,2,3,4,1))),$);
#6501=IFCARBITRARYCLOSEDPROFILEDEF(.AREA.,$,#6500);
#6502=IFCCARTESIANPOINT((0.05000000074505806,0.,0.));
#6503=IFCDIRECTION((0.,0.,1.));
#6504=IFCDIRECTION((1.,0.,0.));
#6505=IFCAXIS2PLACEMENT3D(#6502,#6503,#6504);
#6506=IFCDIRECTION((0.,0.,1.));
#6507=IFCEXTRUDEDAREASOLID(#6501,#6505,#6506,0.02500000037252903);
#6508=IFCCARTESIANPOINTLIST2D(((0.,0.),(0.,2.1249999068677425),(1.0500000044703484,2.1249999068677425),(1.0500000044703484,0.),(0.97500000149011612,0.),(0.97500000149011612,2.0499999038875103),(0.075000002980232239,2.0499999038875103),(0.075000002980232239,0.)),$);
#6509=IFCINDEXEDPOLYCURVE(#6508,(IFCLINEINDEX((1,2,3,4,5,6,7,8,1))),$);
#6510=IFCARBITRARYCLOSEDPROFILEDEF(.AREA.,$,#6509);
#6511=IFCCARTESIANPOINT((-0.025000002235174179,-0.004999999888241291,0.));
#6512=IFCDIRECTION((0.,-1.,0.));
#6513=IFCDIRECTION((1.,0.,0.));
#6514=IFCAXIS2PLACEMENT3D(#6511,#6512,#6513);
#6515=IFCDIRECTION((0.,0.,-1.));
#6516=IFCEXTRUDEDAREASOLID(#6510,#6514,#6515,0.004999999888241291);
#6517=IFCCARTESIANPOINTLIST2D(((0.,0.),(0.,2.1249999068677425),(1.0500000044703484,2.1249999068677425),(1.0500000044703484,0.),(1.0000000018626451,0.),(1.0000000018626451,2.0749999042600393),(0.050000002607703209,2.0749999042600393),(0.050000002607703209,0.)),$);
#6518=IFCINDEXEDPOLYCURVE(#6517,(IFCLINEINDEX((1,2,3,4,5,6,7,8,1))),$);
#6519=IFCARBITRARYCLOSEDPROFILEDEF(.AREA.,$,#6518);
#6520=IFCCARTESIANPOINT((-0.025000002235174179,0.05000000074505806,0.));
#6521=IFCDIRECTION((0.,-1.,0.));
#6522=IFCDIRECTION((1.,0.,0.));
#6523=IFCAXIS2PLACEMENT3D(#6520,#6521,#6522);
#6524=IFCDIRECTION((0.,0.,-1.));
#6525=IFCEXTRUDEDAREASOLID(#6519,#6523,#6524,0.004999999888241291);
#6526=IFCCARTESIANPOINTLIST2D(((0.,0.),(0.94999999925494194,0.),(0.94999999925494194,0.035000000149011612),(0.,0.035000000149011612)),$);
#6527=IFCINDEXEDPOLYCURVE(#6526,(IFCLINEINDEX((1,2,3,4,1))),$);
#6528=IFCARBITRARYCLOSEDPROFILEDEF(.AREA.,$,#6527);
#6529=IFCCARTESIANPOINT((0.02500000037252903,0.02500000037252903,0.02500000037252903));
#6530=IFCDIRECTION((0.,0.,1.));
#6531=IFCDIRECTION((1.,0.,0.));
#6532=IFCAXIS2PLACEMENT3D(#6529,#6530,#6531);
#6533=IFCDIRECTION((0.,0.,1.));
#6534=IFCEXTRUDEDAREASOLID(#6528,#6532,#6533,2.0499999038875103);
#6535=IFCCARTESIANPOINTLIST2D(((0.,0.),(0.,-0.040000000000000001),(-0.11999999999999988,-0.040000000000000001),(-0.11999999999999988,-0.02),(-0.020000000000000018,-0.02),(-0.020000000000000018,0.)),$);
#6536=IFCINDEXEDPOLYCURVE(#6535,(IFCLINEINDEX((1,2,3,4,5,6,1))),$);
#6537=IFCARBITRARYCLOSEDPROFILEDEF(.AREA.,$,#6536);
#6538=IFCCARTESIANPOINT((0.92499999962747093,0.02500000037252903,1.015000000372529));
#6539=IFCDIRECTION((0.,0.,1.));
#6540=IFCDIRECTION((1.,0.,0.));
#6541=IFCAXIS2PLACEMENT3D(#6538,#6539,#6540);
#6542=IFCDIRECTION((0.,0.,1.));
#6543=IFCEXTRUDEDAREASOLID(#6537,#6541,#6542,0.02);
#6544=IFCEXTRUDEDAREASOLID(#6545,#6548,#6552,0.02);
#6545=IFCARBITRARYCLOSEDPROFILEDEF(.AREA.,$,#6546);
#6546=IFCINDEXEDPOLYCURVE(#6547,(IFCLINEINDEX((1,2,3,4,5,6,1))),$);
#6547=IFCCARTESIANPOINTLIST2D(((0.,0.),(0.,0.040000000000000008),(-0.11999999999999988,0.040000000000000008),(-0.11999999999999988,0.020000000000000004),(-0.020000000000000018,0.020000000000000004),(-0.020000000000000018,0.)),$);
#6548=IFCAXIS2PLACEMENT3D(#6549,#6550,#6551);
#6549=IFCCARTESIANPOINT((0.92499999962747093,0.060000000521540642,1.015000000372529));
#6550=IFCDIRECTION((0.,0.,1.));
#6551=IFCDIRECTION((1.,0.,0.));
#6552=IFCDIRECTION((0.,0.,1.));
#6553=IFCSHAPEREPRESENTATION(#11,'Body','SweptSolid',(#6489,#6498,#6534,#6543,#6544,#6507,#6516,#6525));
#6554=IFCSHAPEREPRESENTATION(#11,'Body','SweptSolid',(#6489,#6498,#6507,#6516,#6525));
#6555=IFCSHAPEASPECT((#6554),'Lining',$,.T.,#6437);
#6556=IFCSHAPEREPRESENTATION(#11,'Body','SweptSolid',(#6534,#6543,#6544));
#6557=IFCSHAPEASPECT((#6556),'Framing',$,.T.,#6437);
#6558=IFCCARTESIANPOINTLIST2D(((0.,0.),(0.,0.05000000074505806),(0.02500000037252903,0.05000000074505806),(0.02500000037252903,0.02500000037252903),(0.05000000074505806,0.02500000037252903),(0.05000000074505806,0.)),$);
#6559=IFCINDEXEDPOLYCURVE(#6558,(IFCLINEINDEX((1,2,3,4,5,6,1))),$);
#6560=IFCINDEXEDPOLYCURVE(#6561,(IFCLINEINDEX((1,2,3,4,5,6,1))),$);
#6561=IFCCARTESIANPOINTLIST2D(((1.,0.),(1.,0.05000000074505806),(0.97499999962747097,0.05000000074505806),(0.97499999962747097,0.02500000037252903),(0.94999999925494194,0.02500000037252903),(0.94999999925494194,0.)),$);
#6562=IFCDIRECTION((1.,0.));
#6563=IFCCARTESIANPOINT((0.060000000521540642,0.05000000074505806));
#6564=IFCAXIS2PLACEMENT2D(#6563,#6562);
#6565=IFCELLIPSE(#6564,0.91499999910593033,0.94999999925494194);
#6566=IFCCARTESIANPOINT((0.97499999962747097,0.05000000074505806));
#6567=IFCCARTESIANPOINT((0.060000000521540642,1.));
#6568=IFCTRIMMEDCURVE(#6565,(#6566),(#6567),.T.,.CARTESIAN.);
#6569=IFCCARTESIANPOINTLIST2D(((0.02500000037252903,0.05000000074505806),(0.060000000521540642,0.05000000074505806),(0.060000000521540642,1.),(0.02500000037252903,1.)),$);
#6570=IFCINDEXEDPOLYCURVE(#6569,(IFCLINEINDEX((1,2,3,4,1))),$);
#6571=IFCSHAPEREPRESENTATION(#24,'Body','Curve2D',(#6559,#6560,#6568,#6570));
#6572=IFCCARTESIANPOINTLIST2D(((0.,0.),(1.,0.),(1.,2.0999999046325684),(0.,2.0999999046325684)),$);
#6573=IFCINDEXEDPOLYCURVE(#6572,(IFCLINEINDEX((1,2,3,4,1))),$);
#6574=IFCARBITRARYCLOSEDPROFILEDEF(.AREA.,$,#6573);
#6575=IFCCARTESIANPOINT((0.,-0.60000002384185791,0.));
#6576=IFCDIRECTION((0.,-1.,0.));
#6577=IFCDIRECTION((1.,0.,0.));
#6578=IFCAXIS2PLACEMENT3D(#6575,#6576,#6577);
#6579=IFCDIRECTION((0.,0.,-1.));
#6580=IFCEXTRUDEDAREASOLID(#6574,#6578,#6579,1.2);
#6581=IFCSHAPEREPRESENTATION(#11,'Body','SweptSolid',(#6580));
#6587=IFCCARTESIANPOINT((4.7250004301466166,0.25000003368279344,0.));
#6588=IFCDIRECTION((0.,0.,1.));
#6589=IFCDIRECTION((-0.99999999999999623,-8.7422790784325385E-08,0.));
#6590=IFCAXIS2PLACEMENT3D(#6587,#6588,#6589);
#6591=IFCLOCALPLACEMENT(#2534,#6590);
#6592=IFCCARTESIANPOINT((0.,-1.7763568394002505E-15,0.));
#6593=IFCDIRECTION((0.,0.,1.));
#6594=IFCDIRECTION((1.,0.,0.));
#6595=IFCAXIS2PLACEMENT3D(#6592,#6593,#6594);
#6596=IFCLOCALPLACEMENT(#6591,#6595);
#6927=IFCRECTANGLEPROFILEDEF(.AREA.,'New Profile',$,0.5,0.5);
#6928=IFCMATERIALPROFILESET($,$,(#6930),$);
#6930=IFCMATERIALPROFILE($,$,#594,#6927,$,$);
#6962=IFCDOORTYPE('341P$B7vHEkxQwIDj2cGsB',$,'90 cm Door RS',$,$,(#6963),(#6965,#6973,#7051),$,$,.DOOR.,.SINGLE_SWING_RIGHT.,$,$);
#6963=IFCPROPERTYSET('08pfkOOvLAjPLS74w35Plg',$,'BBIM_Door',$,(#6964));
#6964=IFCPROPERTYSINGLEVALUE('Data',$,IFCTEXT('{"door_type": "SINGLE_SWING_RIGHT", "overall_height": 2.0999999046325684, "overall_width": 0.8999999761581421, "lining_properties": {"lining_depth": 0.05000000074505806, "lining_thickness": 0.05000000074505806, "lining_offset": 0.0, "lining_to_panel_offset_x": 0.02500000037252903, "lining_to_panel_offset_y": 0.02500000037252903, "transom_thickness": 0.0, "casing_thickness": 0.07500000298023224, "casing_depth": 0.004999999888241291, "threshold_thickness": 0.02500000037252903, "threshold_depth": 0.10000000149011612, "threshold_offset": 0.0}, "panel_properties": {"panel_depth": 0.03500000014901161, "panel_width_ratio": 1.0}}'),$);
#6965=IFCREPRESENTATIONMAP(#6966,#9822);
#6966=IFCAXIS2PLACEMENT3D(#6967,#6968,#6969);
#6967=IFCCARTESIANPOINT((0.,0.,0.));
#6968=IFCDIRECTION((0.,0.,1.));
#6969=IFCDIRECTION((1.,0.,0.));
#6973=IFCREPRESENTATIONMAP(#6974,#9895);
#6974=IFCAXIS2PLACEMENT3D(#6975,#6976,#6977);
#6975=IFCCARTESIANPOINT((0.,0.,0.));
#6976=IFCDIRECTION((0.,0.,1.));
#6977=IFCDIRECTION((1.,0.,0.));
#7051=IFCREPRESENTATIONMAP(#7052,#9913);
#7052=IFCAXIS2PLACEMENT3D(#7053,#7054,#7055);
#7053=IFCCARTESIANPOINT((0.,0.,0.));
#7054=IFCDIRECTION((0.,0.,1.));
#7055=IFCDIRECTION((1.,0.,0.));
#7311=IFCCARTESIANPOINT((0.,0.,0.));
#7312=IFCDIRECTION((1.,0.,0.));
#7313=IFCDIRECTION((0.,1.,0.));
#7314=IFCDIRECTION((0.,0.,1.));
#7315=IFCCARTESIANTRANSFORMATIONOPERATOR3D(#7312,#7313,#7311,1.,#7314);
#7316=IFCMAPPEDITEM(#4347,#7315);
#7317=IFCSHAPEREPRESENTATION(#18,'Profile','MappedRepresentation',(#7316));
#7318=IFCPRODUCTDEFINITIONSHAPE($,$,(#7317,#7325,#7332));
#7319=IFCCARTESIANPOINT((0.,0.,0.));
#7320=IFCDIRECTION((1.,0.,0.));
#7321=IFCDIRECTION((0.,1.,0.));
#7322=IFCDIRECTION((0.,0.,1.));
#7323=IFCCARTESIANTRANSFORMATIONOPERATOR3D(#7320,#7321,#7319,1.,#7322);
#7324=IFCMAPPEDITEM(#4425,#7323);
#7325=IFCSHAPEREPRESENTATION(#11,'Body','MappedRepresentation',(#7324));
#7326=IFCCARTESIANPOINT((0.,0.,0.));
#7327=IFCDIRECTION((1.,0.,0.));
#7328=IFCDIRECTION((0.,1.,0.));
#7329=IFCDIRECTION((0.,0.,1.));
#7330=IFCCARTESIANTRANSFORMATIONOPERATOR3D(#7327,#7328,#7326,1.,#7329);
#7331=IFCMAPPEDITEM(#4444,#7330);
#7332=IFCSHAPEREPRESENTATION(#24,'Body','MappedRepresentation',(#7331));
#7333=IFCCARTESIANPOINT((0.,0.,0.));
#7334=IFCDIRECTION((1.,0.,0.));
#7335=IFCDIRECTION((0.,1.,0.));
#7336=IFCDIRECTION((0.,0.,1.));
#7337=IFCCARTESIANTRANSFORMATIONOPERATOR3D(#7334,#7335,#7333,1.,#7336);
#7338=IFCMAPPEDITEM(#6408,#7337);
#7339=IFCSHAPEREPRESENTATION(#11,'Body','MappedRepresentation',(#7338));
#7340=IFCPRODUCTDEFINITIONSHAPE($,$,(#7339));
#7341=IFCDOOR('2Ud_y$gEH308iXfHgdzM2Z',$,'Door',$,$,#9637,#9446,$,2.0999999046325684,0.89999997615814209,$,.SINGLE_SWING_RIGHT.,$);
#7395=IFCCARTESIANPOINT((1.5425000190734863,0.10000038146972656,0.));
#7396=IFCDIRECTION((0.,0.,1.));
#7397=IFCDIRECTION((-0.99999999999998868,1.5099580252808492E-07,0.));
#7398=IFCAXIS2PLACEMENT3D(#7395,#7396,#7397);
#7399=IFCLOCALPLACEMENT(#3629,#7398);
#7459=IFCDOOR('1yoJCVWjT77Aix8y1thYwJ',$,'Door',$,$,#9092,#7554,$,2.0999999046325684,1.,$,$,$);
#7483=IFCOPENINGELEMENT('0CRuJxaHH8yux3hZTTKlk2',$,'Opening',$,$,#9087,#7576,$,.OPENING.);
#7512=IFCRELVOIDSELEMENT('2OS913uTbFLue0EkLRhq4w',$,$,$,#1913,#7483);
#7518=IFCRELFILLSELEMENT('2neB2GTRrA$vuDXQmbidOf',$,$,$,#7483,#7459);
#7547=IFCCARTESIANPOINT((0.,0.,0.));
#7548=IFCDIRECTION((1.,0.,0.));
#7549=IFCDIRECTION((0.,1.,0.));
#7550=IFCDIRECTION((0.,0.,1.));
#7551=IFCCARTESIANTRANSFORMATIONOPERATOR3D(#7548,#7549,#7547,1.,#7550);
#7552=IFCMAPPEDITEM(#4347,#7551);
#7553=IFCSHAPEREPRESENTATION(#18,'Profile','MappedRepresentation',(#7552));
#7554=IFCPRODUCTDEFINITIONSHAPE($,$,(#7553,#7561,#7568));
#7555=IFCCARTESIANPOINT((0.,0.,0.));
#7556=IFCDIRECTION((1.,0.,0.));
#7557=IFCDIRECTION((0.,1.,0.));
#7558=IFCDIRECTION((0.,0.,1.));
#7559=IFCCARTESIANTRANSFORMATIONOPERATOR3D(#7556,#7557,#7555,1.,#7558);
#7560=IFCMAPPEDITEM(#4425,#7559);
#7561=IFCSHAPEREPRESENTATION(#11,'Body','MappedRepresentation',(#7560));
#7562=IFCCARTESIANPOINT((0.,0.,0.));
#7563=IFCDIRECTION((1.,0.,0.));
#7564=IFCDIRECTION((0.,1.,0.));
#7565=IFCDIRECTION((0.,0.,1.));
#7566=IFCCARTESIANTRANSFORMATIONOPERATOR3D(#7563,#7564,#7562,1.,#7565);
#7567=IFCMAPPEDITEM(#4444,#7566);
#7568=IFCSHAPEREPRESENTATION(#24,'Body','MappedRepresentation',(#7567));
#7569=IFCCARTESIANPOINT((0.,0.,0.));
#7570=IFCDIRECTION((1.,0.,0.));
#7571=IFCDIRECTION((0.,1.,0.));
#7572=IFCDIRECTION((0.,0.,1.));
#7573=IFCCARTESIANTRANSFORMATIONOPERATOR3D(#7570,#7571,#7569,1.,#7572);
#7574=IFCMAPPEDITEM(#6408,#7573);
#7575=IFCSHAPEREPRESENTATION(#11,'Body','MappedRepresentation',(#7574));
#7576=IFCPRODUCTDEFINITIONSHAPE($,$,(#7575));
#7578=IFCDOORTYPE('0g7ZhN9cn4qOD7LrfYhXDo',$,'90 cm door LS',$,$,(#7579),(#7581,#7589,#7667),$,$,.DOOR.,.SINGLE_SWING_LEFT.,$,$);
#7579=IFCPROPERTYSET('07urtnCuv80Qwq5cGT7sfg',$,'BBIM_Door',$,(#7580));
#7580=IFCPROPERTYSINGLEVALUE('Data',$,IFCTEXT('{"door_type": "SINGLE_SWING_LEFT", "overall_height": 2.0999999046325684, "overall_width": 1.0, "lining_properties": {"lining_depth": 0.05000000074505806, "lining_thickness": 0.05000000074505806, "lining_offset": 0.0, "lining_to_panel_offset_x": 0.02500000037252903, "lining_to_panel_offset_y": 0.02500000037252903, "transom_thickness": 0.0, "casing_thickness": 0.07500000298023224, "casing_depth": 0.004999999888241291, "threshold_thickness": 0.02500000037252903, "threshold_depth": 0.10000000149011612, "threshold_offset": 0.0}, "panel_properties": {"panel_depth": 0.03500000014901161, "panel_width_ratio": 1.0}}'),$);
#7581=IFCREPRESENTATIONMAP(#7582,#7586);
#7582=IFCAXIS2PLACEMENT3D(#7583,#7584,#7585);
#7583=IFCCARTESIANPOINT((0.,0.,0.));
#7584=IFCDIRECTION((0.,0.,1.));
#7585=IFCDIRECTION((1.,0.,0.));
#7586=IFCSHAPEREPRESENTATION(#18,'Profile','Curve3D',(#7587));
#7587=IFCINDEXEDPOLYCURVE(#7588,(IFCLINEINDEX((1,2,3,4,1))),$);
#7588=IFCCARTESIANPOINTLIST3D(((0.,0.,0.),(1.,0.,0.),(1.,0.,2.0999999046325684),(0.,0.,2.0999999046325684)),$);
#7589=IFCREPRESENTATIONMAP(#7590,#7594);
#7590=IFCAXIS2PLACEMENT3D(#7591,#7592,#7593);
#7591=IFCCARTESIANPOINT((0.,0.,0.));
#7592=IFCDIRECTION((0.,0.,1.));
#7593=IFCDIRECTION((1.,0.,0.));
#7594=IFCSHAPEREPRESENTATION(#11,'Body','SweptSolid',(#7595,#7604,#7613,#7622,#7631,#7640,#7649,#7658));
#7595=IFCEXTRUDEDAREASOLID(#7596,#7599,#7603,0.02500000037252903);
#7596=IFCARBITRARYCLOSEDPROFILEDEF(.AREA.,$,#7597);
#7597=IFCINDEXEDPOLYCURVE(#7598,(IFCLINEINDEX((1,2,3,4,5,6,7,8,1))),$);
#7598=IFCCARTESIANPOINTLIST2D(((0.,0.),(0.,2.0999999046325684),(1.,2.0999999046325684),(1.,0.),(0.97499999962747097,0.),(0.97499999962747097,2.0749999042600393),(0.02500000037252903,2.0749999042600393),(0.02500000037252903,0.)),$);
#7599=IFCAXIS2PLACEMENT3D(#7600,#7601,#7602);
#7600=IFCCARTESIANPOINT((0.,0.02500000037252903,0.));
#7601=IFCDIRECTION((0.,-1.,0.));
#7602=IFCDIRECTION((1.,0.,0.));
#7603=IFCDIRECTION((0.,0.,-1.));
#7604=IFCEXTRUDEDAREASOLID(#7605,#7608,#7612,0.02500000037252903);
#7605=IFCARBITRARYCLOSEDPROFILEDEF(.AREA.,$,#7606);
#7606=IFCINDEXEDPOLYCURVE(#7607,(IFCLINEINDEX((1,2,3,4,5,6,7,8,1))),$);
#7607=IFCCARTESIANPOINTLIST2D(((0.,0.),(0.,2.0999999046325684),(1.,2.0999999046325684),(1.,0.),(0.94999999925494194,0.),(0.94999999925494194,2.0499999038875103),(0.05000000074505806,2.0499999038875103),(0.05000000074505806,0.)),$);
#7608=IFCAXIS2PLACEMENT3D(#7609,#7610,#7611);
#7609=IFCCARTESIANPOINT((0.,0.,0.));
#7610=IFCDIRECTION((0.,-1.,0.));
#7611=IFCDIRECTION((1.,0.,0.));
#7612=IFCDIRECTION((0.,0.,-1.));
#7613=IFCEXTRUDEDAREASOLID(#7614,#7617,#7621,2.0499999038875103);
#7614=IFCARBITRARYCLOSEDPROFILEDEF(.AREA.,$,#7615);
#7615=IFCINDEXEDPOLYCURVE(#7616,(IFCLINEINDEX((1,2,3,4,1))),$);
#7616=IFCCARTESIANPOINTLIST2D(((0.,0.),(0.94999999925494194,0.),(0.94999999925494194,0.035000000149011612),(0.,0.035000000149011612)),$);
#7617=IFCAXIS2PLACEMENT3D(#7618,#7619,#7620);
#7618=IFCCARTESIANPOINT((0.02500000037252903,0.02500000037252903,0.02500000037252903));
#7619=IFCDIRECTION((0.,0.,1.));
#7620=IFCDIRECTION((1.,0.,0.));
#7621=IFCDIRECTION((0.,0.,1.));
#7622=IFCEXTRUDEDAREASOLID(#7623,#7626,#7630,0.02);
#7623=IFCARBITRARYCLOSEDPROFILEDEF(.AREA.,$,#7624);
#7624=IFCINDEXEDPOLYCURVE(#7625,(IFCLINEINDEX((1,2,3,4,5,6,1))),$);
#7625=IFCCARTESIANPOINTLIST2D(((0.,0.),(0.,-0.040000000000000001),(-0.11999999999999988,-0.040000000000000001),(-0.11999999999999988,-0.02),(-0.020000000000000018,-0.02),(-0.020000000000000018,0.)),$);
#7626=IFCAXIS2PLACEMENT3D(#7627,#7628,#7629);
#7627=IFCCARTESIANPOINT((0.92499999962747093,0.02500000037252903,1.015000000372529));
#7628=IFCDIRECTION((0.,0.,1.));
#7629=IFCDIRECTION((1.,0.,0.));
#7630=IFCDIRECTION((0.,0.,1.));
#7631=IFCEXTRUDEDAREASOLID(#7632,#7635,#7639,0.02);
#7632=IFCARBITRARYCLOSEDPROFILEDEF(.AREA.,$,#7633);
#7633=IFCINDEXEDPOLYCURVE(#7634,(IFCLINEINDEX((1,2,3,4,5,6,1))),$);
#7634=IFCCARTESIANPOINTLIST2D(((0.,0.),(0.,0.040000000000000008),(-0.11999999999999988,0.040000000000000008),(-0.11999999999999988,0.020000000000000004),(-0.020000000000000018,0.020000000000000004),(-0.020000000000000018,0.)),$);
#7635=IFCAXIS2PLACEMENT3D(#7636,#7637,#7638);
#7636=IFCCARTESIANPOINT((0.92499999962747093,0.060000000521540642,1.015000000372529));
#7637=IFCDIRECTION((0.,0.,1.));
#7638=IFCDIRECTION((1.,0.,0.));
#7639=IFCDIRECTION((0.,0.,1.));
#7640=IFCEXTRUDEDAREASOLID(#7641,#7644,#7648,0.02500000037252903);
#7641=IFCARBITRARYCLOSEDPROFILEDEF(.AREA.,$,#7642);
#7642=IFCINDEXEDPOLYCURVE(#7643,(IFCLINEINDEX((1,2,3,4,1))),$);
#7643=IFCCARTESIANPOINTLIST2D(((0.,0.),(0.89999999850988388,0.),(0.89999999850988388,0.10000000149011612),(0.,0.10000000149011612)),$);
#7644=IFCAXIS2PLACEMENT3D(#7645,#7646,#7647);
#7645=IFCCARTESIANPOINT((0.05000000074505806,0.,0.));
#7646=IFCDIRECTION((0.,0.,1.));
#7647=IFCDIRECTION((1.,0.,0.));
#7648=IFCDIRECTION((0.,0.,1.));
#7649=IFCEXTRUDEDAREASOLID(#7650,#7653,#7657,0.004999999888241291);
#7650=IFCARBITRARYCLOSEDPROFILEDEF(.AREA.,$,#7651);
#7651=IFCINDEXEDPOLYCURVE(#7652,(IFCLINEINDEX((1,2,3,4,5,6,7,8,1))),$);
#7652=IFCCARTESIANPOINTLIST2D(((0.,0.),(0.,2.1249999068677425),(1.0500000044703484,2.1249999068677425),(1.0500000044703484,0.),(0.97500000149011612,0.),(0.97500000149011612,2.0499999038875103),(0.075000002980232239,2.0499999038875103),(0.075000002980232239,0.)),$);
#7653=IFCAXIS2PLACEMENT3D(#7654,#7655,#7656);
#7654=IFCCARTESIANPOINT((-0.025000002235174179,-0.004999999888241291,0.));
#7655=IFCDIRECTION((0.,-1.,0.));
#7656=IFCDIRECTION((1.,0.,0.));
#7657=IFCDIRECTION((0.,0.,-1.));
#7658=IFCEXTRUDEDAREASOLID(#7659,#7662,#7666,0.004999999888241291);
#7659=IFCARBITRARYCLOSEDPROFILEDEF(.AREA.,$,#7660);
#7660=IFCINDEXEDPOLYCURVE(#7661,(IFCLINEINDEX((1,2,3,4,5,6,7,8,1))),$);
#7661=IFCCARTESIANPOINTLIST2D(((0.,0.),(0.,2.1249999068677425),(1.0500000044703484,2.1249999068677425),(1.0500000044703484,0.),(1.0000000018626451,0.),(1.0000000018626451,2.0749999042600393),(0.050000002607703209,2.0749999042600393),(0.050000002607703209,0.)),$);
#7662=IFCAXIS2PLACEMENT3D(#7663,#7664,#7665);
#7663=IFCCARTESIANPOINT((-0.025000002235174179,0.05000000074505806,0.));
#7664=IFCDIRECTION((0.,-1.,0.));
#7665=IFCDIRECTION((1.,0.,0.));
#7666=IFCDIRECTION((0.,0.,-1.));
#7667=IFCREPRESENTATIONMAP(#7668,#7672);
#7668=IFCAXIS2PLACEMENT3D(#7669,#7670,#7671);
#7669=IFCCARTESIANPOINT((0.,0.,0.));
#7670=IFCDIRECTION((0.,0.,1.));
#7671=IFCDIRECTION((1.,0.,0.));
#7672=IFCSHAPEREPRESENTATION(#24,'Body','Curve2D',(#7673,#7675,#7677,#7684));
#7673=IFCINDEXEDPOLYCURVE(#7674,(IFCLINEINDEX((1,2,3,4,5,6,1))),$);
#7674=IFCCARTESIANPOINTLIST2D(((0.,0.),(0.,0.05000000074505806),(0.02500000037252903,0.05000000074505806),(0.02500000037252903,0.02500000037252903),(0.05000000074505806,0.02500000037252903),(0.05000000074505806,0.)),$);
#7675=IFCINDEXEDPOLYCURVE(#7676,(IFCLINEINDEX((1,2,3,4,5,6,1))),$);
#7676=IFCCARTESIANPOINTLIST2D(((1.,0.),(1.,0.05000000074505806),(0.97499999962747097,0.05000000074505806),(0.97499999962747097,0.02500000037252903),(0.94999999925494194,0.02500000037252903),(0.94999999925494194,0.)),$);
#7677=IFCTRIMMEDCURVE(#7678,(#7682),(#7683),.T.,.CARTESIAN.);
#7678=IFCELLIPSE(#7679,0.91499999910593033,0.94999999925494194);
#7679=IFCAXIS2PLACEMENT2D(#7680,#7681);
#7680=IFCCARTESIANPOINT((0.060000000521540642,0.05000000074505806));
#7681=IFCDIRECTION((1.,0.));
#7682=IFCCARTESIANPOINT((0.97499999962747097,0.05000000074505806));
#7683=IFCCARTESIANPOINT((0.060000000521540642,1.));
#7684=IFCINDEXEDPOLYCURVE(#7685,(IFCLINEINDEX((1,2,3,4,1))),$);
#7685=IFCCARTESIANPOINTLIST2D(((0.02500000037252903,0.05000000074505806),(0.060000000521540642,0.05000000074505806),(0.060000000521540642,1.),(0.02500000037252903,1.)),$);
#7715=IFCDOOR('0OFPYHfPjDsOSaVIAYL4Lw',$,'Door',$,$,#9727,#9690,$,2.0999999046325684,1.,$,$,$);
#7739=IFCOPENINGELEMENT('2SuDXzi8b7q9v3aSfpuCer',$,'Opening',$,$,#9722,#9712,$,.OPENING.);
#7768=IFCRELVOIDSELEMENT('3$nYytHP17iPQFJyP3NnRK',$,$,$,#3689,#7739);
#7774=IFCRELFILLSELEMENT('1vRP5TZZ94fA6Luu3_C95x',$,$,$,#7739,#7715);
#7780=IFCDOOR('2jiLf8oiPEufIBJhdplUWB',$,'Door',$,$,#9652,#9660,$,2.0999999046325684,1.,$,.SINGLE_SWING_RIGHT.,$);
#7803=IFCOPENINGELEMENT('0A0hz6JM16Se6mNKaACyxC',$,'Opening',$,$,#9647,#9682,$,.OPENING.);
#7817=IFCRELVOIDSELEMENT('3T0L41QFL02g9sWZ7ZDvMh',$,$,$,#1743,#7803);
#7823=IFCRELFILLSELEMENT('25amlLsNH9Rv5IHm06X0hB',$,$,$,#7803,#7780);
#7964=IFCDOORTYPE('3MhYOpSpjAa9vOgz7mxbVm',$,'100 cm door RS',$,$,(#7965),(#7967,#7975,#8053),$,$,.DOOR.,.SINGLE_SWING_LEFT.,$,$);
#7965=IFCPROPERTYSET('27CTm5US50XeEmOMOqnywk',$,'BBIM_Door',$,(#7966));
#7966=IFCPROPERTYSINGLEVALUE('Data',$,IFCTEXT('{"door_type": "SINGLE_SWING_RIGHT", "overall_height": 2.0999999046325684, "overall_width": 0.8999999761581421, "lining_properties": {"lining_depth": 0.05000000074505806, "lining_thickness": 0.05000000074505806, "lining_offset": 0.0, "lining_to_panel_offset_x": 0.02500000037252903, "lining_to_panel_offset_y": 0.02500000037252903, "transom_thickness": 0.0, "casing_thickness": 0.07500000298023224, "casing_depth": 0.004999999888241291, "threshold_thickness": 0.02500000037252903, "threshold_depth": 0.10000000149011612, "threshold_offset": 0.0}, "panel_properties": {"panel_depth": 0.03500000014901161, "panel_width_ratio": 1.0}}'),$);
#7967=IFCREPRESENTATIONMAP(#7968,#9506);
#7968=IFCAXIS2PLACEMENT3D(#7969,#7970,#7971);
#7969=IFCCARTESIANPOINT((0.,0.,0.));
#7970=IFCDIRECTION((0.,0.,1.));
#7971=IFCDIRECTION((1.,0.,0.));
#7975=IFCREPRESENTATIONMAP(#7976,#9579);
#7976=IFCAXIS2PLACEMENT3D(#7977,#7978,#7979);
#7977=IFCCARTESIANPOINT((0.,0.,0.));
#7978=IFCDIRECTION((0.,0.,1.));
#7979=IFCDIRECTION((1.,0.,0.));
#8053=IFCREPRESENTATIONMAP(#8054,#9597);
#8054=IFCAXIS2PLACEMENT3D(#8055,#8056,#8057);
#8055=IFCCARTESIANPOINT((0.,0.,0.));
#8056=IFCDIRECTION((0.,0.,1.));
#8057=IFCDIRECTION((1.,0.,0.));
#8072=IFCDOOR('2E_MzcqBb3rfLtpFfEjiPc',$,'Door',$,$,#9968,#9736,$,2.0999999046325684,0.89999997615814209,$,$,$);
#8095=IFCOPENINGELEMENT('08IvaEsJTAjPQh_4$DLjqN',$,'Opening',$,$,#9963,#9819,$,.OPENING.);
#8109=IFCRELVOIDSELEMENT('3$iL81I7H1V8XgWeV0iBGK',$,$,$,#3966,#8095);
#8115=IFCRELFILLSELEMENT('2mQAaSWm1AGeGl8F8iPmsz',$,$,$,#8095,#8072);
#8167=IFCRELDEFINESBYTYPE('2OE3cBL4X4HRyT_wOgEdOJ',$,$,$,(#7715),#7578);
#8190=IFCCARTESIANPOINTLIST2D(((0.,0.),(1.,0.),(1.,2.0999999046325684),(0.,2.0999999046325684)),$);
#8191=IFCINDEXEDPOLYCURVE(#8190,(IFCLINEINDEX((1,2,3,4,1))),$);
#8192=IFCARBITRARYCLOSEDPROFILEDEF(.AREA.,$,#8191);
#8193=IFCCARTESIANPOINT((0.,-0.60000002384185791,0.));
#8194=IFCDIRECTION((0.,-1.,0.));
#8195=IFCDIRECTION((1.,0.,0.));
#8196=IFCAXIS2PLACEMENT3D(#8193,#8194,#8195);
#8197=IFCDIRECTION((0.,0.,-1.));
#8198=IFCEXTRUDEDAREASOLID(#8192,#8196,#8197,1.2);
#8199=IFCSHAPEREPRESENTATION(#11,'Body','SweptSolid',(#8198));
#8200=IFCCARTESIANPOINT((0.,0.,0.));
#8201=IFCDIRECTION((1.,0.,0.));
#8202=IFCDIRECTION((0.,0.,1.));
#8203=IFCAXIS2PLACEMENT3D(#8200,#8202,#8201);
#8204=IFCREPRESENTATIONMAP(#8203,#8199);
#8213=IFCANNOTATION('0wDLo20oH0cgWu2Enpy9nR',$,'GF PLAN ALL',$,'DRAWING',#8218,#8224,.USERDEFINED.);
#8214=IFCCARTESIANPOINT((10.720733642578125,10.140722274780273,1.6000000238418579));
#8215=IFCDIRECTION((0.,0.,1.));
#8216=IFCDIRECTION((1.,0.,0.));
#8217=IFCAXIS2PLACEMENT3D(#8214,#8215,#8216);
#8218=IFCLOCALPLACEMENT($,#8217);
#8224=IFCPRODUCTDEFINITIONSHAPE($,$,(#8255));
#8225=IFCGROUP('1r3zs28wn82xanud3luxBn',$,'GF PLAN ALL',$,'DRAWING');
#8226=IFCRELASSIGNSTOGROUP('3NZhL$NVD8CP6dzE76GTON',$,$,$,(#8213,#10116),$,#8225);
#8227=IFCPROPERTYSET('0Ish0Idd5E_BUcbwD_$fBf',$,'EPset_Drawing',$,(#8229,#8230,#8231,#8232,#8233,#8234,#8235,#8236,#8237,#8238,#8239,#8240,#8241,#8256,#8257));
#8228=IFCRELDEFINESBYPROPERTIES('1flHDksUXELgF8bD1ZD4Yk',$,$,$,(#8213),#8227);
#8229=IFCPROPERTYSINGLEVALUE('TargetView',$,IFCLABEL('PLAN_VIEW'),$);
#8230=IFCPROPERTYSINGLEVALUE('Scale',$,IFCLABEL('1/50'),$);
#8231=IFCPROPERTYSINGLEVALUE('HumanScale',$,IFCLABEL('1:50'),$);
#8232=IFCPROPERTYSINGLEVALUE('HasUnderlay',$,IFCBOOLEAN(.F.),$);
#8233=IFCPROPERTYSINGLEVALUE('HasLinework',$,IFCBOOLEAN(.T.),$);
#8234=IFCPROPERTYSINGLEVALUE('HasAnnotation',$,IFCBOOLEAN(.T.),$);
#8235=IFCPROPERTYSINGLEVALUE('GlobalReferencing',$,IFCBOOLEAN(.T.),$);
#8236=IFCPROPERTYSINGLEVALUE('Stylesheet',$,IFCTEXT('drawings/assets/demolish.css'),$);
#8237=IFCPROPERTYSINGLEVALUE('Markers',$,IFCTEXT('drawings/assets/markers.svg'),$);
#8238=IFCPROPERTYSINGLEVALUE('Symbols',$,IFCTEXT('drawings/assets/symbols.svg'),$);
#8239=IFCPROPERTYSINGLEVALUE('Patterns',$,IFCTEXT('drawings/assets/patterns.svg'),$);
#8240=IFCPROPERTYSINGLEVALUE('ShadingStyles',$,IFCTEXT('drawings/assets/shading_styles.json'),$);
#8241=IFCPROPERTYSINGLEVALUE('CurrentShadingStyle',$,IFCLABEL('Interior'),$);
#8242=IFCDOCUMENTINFORMATION('X','GF PLAN ALL',$,$,$,$,'DRAWING',$,$,$,$,$,$,$,$,$,$);
#8243=IFCRELASSOCIATESDOCUMENT('3B2vFQCyPFpwCp6GRJl2AQ',$,$,$,(#1),#8242);
#8244=IFCDOCUMENTREFERENCE('drawings/GF PLAN ALL.svg','X',$,$,#8242);
#8245=IFCRELASSOCIATESDOCUMENT('0akWk0w$v7WfEfHjUzEUmC',$,$,$,(#8213),#8244);
#8251=IFCCARTESIANPOINT((-8.5,-8.5,-10.));
#8252=IFCAXIS2PLACEMENT3D(#8251,$,$);
#8253=IFCBLOCK(#8252,17.,17.,10.);
#8254=IFCCSGSOLID(#8253);
#8255=IFCSHAPEREPRESENTATION(#11,'Body','CSG',(#8254));
#8256=IFCPROPERTYSINGLEVALUE('Exclude',$,IFCTEXT('3byBlQM_X3e8KErsDPnQuj'),$);
#8257=IFCPROPERTYSINGLEVALUE('Metadata',$,IFCTEXT('EPset_Status'),$);
#8294=IFCCARTESIANPOINTLIST2D(((0.,0.),(1.5,0.),(1.5,1.2999999523162842),(0.,1.2999999523162842)),$);
#8295=IFCINDEXEDPOLYCURVE(#8294,(IFCLINEINDEX((1,2,3,4,1))),$);
#8296=IFCCARTESIANPOINTLIST2D(((0.02500000037252903,0.02500000037252903),(1.474999999627471,0.02500000037252903),(1.474999999627471,1.2749999519437551),(0.02500000037252903,1.2749999519437551)),$);
#8297=IFCINDEXEDPOLYCURVE(#8296,(IFCLINEINDEX((1,2,3,4,1))),$);
#8298=IFCARBITRARYPROFILEDEFWITHVOIDS(.AREA.,$,#8295,(#8297));
#8299=IFCCARTESIANPOINT((0.,0.090000001713633537,0.));
#8300=IFCDIRECTION((0.,-1.,0.));
#8301=IFCDIRECTION((1.,0.,0.));
#8302=IFCAXIS2PLACEMENT3D(#8299,#8300,#8301);
#8303=IFCDIRECTION((0.,0.,-1.));
#8304=IFCEXTRUDEDAREASOLID(#8298,#8302,#8303,0.0099999997764825821);
#8305=IFCCARTESIANPOINTLIST2D(((0.,0.),(1.5,0.),(1.5,1.2999999523162842),(0.,1.2999999523162842)),$);
#8306=IFCINDEXEDPOLYCURVE(#8305,(IFCLINEINDEX((1,2,3,4,1))),$);
#8307=IFCCARTESIANPOINTLIST2D(((0.05000000074505806,0.05000000074505806),(1.4499999992549419,0.05000000074505806),(1.4499999992549419,1.2499999515712261),(0.05000000074505806,1.2499999515712261)),$);
#8308=IFCINDEXEDPOLYCURVE(#8307,(IFCLINEINDEX((1,2,3,4,1))),$);
#8309=IFCARBITRARYPROFILEDEFWITHVOIDS(.AREA.,$,#8306,(#8308));
#8310=IFCCARTESIANPOINT((0.,0.05000000074505806,0.));
#8311=IFCDIRECTION((0.,-1.,0.));
#8312=IFCDIRECTION((1.,0.,0.));
#8313=IFCAXIS2PLACEMENT3D(#8310,#8311,#8312);
#8314=IFCDIRECTION((0.,0.,-1.));
#8315=IFCEXTRUDEDAREASOLID(#8309,#8313,#8314,0.040000000968575478);
#8316=IFCCARTESIANPOINTLIST2D(((0.,0.),(1.4499999992549419,0.),(1.4499999992549419,1.2499999515712261),(0.,1.2499999515712261)),$);
#8317=IFCINDEXEDPOLYCURVE(#8316,(IFCLINEINDEX((1,2,3,4,1))),$);
#8318=IFCCARTESIANPOINTLIST2D(((0.035000000149011612,0.035000000149011612),(1.4149999991059303,0.035000000149011612),(1.4149999991059303,1.2149999514222145),(0.035000000149011612,1.2149999514222145)),$);
#8319=IFCINDEXEDPOLYCURVE(#8318,(IFCLINEINDEX((1,2,3,4,1))),$);
#8320=IFCARBITRARYPROFILEDEFWITHVOIDS(.AREA.,$,#8317,(#8319));
#8321=IFCCARTESIANPOINT((0.02500000037252903,0.090000001713633537,0.02500000037252903));
#8322=IFCDIRECTION((0.,-1.,0.));
#8323=IFCDIRECTION((1.,0.,0.));
#8324=IFCAXIS2PLACEMENT3D(#8321,#8322,#8323);
#8325=IFCDIRECTION((0.,0.,-1.));
#8326=IFCEXTRUDEDAREASOLID(#8320,#8324,#8325,0.035000000149011612);
#8327=IFCINDEXEDPOLYCURVE(#8328,(IFCLINEINDEX((1,2,3,4,1))),$);
#8328=IFCCARTESIANPOINTLIST2D(((0.035000000149011612,0.035000000149011612),(1.4149999991059303,0.035000000149011612),(1.4149999991059303,1.2149999514222145),(0.035000000149011612,1.2149999514222145)),$);
#8329=IFCARBITRARYCLOSEDPROFILEDEF(.AREA.,$,#8327);
#8330=IFCCARTESIANPOINT((0.02500000037252903,0.10250000178813934,0.02500000037252903));
#8331=IFCDIRECTION((0.,-1.,0.));
#8332=IFCDIRECTION((1.,0.,0.));
#8333=IFCAXIS2PLACEMENT3D(#8330,#8331,#8332);
#8334=IFCDIRECTION((0.,0.,-1.));
#8335=IFCEXTRUDEDAREASOLID(#8329,#8333,#8334,0.01);
#8382=IFCCARTESIANPOINTLIST2D(((0.,0.),(1.5,0.),(1.5,1.2999999523162842),(0.,1.2999999523162842)),$);
#8383=IFCINDEXEDPOLYCURVE(#8382,(IFCLINEINDEX((1,2,3,4,1))),$);
#8384=IFCCARTESIANPOINTLIST2D(((0.02500000037252903,0.02500000037252903),(1.474999999627471,0.02500000037252903),(1.474999999627471,1.2749999519437551),(0.02500000037252903,1.2749999519437551)),$);
#8385=IFCINDEXEDPOLYCURVE(#8384,(IFCLINEINDEX((1,2,3,4,1))),$);
#8386=IFCARBITRARYPROFILEDEFWITHVOIDS(.AREA.,$,#8383,(#8385));
#8387=IFCCARTESIANPOINT((0.,0.090000001713633537,0.));
#8388=IFCDIRECTION((0.,-1.,0.));
#8389=IFCDIRECTION((1.,0.,0.));
#8390=IFCAXIS2PLACEMENT3D(#8387,#8388,#8389);
#8391=IFCDIRECTION((0.,0.,-1.));
#8392=IFCEXTRUDEDAREASOLID(#8386,#8390,#8391,0.0099999997764825821);
#8393=IFCCARTESIANPOINTLIST2D(((0.,0.),(1.5,0.),(1.5,1.2999999523162842),(0.,1.2999999523162842)),$);
#8394=IFCINDEXEDPOLYCURVE(#8393,(IFCLINEINDEX((1,2,3,4,1))),$);
#8395=IFCCARTESIANPOINTLIST2D(((0.05000000074505806,0.05000000074505806),(1.4499999992549419,0.05000000074505806),(1.4499999992549419,1.2499999515712261),(0.05000000074505806,1.2499999515712261)),$);
#8396=IFCINDEXEDPOLYCURVE(#8395,(IFCLINEINDEX((1,2,3,4,1))),$);
#8397=IFCARBITRARYPROFILEDEFWITHVOIDS(.AREA.,$,#8394,(#8396));
#8398=IFCCARTESIANPOINT((0.,0.05000000074505806,0.));
#8399=IFCDIRECTION((0.,-1.,0.));
#8400=IFCDIRECTION((1.,0.,0.));
#8401=IFCAXIS2PLACEMENT3D(#8398,#8399,#8400);
#8402=IFCDIRECTION((0.,0.,-1.));
#8403=IFCEXTRUDEDAREASOLID(#8397,#8401,#8402,0.040000000968575478);
#8404=IFCCARTESIANPOINTLIST2D(((0.,0.),(1.4499999992549419,0.),(1.4499999992549419,1.2499999515712261),(0.,1.2499999515712261)),$);
#8405=IFCINDEXEDPOLYCURVE(#8404,(IFCLINEINDEX((1,2,3,4,1))),$);
#8406=IFCCARTESIANPOINTLIST2D(((0.035000000149011612,0.035000000149011612),(1.4149999991059303,0.035000000149011612),(1.4149999991059303,1.2149999514222145),(0.035000000149011612,1.2149999514222145)),$);
#8407=IFCINDEXEDPOLYCURVE(#8406,(IFCLINEINDEX((1,2,3,4,1))),$);
#8408=IFCARBITRARYPROFILEDEFWITHVOIDS(.AREA.,$,#8405,(#8407));
#8409=IFCCARTESIANPOINT((0.02500000037252903,0.090000001713633537,0.02500000037252903));
#8410=IFCDIRECTION((0.,-1.,0.));
#8411=IFCDIRECTION((1.,0.,0.));
#8412=IFCAXIS2PLACEMENT3D(#8409,#8410,#8411);
#8413=IFCDIRECTION((0.,0.,-1.));
#8414=IFCEXTRUDEDAREASOLID(#8408,#8412,#8413,0.035000000149011612);
#8415=IFCINDEXEDPOLYCURVE(#8416,(IFCLINEINDEX((1,2,3,4,1))),$);
#8416=IFCCARTESIANPOINTLIST2D(((0.035000000149011612,0.035000000149011612),(1.4149999991059303,0.035000000149011612),(1.4149999991059303,1.2149999514222145),(0.035000000149011612,1.2149999514222145)),$);
#8417=IFCARBITRARYCLOSEDPROFILEDEF(.AREA.,$,#8415);
#8418=IFCCARTESIANPOINT((0.02500000037252903,0.10250000178813934,0.02500000037252903));
#8419=IFCDIRECTION((0.,-1.,0.));
#8420=IFCDIRECTION((1.,0.,0.));
#8421=IFCAXIS2PLACEMENT3D(#8418,#8419,#8420);
#8422=IFCDIRECTION((0.,0.,-1.));
#8423=IFCEXTRUDEDAREASOLID(#8417,#8421,#8422,0.01);
#8467=IFCCARTESIANPOINTLIST3D(((0.,0.,0.),(1.5,0.,0.),(1.5,0.,1.2999999523162842),(0.,0.,1.2999999523162842)),$);
#8468=IFCINDEXEDPOLYCURVE(#8467,(IFCLINEINDEX((1,2,3,4,1))),$);
#8469=IFCSHAPEREPRESENTATION(#18,'Profile','Curve3D',(#8468));
#8470=IFCCARTESIANPOINTLIST2D(((0.,0.),(1.5,0.),(1.5,1.2999999523162842),(0.,1.2999999523162842)),$);
#8471=IFCINDEXEDPOLYCURVE(#8470,(IFCLINEINDEX((1,2,3,4,1))),$);
#8472=IFCCARTESIANPOINTLIST2D(((0.02500000037252903,0.02500000037252903),(1.474999999627471,0.02500000037252903),(1.474999999627471,1.2749999519437551),(0.02500000037252903,1.2749999519437551)),$);
#8473=IFCINDEXEDPOLYCURVE(#8472,(IFCLINEINDEX((1,2,3,4,1))),$);
#8474=IFCARBITRARYPROFILEDEFWITHVOIDS(.AREA.,$,#8471,(#8473));
#8475=IFCCARTESIANPOINT((0.,0.090000001713633537,0.));
#8476=IFCDIRECTION((0.,-1.,0.));
#8477=IFCDIRECTION((1.,0.,0.));
#8478=IFCAXIS2PLACEMENT3D(#8475,#8476,#8477);
#8479=IFCDIRECTION((0.,0.,-1.));
#8480=IFCEXTRUDEDAREASOLID(#8474,#8478,#8479,0.0099999997764825821);
#8481=IFCCARTESIANPOINTLIST2D(((0.,0.),(1.5,0.),(1.5,1.2999999523162842),(0.,1.2999999523162842)),$);
#8482=IFCINDEXEDPOLYCURVE(#8481,(IFCLINEINDEX((1,2,3,4,1))),$);
#8483=IFCCARTESIANPOINTLIST2D(((0.05000000074505806,0.05000000074505806),(1.4499999992549419,0.05000000074505806),(1.4499999992549419,1.2499999515712261),(0.05000000074505806,1.2499999515712261)),$);
#8484=IFCINDEXEDPOLYCURVE(#8483,(IFCLINEINDEX((1,2,3,4,1))),$);
#8485=IFCARBITRARYPROFILEDEFWITHVOIDS(.AREA.,$,#8482,(#8484));
#8486=IFCCARTESIANPOINT((0.,0.05000000074505806,0.));
#8487=IFCDIRECTION((0.,-1.,0.));
#8488=IFCDIRECTION((1.,0.,0.));
#8489=IFCAXIS2PLACEMENT3D(#8486,#8487,#8488);
#8490=IFCDIRECTION((0.,0.,-1.));
#8491=IFCEXTRUDEDAREASOLID(#8485,#8489,#8490,0.040000000968575478);
#8492=IFCCARTESIANPOINTLIST2D(((0.,0.),(1.4499999992549419,0.),(1.4499999992549419,1.2499999515712261),(0.,1.2499999515712261)),$);
#8493=IFCINDEXEDPOLYCURVE(#8492,(IFCLINEINDEX((1,2,3,4,1))),$);
#8494=IFCCARTESIANPOINTLIST2D(((0.035000000149011612,0.035000000149011612),(1.4149999991059303,0.035000000149011612),(1.4149999991059303,1.2149999514222145),(0.035000000149011612,1.2149999514222145)),$);
#8495=IFCINDEXEDPOLYCURVE(#8494,(IFCLINEINDEX((1,2,3,4,1))),$);
#8496=IFCARBITRARYPROFILEDEFWITHVOIDS(.AREA.,$,#8493,(#8495));
#8497=IFCCARTESIANPOINT((0.02500000037252903,0.090000001713633537,0.02500000037252903));
#8498=IFCDIRECTION((0.,-1.,0.));
#8499=IFCDIRECTION((1.,0.,0.));
#8500=IFCAXIS2PLACEMENT3D(#8497,#8498,#8499);
#8501=IFCDIRECTION((0.,0.,-1.));
#8502=IFCEXTRUDEDAREASOLID(#8496,#8500,#8501,0.035000000149011612);
#8503=IFCINDEXEDPOLYCURVE(#8504,(IFCLINEINDEX((1,2,3,4,1))),$);
#8504=IFCCARTESIANPOINTLIST2D(((0.035000000149011612,0.035000000149011612),(1.4149999991059303,0.035000000149011612),(1.4149999991059303,1.2149999514222145),(0.035000000149011612,1.2149999514222145)),$);
#8505=IFCARBITRARYCLOSEDPROFILEDEF(.AREA.,$,#8503);
#8506=IFCCARTESIANPOINT((0.02500000037252903,0.10250000178813934,0.02500000037252903));
#8507=IFCDIRECTION((0.,-1.,0.));
#8508=IFCDIRECTION((1.,0.,0.));
#8509=IFCAXIS2PLACEMENT3D(#8506,#8507,#8508);
#8510=IFCDIRECTION((0.,0.,-1.));
#8511=IFCEXTRUDEDAREASOLID(#8505,#8509,#8510,0.01);
#8512=IFCSHAPEREPRESENTATION(#11,'Body','SweptSolid',(#8480,#8491,#8502,#8511));
#8513=IFCCARTESIANPOINTLIST2D(((0.05000000074505806,0.05000000074505806),(1.4499999992549419,0.05000000074505806)),$);
#8514=IFCINDEXEDPOLYCURVE(#8513,$,$);
#8515=IFCCARTESIANPOINTLIST2D(((0.,0.10000000149011612),(0.02500000037252903,0.10000000149011612),(0.02500000037252903,0.090000001713633537),(0.05000000074505806,0.090000001713633537),(0.05000000074505806,0.05000000074505806),(0.,0.05000000074505806)),$);
#8516=IFCINDEXEDPOLYCURVE(#8515,(IFCLINEINDEX((1,2,3,4,5,6,1))),$);
#8517=IFCCARTESIANPOINTLIST2D(((1.5,0.10000000149011612),(1.474999999627471,0.10000000149011612),(1.474999999627471,0.090000001713633537),(1.4499999992549419,0.090000001713633537),(1.4499999992549419,0.05000000074505806),(1.5,0.05000000074505806)),$);
#8518=IFCINDEXEDPOLYCURVE(#8517,(IFCLINEINDEX((1,2,3,4,5,6,1))),$);
#8519=IFCCARTESIANPOINTLIST2D(((0.02500000037252903,0.090000001713633537),(0.060000000521540642,0.090000001713633537),(0.060000000521540642,0.12500000186264515),(0.02500000037252903,0.12500000186264515)),$);
#8520=IFCINDEXEDPOLYCURVE(#8519,(IFCLINEINDEX((1,2,3,4,1))),$);
#8521=IFCINDEXEDPOLYCURVE(#8522,(IFCLINEINDEX((1,2,3,4,1))),$);
#8522=IFCCARTESIANPOINTLIST2D(((1.474999999627471,0.090000001713633537),(1.4399999994784594,0.090000001713633537),(1.4399999994784594,0.12500000186264515),(1.474999999627471,0.12500000186264515)),$);
#8523=IFCCARTESIANPOINTLIST2D(((0.060000000521540642,0.090000001713633537),(1.4399999994784594,0.090000001713633537)),$);
#8524=IFCINDEXEDPOLYCURVE(#8523,$,$);
#8525=IFCINDEXEDPOLYCURVE(#8526,$,$);
#8526=IFCCARTESIANPOINTLIST2D(((0.060000000521540642,0.12500000186264515),(1.4399999994784594,0.12500000186264515)),$);
#8527=IFCINDEXEDPOLYCURVE(#8528,$,$);
#8528=IFCCARTESIANPOINTLIST2D(((0.060000000521540642,0.10750000178813934),(1.4399999994784594,0.10750000178813934)),$);
#8529=IFCSHAPEREPRESENTATION(#24,'Body','Curve2D',(#8514,#8516,#8518,#8520,#8521,#8524,#8525,#8527));
#8530=IFCCARTESIANPOINTLIST2D(((0.,0.),(1.5,0.),(1.5,1.2999999523162842),(0.,1.2999999523162842)),$);
#8531=IFCINDEXEDPOLYCURVE(#8530,(IFCLINEINDEX((1,2,3,4,1))),$);
#8532=IFCARBITRARYCLOSEDPROFILEDEF(.AREA.,$,#8531);
#8533=IFCCARTESIANPOINT((0.,-0.60000002384185791,0.));
#8534=IFCDIRECTION((0.,-1.,0.));
#8535=IFCDIRECTION((1.,0.,0.));
#8536=IFCAXIS2PLACEMENT3D(#8533,#8534,#8535);
#8537=IFCDIRECTION((0.,0.,-1.));
#8538=IFCEXTRUDEDAREASOLID(#8532,#8536,#8537,1.2);
#8539=IFCSHAPEREPRESENTATION(#11,'Body','SweptSolid',(#8538));
#8545=IFCCARTESIANPOINT((1.5292712199685337,0.30000019063287642,0.80000001192092896));
#8546=IFCDIRECTION((0.,0.,1.));
#8547=IFCDIRECTION((-0.99999999999999956,3.1786498766447871E-08,0.));
#8548=IFCAXIS2PLACEMENT3D(#8545,#8546,#8547);
#8549=IFCLOCALPLACEMENT(#4152,#8548);
#8550=IFCCARTESIANPOINT((0.,0.,0.));
#8551=IFCDIRECTION((0.,0.,1.));
#8552=IFCDIRECTION((1.,0.,0.));
#8553=IFCAXIS2PLACEMENT3D(#8550,#8551,#8552);
#8554=IFCLOCALPLACEMENT(#8549,#8553);
#8586=IFCCARTESIANPOINTLIST2D(((0.,0.),(0.,0.10000000149011612),(1.7506990432739258,0.10000000149011612),(1.7506990432739258,0.)),$);
#8587=IFCINDEXEDPOLYCURVE(#8586,(IFCLINEINDEX((1,2,3,4,1))),$);
#8588=IFCARBITRARYCLOSEDPROFILEDEF(.AREA.,$,#8587);
#8589=IFCCARTESIANPOINT((0.,0.,0.));
#8590=IFCDIRECTION((0.,0.,1.));
#8591=IFCDIRECTION((1.,0.,0.));
#8592=IFCAXIS2PLACEMENT3D(#8589,#8590,#8591);
#8593=IFCDIRECTION((0.,0.,1.));
#8594=IFCEXTRUDEDAREASOLID(#8588,#8592,#8593,3.);
#8595=IFCSHAPEREPRESENTATION(#11,'Body','SweptSolid',(#8594));
#8596=IFCCARTESIANPOINTLIST2D(((0.,0.),(1.7506990432739258,0.)),$);
#8597=IFCINDEXEDPOLYCURVE(#8596,$,$);
#8598=IFCSHAPEREPRESENTATION(#23,'Axis','Curve2D',(#8597));
#8599=IFCOPENINGELEMENT('3NznJKvv1A_RINtPSU8TZb',$,'Opening',$,$,#9632,#9483,$,.OPENING.);
#8613=IFCRELVOIDSELEMENT('1_hfPBb69ER8QgUH0je3n_',$,$,$,#3600,#8599);
#8619=IFCRELFILLSELEMENT('3AlkQZwefETfk8JIDLVj2M',$,$,$,#8599,#7341);
#9083=IFCCARTESIANPOINT((4.7504170725740256,0.25000051956138236,0.));
#9084=IFCDIRECTION((0.,0.,1.));
#9085=IFCDIRECTION((-0.99999999999999611,-8.7422783678901773E-08,0.));
#9086=IFCAXIS2PLACEMENT3D(#9083,#9084,#9085);
#9087=IFCLOCALPLACEMENT(#2728,#9086);
#9088=IFCCARTESIANPOINT((3.5527136788005009E-15,0.,0.));
#9089=IFCDIRECTION((0.,0.,1.));
#9090=IFCDIRECTION((0.99999999999999978,2.6469779601696886E-23,0.));
#9091=IFCAXIS2PLACEMENT3D(#9088,#9089,#9090);
#9092=IFCLOCALPLACEMENT(#9087,#9091);
#9438=IFCRELDEFINESBYTYPE('29HeERmz14xQd02my$Ja7x',$,$,$,(#7341,#10013),#7964);
#9439=IFCCARTESIANPOINT((0.,0.,0.));
#9440=IFCDIRECTION((1.,0.,0.));
#9441=IFCDIRECTION((0.,1.,0.));
#9442=IFCDIRECTION((0.,0.,1.));
#9443=IFCCARTESIANTRANSFORMATIONOPERATOR3D(#9440,#9441,#9439,1.,#9442);
#9444=IFCMAPPEDITEM(#7967,#9443);
#9445=IFCSHAPEREPRESENTATION(#18,'Profile','MappedRepresentation',(#9444));
#9446=IFCPRODUCTDEFINITIONSHAPE($,$,(#9445,#9453,#9460));
#9447=IFCCARTESIANPOINT((0.,0.,0.));
#9448=IFCDIRECTION((1.,0.,0.));
#9449=IFCDIRECTION((0.,1.,0.));
#9450=IFCDIRECTION((0.,0.,1.));
#9451=IFCCARTESIANTRANSFORMATIONOPERATOR3D(#9448,#9449,#9447,1.,#9450);
#9452=IFCMAPPEDITEM(#7975,#9451);
#9453=IFCSHAPEREPRESENTATION(#11,'Body','MappedRepresentation',(#9452));
#9454=IFCCARTESIANPOINT((0.,0.,0.));
#9455=IFCDIRECTION((1.,0.,0.));
#9456=IFCDIRECTION((0.,1.,0.));
#9457=IFCDIRECTION((0.,0.,1.));
#9458=IFCCARTESIANTRANSFORMATIONOPERATOR3D(#9455,#9456,#9454,1.,#9457);
#9459=IFCMAPPEDITEM(#8053,#9458);
#9460=IFCSHAPEREPRESENTATION(#24,'Body','MappedRepresentation',(#9459));
#9471=IFCCARTESIANPOINT((0.,0.,0.));
#9472=IFCDIRECTION((1.,0.,0.));
#9473=IFCDIRECTION((0.,0.,1.));
#9474=IFCAXIS2PLACEMENT3D(#9471,#9473,#9472);
#9475=IFCREPRESENTATIONMAP(#9474,#9607);
#9476=IFCCARTESIANPOINT((0.,0.,0.));
#9477=IFCDIRECTION((1.,0.,0.));
#9478=IFCDIRECTION((0.,1.,0.));
#9479=IFCDIRECTION((0.,0.,1.));
#9480=IFCCARTESIANTRANSFORMATIONOPERATOR3D(#9477,#9478,#9476,1.,#9479);
#9481=IFCMAPPEDITEM(#9475,#9480);
#9482=IFCSHAPEREPRESENTATION(#11,'Body','MappedRepresentation',(#9481));
#9483=IFCPRODUCTDEFINITIONSHAPE($,$,(#9482));
#9494=IFCCARTESIANPOINT((0.9999995194375515,0.2499995231628418,0.));
#9495=IFCDIRECTION((0.,0.,1.));
#9496=IFCDIRECTION((-0.99999999999998868,1.5099580252808492E-07,0.));
#9497=IFCAXIS2PLACEMENT3D(#9494,#9495,#9496);
#9498=IFCLOCALPLACEMENT(#2504,#9497);
#9499=IFCCARTESIANPOINT((-1.7763568394002505E-15,-1.7763568394002505E-15,0.));
#9500=IFCDIRECTION((0.,0.,1.));
#9501=IFCDIRECTION((1.,0.,0.));
#9502=IFCAXIS2PLACEMENT3D(#9499,#9500,#9501);
#9503=IFCLOCALPLACEMENT(#9498,#9502);
#9504=IFCCARTESIANPOINTLIST3D(((0.,0.,0.),(0.89999997615814209,0.,0.),(0.89999997615814209,0.,2.0999999046325684),(0.,0.,2.0999999046325684)),$);
#9505=IFCINDEXEDPOLYCURVE(#9504,(IFCLINEINDEX((1,2,3,4,1))),$);
#9506=IFCSHAPEREPRESENTATION(#18,'Profile','Curve3D',(#9505));
#9507=IFCCARTESIANPOINTLIST2D(((0.,0.),(0.,2.0999999046325684),(0.89999997615814209,2.0999999046325684),(0.89999997615814209,0.),(0.87499997578561306,0.),(0.87499997578561306,2.0749999042600393),(0.02500000037252903,2.0749999042600393),(0.02500000037252903,0.)),$);
#9508=IFCINDEXEDPOLYCURVE(#9507,(IFCLINEINDEX((1,2,3,4,5,6,7,8,1))),$);
#9509=IFCARBITRARYCLOSEDPROFILEDEF(.AREA.,$,#9508);
#9510=IFCCARTESIANPOINT((0.,0.02500000037252903,0.));
#9511=IFCDIRECTION((0.,-1.,0.));
#9512=IFCDIRECTION((1.,0.,0.));
#9513=IFCAXIS2PLACEMENT3D(#9510,#9511,#9512);
#9514=IFCDIRECTION((0.,0.,-1.));
#9515=IFCEXTRUDEDAREASOLID(#9509,#9513,#9514,0.02500000037252903);
#9516=IFCCARTESIANPOINTLIST2D(((0.,0.),(0.,2.0999999046325684),(0.89999997615814209,2.0999999046325684),(0.89999997615814209,0.),(0.84999997541308403,0.),(0.84999997541308403,2.0499999038875103),(0.05000000074505806,2.0499999038875103),(0.05000000074505806,0.)),$);
#9517=IFCINDEXEDPOLYCURVE(#9516,(IFCLINEINDEX((1,2,3,4,5,6,7,8,1))),$);
#9518=IFCARBITRARYCLOSEDPROFILEDEF(.AREA.,$,#9517);
#9519=IFCCARTESIANPOINT((0.,0.,0.));
#9520=IFCDIRECTION((0.,-1.,0.));
#9521=IFCDIRECTION((1.,0.,0.));
#9522=IFCAXIS2PLACEMENT3D(#9519,#9520,#9521);
#9523=IFCDIRECTION((0.,0.,-1.));
#9524=IFCEXTRUDEDAREASOLID(#9518,#9522,#9523,0.02500000037252903);
#9525=IFCCARTESIANPOINTLIST2D(((0.,0.),(0.79999997466802597,0.),(0.79999997466802597,0.10000000149011612),(0.,0.10000000149011612)),$);
#9526=IFCINDEXEDPOLYCURVE(#9525,(IFCLINEINDEX((1,2,3,4,1))),$);
#9527=IFCARBITRARYCLOSEDPROFILEDEF(.AREA.,$,#9526);
#9528=IFCCARTESIANPOINT((0.05000000074505806,0.,0.));
#9529=IFCDIRECTION((0.,0.,1.));
#9530=IFCDIRECTION((1.,0.,0.));
#9531=IFCAXIS2PLACEMENT3D(#9528,#9529,#9530);
#9532=IFCDIRECTION((0.,0.,1.));
#9533=IFCEXTRUDEDAREASOLID(#9527,#9531,#9532,0.02500000037252903);
#9534=IFCCARTESIANPOINTLIST2D(((0.,0.),(0.,2.1249999068677425),(0.94999998062849045,2.1249999068677425),(0.94999998062849045,0.),(0.87499997764825821,0.),(0.87499997764825821,2.0499999038875103),(0.075000002980232239,2.0499999038875103),(0.075000002980232239,0.)),$);
#9535=IFCINDEXEDPOLYCURVE(#9534,(IFCLINEINDEX((1,2,3,4,5,6,7,8,1))),$);
#9536=IFCARBITRARYCLOSEDPROFILEDEF(.AREA.,$,#9535);
#9537=IFCCARTESIANPOINT((-0.025000002235174179,-0.004999999888241291,0.));
#9538=IFCDIRECTION((0.,-1.,0.));
#9539=IFCDIRECTION((1.,0.,0.));
#9540=IFCAXIS2PLACEMENT3D(#9537,#9538,#9539);
#9541=IFCDIRECTION((0.,0.,-1.));
#9542=IFCEXTRUDEDAREASOLID(#9536,#9540,#9541,0.004999999888241291);
#9543=IFCCARTESIANPOINTLIST2D(((0.,0.),(0.,2.1249999068677425),(0.94999998062849045,2.1249999068677425),(0.94999998062849045,0.),(0.89999997802078724,0.),(0.89999997802078724,2.0749999042600393),(0.050000002607703209,2.0749999042600393),(0.050000002607703209,0.)),$);
#9544=IFCINDEXEDPOLYCURVE(#9543,(IFCLINEINDEX((1,2,3,4,5,6,7,8,1))),$);
#9545=IFCARBITRARYCLOSEDPROFILEDEF(.AREA.,$,#9544);
#9546=IFCCARTESIANPOINT((-0.025000002235174179,0.05000000074505806,0.));
#9547=IFCDIRECTION((0.,-1.,0.));
#9548=IFCDIRECTION((1.,0.,0.));
#9549=IFCAXIS2PLACEMENT3D(#9546,#9547,#9548);
#9550=IFCDIRECTION((0.,0.,-1.));
#9551=IFCEXTRUDEDAREASOLID(#9545,#9549,#9550,0.004999999888241291);
#9552=IFCCARTESIANPOINTLIST2D(((0.,0.),(0.84999997541308403,0.),(0.84999997541308403,0.035000000149011612),(0.,0.035000000149011612)),$);
#9553=IFCINDEXEDPOLYCURVE(#9552,(IFCLINEINDEX((1,2,3,4,1))),$);
#9554=IFCARBITRARYCLOSEDPROFILEDEF(.AREA.,$,#9553);
#9555=IFCCARTESIANPOINT((0.02500000037252903,0.02500000037252903,0.02500000037252903));
#9556=IFCDIRECTION((0.,0.,1.));
#9557=IFCDIRECTION((1.,0.,0.));
#9558=IFCAXIS2PLACEMENT3D(#9555,#9556,#9557);
#9559=IFCDIRECTION((0.,0.,1.));
#9560=IFCEXTRUDEDAREASOLID(#9554,#9558,#9559,2.0499999038875103);
#9561=IFCCARTESIANPOINTLIST2D(((0.,0.),(0.,-0.040000000000000001),(0.12,-0.040000000000000001),(0.12,-0.02),(0.02,-0.02),(0.02,0.)),$);
#9562=IFCINDEXEDPOLYCURVE(#9561,(IFCLINEINDEX((1,2,3,4,5,6,1))),$);
#9563=IFCARBITRARYCLOSEDPROFILEDEF(.AREA.,$,#9562);
#9564=IFCCARTESIANPOINT((0.075000000372529033,0.02500000037252903,1.015000000372529));
#9565=IFCDIRECTION((0.,0.,1.));
#9566=IFCDIRECTION((1.,0.,0.));
#9567=IFCAXIS2PLACEMENT3D(#9564,#9565,#9566);
#9568=IFCDIRECTION((0.,0.,1.));
#9569=IFCEXTRUDEDAREASOLID(#9563,#9567,#9568,0.02);
#9570=IFCEXTRUDEDAREASOLID(#9571,#9574,#9578,0.02);
#9571=IFCARBITRARYCLOSEDPROFILEDEF(.AREA.,$,#9572);
#9572=IFCINDEXEDPOLYCURVE(#9573,(IFCLINEINDEX((1,2,3,4,5,6,1))),$);
#9573=IFCCARTESIANPOINTLIST2D(((0.,0.),(0.,0.040000000000000008),(0.11999999999999998,0.040000000000000008),(0.11999999999999998,0.020000000000000004),(0.020000000000000004,0.020000000000000004),(0.020000000000000004,0.)),$);
#9574=IFCAXIS2PLACEMENT3D(#9575,#9576,#9577);
#9575=IFCCARTESIANPOINT((0.075000000372529033,0.060000000521540642,1.015000000372529));
#9576=IFCDIRECTION((0.,0.,1.));
#9577=IFCDIRECTION((1.,0.,0.));
#9578=IFCDIRECTION((0.,0.,1.));
#9579=IFCSHAPEREPRESENTATION(#11,'Body','SweptSolid',(#9515,#9524,#9560,#9569,#9570,#9533,#9542,#9551));
#9580=IFCSHAPEREPRESENTATION(#11,'Body','SweptSolid',(#9515,#9524,#9533,#9542,#9551));
#9581=IFCSHAPEASPECT((#9580),'Lining',$,.T.,#9446);
#9582=IFCSHAPEREPRESENTATION(#11,'Body','SweptSolid',(#9560,#9569,#9570));
#9583=IFCSHAPEASPECT((#9582),'Framing',$,.T.,#9446);
#9584=IFCCARTESIANPOINTLIST2D(((0.,0.),(0.,0.05000000074505806),(0.02500000037252903,0.05000000074505806),(0.02500000037252903,0.02500000037252903),(0.05000000074505806,0.02500000037252903),(0.05000000074505806,0.)),$);
#9585=IFCINDEXEDPOLYCURVE(#9584,(IFCLINEINDEX((1,2,3,4,5,6,1))),$);
#9586=IFCINDEXEDPOLYCURVE(#9587,(IFCLINEINDEX((1,2,3,4,5,6,1))),$);
#9587=IFCCARTESIANPOINTLIST2D(((0.89999997615814209,0.),(0.89999997615814209,0.05000000074505806),(0.87499997578561306,0.05000000074505806),(0.87499997578561306,0.02500000037252903),(0.84999997541308403,0.02500000037252903),(0.84999997541308403,0.)),$);
#9588=IFCDIRECTION((1.,0.));
#9589=IFCCARTESIANPOINT((0.83999997563660145,0.05000000074505806));
#9590=IFCAXIS2PLACEMENT2D(#9589,#9588);
#9591=IFCELLIPSE(#9590,0.81499997526407242,0.84999997541308403);
#9592=IFCCARTESIANPOINT((0.83999997563660145,0.89999997615814209));
#9593=IFCCARTESIANPOINT((0.02500000037252903,0.05000000074505806));
#9594=IFCTRIMMEDCURVE(#9591,(#9592),(#9593),.T.,.CARTESIAN.);
#9595=IFCCARTESIANPOINTLIST2D(((0.87499997578561306,0.05000000074505806),(0.83999997563660145,0.05000000074505806),(0.83999997563660145,0.89999997615814209),(0.87499997578561306,0.89999997615814209)),$);
#9596=IFCINDEXEDPOLYCURVE(#9595,(IFCLINEINDEX((1,2,3,4,1))),$);
#9597=IFCSHAPEREPRESENTATION(#24,'Body','Curve2D',(#9585,#9586,#9594,#9596));
#9598=IFCCARTESIANPOINTLIST2D(((0.,0.),(0.89999997615814209,0.),(0.89999997615814209,2.0999999046325684),(0.,2.0999999046325684)),$);
#9599=IFCINDEXEDPOLYCURVE(#9598,(IFCLINEINDEX((1,2,3,4,1))),$);
#9600=IFCARBITRARYCLOSEDPROFILEDEF(.AREA.,$,#9599);
#9601=IFCCARTESIANPOINT((0.,-0.60000002384185791,0.));
#9602=IFCDIRECTION((0.,-1.,0.));
#9603=IFCDIRECTION((1.,0.,0.));
#9604=IFCAXIS2PLACEMENT3D(#9601,#9602,#9603);
#9605=IFCDIRECTION((0.,0.,-1.));
#9606=IFCEXTRUDEDAREASOLID(#9600,#9604,#9605,1.2);
#9607=IFCSHAPEREPRESENTATION(#11,'Body','SweptSolid',(#9606));
#9628=IFCCARTESIANPOINT((0.85069894790649414,3.337860107421875E-05,0.));
#9629=IFCDIRECTION((0.,0.,1.));
#9630=IFCDIRECTION((0.99999999999590727,-2.8610229492070406E-06,0.));
#9631=IFCAXIS2PLACEMENT3D(#9628,#9629,#9630);
#9632=IFCLOCALPLACEMENT(#3629,#9631);
#9633=IFCCARTESIANPOINT((-1.7763568394002505E-15,0.,0.));
#9634=IFCDIRECTION((0.,0.,1.));
#9635=IFCDIRECTION((1.,0.,0.));
#9636=IFCAXIS2PLACEMENT3D(#9633,#9634,#9635);
#9637=IFCLOCALPLACEMENT(#9632,#9636);
#9643=IFCCARTESIANPOINT((3.75,0.25,0.));
#9644=IFCDIRECTION((0.,0.,1.));
#9645=IFCDIRECTION((-0.99999999999998868,1.5099580252808492E-07,0.));
#9646=IFCAXIS2PLACEMENT3D(#9643,#9644,#9645);
#9647=IFCLOCALPLACEMENT(#1795,#9646);
#9648=IFCCARTESIANPOINT((-1.7763568394002505E-15,-3.5527136788005009E-15,0.));
#9649=IFCDIRECTION((0.,0.,1.));
#9650=IFCDIRECTION((1.,0.,0.));
#9651=IFCAXIS2PLACEMENT3D(#9648,#9649,#9650);
#9652=IFCLOCALPLACEMENT(#9647,#9651);
#9653=IFCCARTESIANPOINT((0.,0.,0.));
#9654=IFCDIRECTION((1.,0.,0.));
#9655=IFCDIRECTION((0.,1.,0.));
#9656=IFCDIRECTION((0.,0.,1.));
#9657=IFCCARTESIANTRANSFORMATIONOPERATOR3D(#9654,#9655,#9653,1.,#9656);
#9658=IFCMAPPEDITEM(#4347,#9657);
#9659=IFCSHAPEREPRESENTATION(#18,'Profile','MappedRepresentation',(#9658));
#9660=IFCPRODUCTDEFINITIONSHAPE($,$,(#9659,#9667,#9674));
#9661=IFCCARTESIANPOINT((0.,0.,0.));
#9662=IFCDIRECTION((1.,0.,0.));
#9663=IFCDIRECTION((0.,1.,0.));
#9664=IFCDIRECTION((0.,0.,1.));
#9665=IFCCARTESIANTRANSFORMATIONOPERATOR3D(#9662,#9663,#9661,1.,#9664);
#9666=IFCMAPPEDITEM(#4425,#9665);
#9667=IFCSHAPEREPRESENTATION(#11,'Body','MappedRepresentation',(#9666));
#9668=IFCCARTESIANPOINT((0.,0.,0.));
#9669=IFCDIRECTION((1.,0.,0.));
#9670=IFCDIRECTION((0.,1.,0.));
#9671=IFCDIRECTION((0.,0.,1.));
#9672=IFCCARTESIANTRANSFORMATIONOPERATOR3D(#9669,#9670,#9668,1.,#9671);
#9673=IFCMAPPEDITEM(#4444,#9672);
#9674=IFCSHAPEREPRESENTATION(#24,'Body','MappedRepresentation',(#9673));
#9675=IFCCARTESIANPOINT((0.,0.,0.));
#9676=IFCDIRECTION((1.,0.,0.));
#9677=IFCDIRECTION((0.,1.,0.));
#9678=IFCDIRECTION((0.,0.,1.));
#9679=IFCCARTESIANTRANSFORMATIONOPERATOR3D(#9676,#9677,#9675,1.,#9678);
#9680=IFCMAPPEDITEM(#6408,#9679);
#9681=IFCSHAPEREPRESENTATION(#11,'Body','MappedRepresentation',(#9680));
#9682=IFCPRODUCTDEFINITIONSHAPE($,$,(#9681));
#9683=IFCCARTESIANPOINT((0.,0.,0.));
#9684=IFCDIRECTION((1.,0.,0.));
#9685=IFCDIRECTION((0.,1.,0.));
#9686=IFCDIRECTION((0.,0.,1.));
#9687=IFCCARTESIANTRANSFORMATIONOPERATOR3D(#9684,#9685,#9683,1.,#9686);
#9688=IFCMAPPEDITEM(#7581,#9687);
#9689=IFCSHAPEREPRESENTATION(#18,'Profile','MappedRepresentation',(#9688));
#9690=IFCPRODUCTDEFINITIONSHAPE($,$,(#9689,#9697,#9704));
#9691=IFCCARTESIANPOINT((0.,0.,0.));
#9692=IFCDIRECTION((1.,0.,0.));
#9693=IFCDIRECTION((0.,1.,0.));
#9694=IFCDIRECTION((0.,0.,1.));
#9695=IFCCARTESIANTRANSFORMATIONOPERATOR3D(#9692,#9693,#9691,1.,#9694);
#9696=IFCMAPPEDITEM(#7589,#9695);
#9697=IFCSHAPEREPRESENTATION(#11,'Body','MappedRepresentation',(#9696));
#9698=IFCCARTESIANPOINT((0.,0.,0.));
#9699=IFCDIRECTION((1.,0.,0.));
#9700=IFCDIRECTION((0.,1.,0.));
#9701=IFCDIRECTION((0.,0.,1.));
#9702=IFCCARTESIANTRANSFORMATIONOPERATOR3D(#9699,#9700,#9698,1.,#9701);
#9703=IFCMAPPEDITEM(#7667,#9702);
#9704=IFCSHAPEREPRESENTATION(#24,'Body','MappedRepresentation',(#9703));
#9705=IFCCARTESIANPOINT((0.,0.,0.));
#9706=IFCDIRECTION((1.,0.,0.));
#9707=IFCDIRECTION((0.,1.,0.));
#9708=IFCDIRECTION((0.,0.,1.));
#9709=IFCCARTESIANTRANSFORMATIONOPERATOR3D(#9706,#9707,#9705,1.,#9708);
#9710=IFCMAPPEDITEM(#8204,#9709);
#9711=IFCSHAPEREPRESENTATION(#11,'Body','MappedRepresentation',(#9710));
#9712=IFCPRODUCTDEFINITIONSHAPE($,$,(#9711));
#9718=IFCCARTESIANPOINT((3.5017690658569336,0.25,0.));
#9719=IFCDIRECTION((0.,0.,1.));
#9720=IFCDIRECTION((-0.99999999999998868,1.5099580252808492E-07,0.));
#9721=IFCAXIS2PLACEMENT3D(#9718,#9719,#9720);
#9722=IFCLOCALPLACEMENT(#3718,#9721);
#9723=IFCCARTESIANPOINT((0.,0.,0.));
#9724=IFCDIRECTION((0.,0.,1.));
#9725=IFCDIRECTION((1.,0.,0.));
#9726=IFCAXIS2PLACEMENT3D(#9723,#9724,#9725);
#9727=IFCLOCALPLACEMENT(#9722,#9726);
#9728=IFCRELDEFINESBYTYPE('1hAC$8FjjAyg9DLFyAulCD',$,$,$,(#8072,#10192),#6962);
#9729=IFCCARTESIANPOINT((0.,0.,0.));
#9730=IFCDIRECTION((1.,0.,0.));
#9731=IFCDIRECTION((0.,1.,0.));
#9732=IFCDIRECTION((0.,0.,1.));
#9733=IFCCARTESIANTRANSFORMATIONOPERATOR3D(#9730,#9731,#9729,1.,#9732);
#9734=IFCMAPPEDITEM(#6965,#9733);
#9735=IFCSHAPEREPRESENTATION(#18,'Profile','MappedRepresentation',(#9734));
#9736=IFCPRODUCTDEFINITIONSHAPE($,$,(#9735,#9743,#9750));
#9737=IFCCARTESIANPOINT((0.,0.,0.));
#9738=IFCDIRECTION((1.,0.,0.));
#9739=IFCDIRECTION((0.,1.,0.));
#9740=IFCDIRECTION((0.,0.,1.));
#9741=IFCCARTESIANTRANSFORMATIONOPERATOR3D(#9738,#9739,#9737,1.,#9740);
#9742=IFCMAPPEDITEM(#6973,#9741);
#9743=IFCSHAPEREPRESENTATION(#11,'Body','MappedRepresentation',(#9742));
#9744=IFCCARTESIANPOINT((0.,0.,0.));
#9745=IFCDIRECTION((1.,0.,0.));
#9746=IFCDIRECTION((0.,1.,0.));
#9747=IFCDIRECTION((0.,0.,1.));
#9748=IFCCARTESIANTRANSFORMATIONOPERATOR3D(#9745,#9746,#9744,1.,#9747);
#9749=IFCMAPPEDITEM(#7051,#9748);
#9750=IFCSHAPEREPRESENTATION(#24,'Body','MappedRepresentation',(#9749));
#9807=IFCCARTESIANPOINT((0.,0.,0.));
#9808=IFCDIRECTION((1.,0.,0.));
#9809=IFCDIRECTION((0.,0.,1.));
#9810=IFCAXIS2PLACEMENT3D(#9807,#9809,#9808);
#9811=IFCREPRESENTATIONMAP(#9810,#9923);
#9812=IFCCARTESIANPOINT((0.,0.,0.));
#9813=IFCDIRECTION((1.,0.,0.));
#9814=IFCDIRECTION((0.,1.,0.));
#9815=IFCDIRECTION((0.,0.,1.));
#9816=IFCCARTESIANTRANSFORMATIONOPERATOR3D(#9813,#9814,#9812,1.,#9815);
#9817=IFCMAPPEDITEM(#9811,#9816);
#9818=IFCSHAPEREPRESENTATION(#11,'Body','MappedRepresentation',(#9817));
#9819=IFCPRODUCTDEFINITIONSHAPE($,$,(#9818));
#9820=IFCCARTESIANPOINTLIST3D(((0.,0.,0.),(0.89999997615814209,0.,0.),(0.89999997615814209,0.,2.0999999046325684),(0.,0.,2.0999999046325684)),$);
#9821=IFCINDEXEDPOLYCURVE(#9820,(IFCLINEINDEX((1,2,3,4,1))),$);
#9822=IFCSHAPEREPRESENTATION(#18,'Profile','Curve3D',(#9821));
#9823=IFCCARTESIANPOINTLIST2D(((0.,0.),(0.,2.0999999046325684),(0.89999997615814209,2.0999999046325684),(0.89999997615814209,0.),(0.87499997578561306,0.),(0.87499997578561306,2.0749999042600393),(0.02500000037252903,2.0749999042600393),(0.02500000037252903,0.)),$);
#9824=IFCINDEXEDPOLYCURVE(#9823,(IFCLINEINDEX((1,2,3,4,5,6,7,8,1))),$);
#9825=IFCARBITRARYCLOSEDPROFILEDEF(.AREA.,$,#9824);
#9826=IFCCARTESIANPOINT((0.,0.02500000037252903,0.));
#9827=IFCDIRECTION((0.,-1.,0.));
#9828=IFCDIRECTION((1.,0.,0.));
#9829=IFCAXIS2PLACEMENT3D(#9826,#9827,#9828);
#9830=IFCDIRECTION((0.,0.,-1.));
#9831=IFCEXTRUDEDAREASOLID(#9825,#9829,#9830,0.02500000037252903);
#9832=IFCCARTESIANPOINTLIST2D(((0.,0.),(0.,2.0999999046325684),(0.89999997615814209,2.0999999046325684),(0.89999997615814209,0.),(0.84999997541308403,0.),(0.84999997541308403,2.0499999038875103),(0.05000000074505806,2.0499999038875103),(0.05000000074505806,0.)),$);
#9833=IFCINDEXEDPOLYCURVE(#9832,(IFCLINEINDEX((1,2,3,4,5,6,7,8,1))),$);
#9834=IFCARBITRARYCLOSEDPROFILEDEF(.AREA.,$,#9833);
#9835=IFCCARTESIANPOINT((0.,0.,0.));
#9836=IFCDIRECTION((0.,-1.,0.));
#9837=IFCDIRECTION((1.,0.,0.));
#9838=IFCAXIS2PLACEMENT3D(#9835,#9836,#9837);
#9839=IFCDIRECTION((0.,0.,-1.));
#9840=IFCEXTRUDEDAREASOLID(#9834,#9838,#9839,0.02500000037252903);
#9841=IFCCARTESIANPOINTLIST2D(((0.,0.),(0.79999997466802597,0.),(0.79999997466802597,0.10000000149011612),(0.,0.10000000149011612)),$);
#9842=IFCINDEXEDPOLYCURVE(#9841,(IFCLINEINDEX((1,2,3,4,1))),$);
#9843=IFCARBITRARYCLOSEDPROFILEDEF(.AREA.,$,#9842);
#9844=IFCCARTESIANPOINT((0.05000000074505806,0.,0.));
#9845=IFCDIRECTION((0.,0.,1.));
#9846=IFCDIRECTION((1.,0.,0.));
#9847=IFCAXIS2PLACEMENT3D(#9844,#9845,#9846);
#9848=IFCDIRECTION((0.,0.,1.));
#9849=IFCEXTRUDEDAREASOLID(#9843,#9847,#9848,0.02500000037252903);
#9850=IFCCARTESIANPOINTLIST2D(((0.,0.),(0.,2.1249999068677425),(0.94999998062849045,2.1249999068677425),(0.94999998062849045,0.),(0.87499997764825821,0.),(0.87499997764825821,2.0499999038875103),(0.075000002980232239,2.0499999038875103),(0.075000002980232239,0.)),$);
#9851=IFCINDEXEDPOLYCURVE(#9850,(IFCLINEINDEX((1,2,3,4,5,6,7,8,1))),$);
#9852=IFCARBITRARYCLOSEDPROFILEDEF(.AREA.,$,#9851);
#9853=IFCCARTESIANPOINT((-0.025000002235174179,-0.004999999888241291,0.));
#9854=IFCDIRECTION((0.,-1.,0.));
#9855=IFCDIRECTION((1.,0.,0.));
#9856=IFCAXIS2PLACEMENT3D(#9853,#9854,#9855);
#9857=IFCDIRECTION((0.,0.,-1.));
#9858=IFCEXTRUDEDAREASOLID(#9852,#9856,#9857,0.004999999888241291);
#9859=IFCCARTESIANPOINTLIST2D(((0.,0.),(0.,2.1249999068677425),(0.94999998062849045,2.1249999068677425),(0.94999998062849045,0.),(0.89999997802078724,0.),(0.89999997802078724,2.0749999042600393),(0.050000002607703209,2.0749999042600393),(0.050000002607703209,0.)),$);
#9860=IFCINDEXEDPOLYCURVE(#9859,(IFCLINEINDEX((1,2,3,4,5,6,7,8,1))),$);
#9861=IFCARBITRARYCLOSEDPROFILEDEF(.AREA.,$,#9860);
#9862=IFCCARTESIANPOINT((-0.025000002235174179,0.05000000074505806,0.));
#9863=IFCDIRECTION((0.,-1.,0.));
#9864=IFCDIRECTION((1.,0.,0.));
#9865=IFCAXIS2PLACEMENT3D(#9862,#9863,#9864);
#9866=IFCDIRECTION((0.,0.,-1.));
#9867=IFCEXTRUDEDAREASOLID(#9861,#9865,#9866,0.004999999888241291);
#9868=IFCCARTESIANPOINTLIST2D(((0.,0.),(0.84999997541308403,0.),(0.84999997541308403,0.035000000149011612),(0.,0.035000000149011612)),$);
#9869=IFCINDEXEDPOLYCURVE(#9868,(IFCLINEINDEX((1,2,3,4,1))),$);
#9870=IFCARBITRARYCLOSEDPROFILEDEF(.AREA.,$,#9869);
#9871=IFCCARTESIANPOINT((0.02500000037252903,0.02500000037252903,0.02500000037252903));
#9872=IFCDIRECTION((0.,0.,1.));
#9873=IFCDIRECTION((1.,0.,0.));
#9874=IFCAXIS2PLACEMENT3D(#9871,#9872,#9873);
#9875=IFCDIRECTION((0.,0.,1.));
#9876=IFCEXTRUDEDAREASOLID(#9870,#9874,#9875,2.0499999038875103);
#9877=IFCCARTESIANPOINTLIST2D(((0.,0.),(0.,-0.040000000000000001),(0.12,-0.040000000000000001),(0.12,-0.02),(0.02,-0.02),(0.02,0.)),$);
#9878=IFCINDEXEDPOLYCURVE(#9877,(IFCLINEINDEX((1,2,3,4,5,6,1))),$);
#9879=IFCARBITRARYCLOSEDPROFILEDEF(.AREA.,$,#9878);
#9880=IFCCARTESIANPOINT((0.075000000372529033,0.02500000037252903,1.015000000372529));
#9881=IFCDIRECTION((0.,0.,1.));
#9882=IFCDIRECTION((1.,0.,0.));
#9883=IFCAXIS2PLACEMENT3D(#9880,#9881,#9882);
#9884=IFCDIRECTION((0.,0.,1.));
#9885=IFCEXTRUDEDAREASOLID(#9879,#9883,#9884,0.02);
#9886=IFCEXTRUDEDAREASOLID(#9887,#9890,#9894,0.02);
#9887=IFCARBITRARYCLOSEDPROFILEDEF(.AREA.,$,#9888);
#9888=IFCINDEXEDPOLYCURVE(#9889,(IFCLINEINDEX((1,2,3,4,5,6,1))),$);
#9889=IFCCARTESIANPOINTLIST2D(((0.,0.),(0.,0.040000000000000008),(0.11999999999999998,0.040000000000000008),(0.11999999999999998,0.020000000000000004),(0.020000000000000004,0.020000000000000004),(0.020000000000000004,0.)),$);
#9890=IFCAXIS2PLACEMENT3D(#9891,#9892,#9893);
#9891=IFCCARTESIANPOINT((0.075000000372529033,0.060000000521540642,1.015000000372529));
#9892=IFCDIRECTION((0.,0.,1.));
#9893=IFCDIRECTION((1.,0.,0.));
#9894=IFCDIRECTION((0.,0.,1.));
#9895=IFCSHAPEREPRESENTATION(#11,'Body','SweptSolid',(#9831,#9840,#9876,#9885,#9886,#9849,#9858,#9867));
#9896=IFCSHAPEREPRESENTATION(#11,'Body','SweptSolid',(#9831,#9840,#9849,#9858,#9867));
#9897=IFCSHAPEASPECT((#9896),'Lining',$,.T.,#6973);
#9898=IFCSHAPEREPRESENTATION(#11,'Body','SweptSolid',(#9876,#9885,#9886));
#9899=IFCSHAPEASPECT((#9898),'Framing',$,.T.,#6973);
#9900=IFCCARTESIANPOINTLIST2D(((0.,0.),(0.,0.05000000074505806),(0.02500000037252903,0.05000000074505806),(0.02500000037252903,0.02500000037252903),(0.05000000074505806,0.02500000037252903),(0.05000000074505806,0.)),$);
#9901=IFCINDEXEDPOLYCURVE(#9900,(IFCLINEINDEX((1,2,3,4,5,6,1))),$);
#9902=IFCINDEXEDPOLYCURVE(#9903,(IFCLINEINDEX((1,2,3,4,5,6,1))),$);
#9903=IFCCARTESIANPOINTLIST2D(((0.89999997615814209,0.),(0.89999997615814209,0.05000000074505806),(0.87499997578561306,0.05000000074505806),(0.87499997578561306,0.02500000037252903),(0.84999997541308403,0.02500000037252903),(0.84999997541308403,0.)),$);
#9904=IFCDIRECTION((1.,0.));
#9905=IFCCARTESIANPOINT((0.83999997563660145,0.05000000074505806));
#9906=IFCAXIS2PLACEMENT2D(#9905,#9904);
#9907=IFCELLIPSE(#9906,0.81499997526407242,0.84999997541308403);
#9908=IFCCARTESIANPOINT((0.83999997563660145,0.89999997615814209));
#9909=IFCCARTESIANPOINT((0.02500000037252903,0.05000000074505806));
#9910=IFCTRIMMEDCURVE(#9907,(#9908),(#9909),.T.,.CARTESIAN.);
#9911=IFCCARTESIANPOINTLIST2D(((0.87499997578561306,0.05000000074505806),(0.83999997563660145,0.05000000074505806),(0.83999997563660145,0.89999997615814209),(0.87499997578561306,0.89999997615814209)),$);
#9912=IFCINDEXEDPOLYCURVE(#9911,(IFCLINEINDEX((1,2,3,4,1))),$);
#9913=IFCSHAPEREPRESENTATION(#24,'Body','Curve2D',(#9901,#9902,#9910,#9912));
#9914=IFCCARTESIANPOINTLIST2D(((0.,0.),(0.89999997615814209,0.),(0.89999997615814209,2.0999999046325684),(0.,2.0999999046325684)),$);
#9915=IFCINDEXEDPOLYCURVE(#9914,(IFCLINEINDEX((1,2,3,4,1))),$);
#9916=IFCARBITRARYCLOSEDPROFILEDEF(.AREA.,$,#9915);
#9917=IFCCARTESIANPOINT((0.,-0.60000002384185791,0.));
#9918=IFCDIRECTION((0.,-1.,0.));
#9919=IFCDIRECTION((1.,0.,0.));
#9920=IFCAXIS2PLACEMENT3D(#9917,#9918,#9919);
#9921=IFCDIRECTION((0.,0.,-1.));
#9922=IFCEXTRUDEDAREASOLID(#9916,#9920,#9921,1.2);
#9923=IFCSHAPEREPRESENTATION(#11,'Body','SweptSolid',(#9922));
#9959=IFCCARTESIANPOINT((0.50058364868164062,2.1881206180296431E-08,0.));
#9960=IFCDIRECTION((0.,0.,1.));
#9961=IFCDIRECTION((0.99999999999997158,-2.3841858620698012E-07,0.));
#9962=IFCAXIS2PLACEMENT3D(#9959,#9960,#9961);
#9963=IFCLOCALPLACEMENT(#4032,#9962);
#9964=IFCCARTESIANPOINT((-3.5527136788005009E-15,0.,0.));
#9965=IFCDIRECTION((0.,0.,1.));
#9966=IFCDIRECTION((1.,0.,0.));
#9967=IFCAXIS2PLACEMENT3D(#9964,#9965,#9966);
#9968=IFCLOCALPLACEMENT(#9963,#9967);
#9969=IFCPROPERTYSET('2hzw3UGE5EO9PC5O3hn_Lb',$,'EPset_Status',$,(#9972));
#9970=IFCRELDEFINESBYPROPERTIES('1GmV4jwx18phBaKQUAiYtD',$,$,$,(#3096),#9969);
#9971=IFCPROPERTYENUMERATION('Status',(IFCLABEL('NEW'),IFCLABEL('EXISTING'),IFCLABEL('DEMOLISH'),IFCLABEL('TEMPORARY'),IFCLABEL('OTHER'),IFCLABEL('NOTKNOWN'),IFCLABEL('UNSET')),$);
#9972=IFCPROPERTYENUMERATEDVALUE('Status',$,(IFCLABEL('NEW'),IFCLABEL('EXISTING')),#9971);
#9973=IFCPROPERTYSET('3R6bCgrPb1BBMM4FfgCYFW',$,'EPset_Status',$,(#9976));
#9974=IFCRELDEFINESBYPROPERTIES('0oArOJdBf7B8FGmR_wu2u6',$,$,$,(#3966),#9973);
#9975=IFCPROPERTYENUMERATION('Status',(IFCLABEL('NEW'),IFCLABEL('EXISTING'),IFCLABEL('DEMOLISH'),IFCLABEL('TEMPORARY'),IFCLABEL('OTHER'),IFCLABEL('NOTKNOWN'),IFCLABEL('UNSET')),$);
#9976=IFCPROPERTYENUMERATEDVALUE('Status',$,(IFCLABEL('EXISTING'),IFCLABEL('DEMOLISH')),#9975);
#9977=IFCPROPERTYSET('1B$4BJDQDDjOZY40d0z8Ym',$,'EPset_Status',$,(#9980));
#9978=IFCRELDEFINESBYPROPERTIES('0cEzQ75GjD6uBNOkf4qNod',$,$,$,(#3735),#9977);
#9979=IFCPROPERTYENUMERATION('Status',(IFCLABEL('NEW'),IFCLABEL('EXISTING'),IFCLABEL('DEMOLISH'),IFCLABEL('TEMPORARY'),IFCLABEL('OTHER'),IFCLABEL('NOTKNOWN'),IFCLABEL('UNSET')),$);
#9980=IFCPROPERTYENUMERATEDVALUE('Status',$,(IFCLABEL('EXISTING'),IFCLABEL('DEMOLISH')),#9979);
#9981=IFCPROPERTYSET('2DepriQVPEv8J1XawuM4cT',$,'EPset_Status',$,(#9984));
#9982=IFCRELDEFINESBYPROPERTIES('1ucLQ2$o5Cvv7cojrfcONS',$,$,$,(#3600),#9981);
#9983=IFCPROPERTYENUMERATION('Status',(IFCLABEL('NEW'),IFCLABEL('EXISTING'),IFCLABEL('DEMOLISH'),IFCLABEL('TEMPORARY'),IFCLABEL('OTHER'),IFCLABEL('NOTKNOWN'),IFCLABEL('UNSET')),$);
#9984=IFCPROPERTYENUMERATEDVALUE('Status',$,(IFCLABEL('EXISTING'),IFCLABEL('DEMOLISH')),#9983);
#10013=IFCDOOR('1NvX1BIKX5rRyRJO1HWLcu',$,'Door',$,$,#10115,#10026,$,2.0999999046325684,0.89999997615814209,$,.SINGLE_SWING_RIGHT.,$);
#10019=IFCCARTESIANPOINT((0.,0.,0.));
#10020=IFCDIRECTION((1.,0.,0.));
#10021=IFCDIRECTION((0.,1.,0.));
#10022=IFCDIRECTION((0.,0.,1.));
#10023=IFCCARTESIANTRANSFORMATIONOPERATOR3D(#10020,#10021,#10019,1.,#10022);
#10024=IFCMAPPEDITEM(#7967,#10023);
#10025=IFCSHAPEREPRESENTATION(#18,'Profile','MappedRepresentation',(#10024));
#10026=IFCPRODUCTDEFINITIONSHAPE($,$,(#10025,#10033,#10040));
#10027=IFCCARTESIANPOINT((0.,0.,0.));
#10028=IFCDIRECTION((1.,0.,0.));
#10029=IFCDIRECTION((0.,1.,0.));
#10030=IFCDIRECTION((0.,0.,1.));
#10031=IFCCARTESIANTRANSFORMATIONOPERATOR3D(#10028,#10029,#10027,1.,#10030);
#10032=IFCMAPPEDITEM(#7975,#10031);
#10033=IFCSHAPEREPRESENTATION(#11,'Body','MappedRepresentation',(#10032));
#10034=IFCCARTESIANPOINT((0.,0.,0.));
#10035=IFCDIRECTION((1.,0.,0.));
#10036=IFCDIRECTION((0.,1.,0.));
#10037=IFCDIRECTION((0.,0.,1.));
#10038=IFCCARTESIANTRANSFORMATIONOPERATOR3D(#10035,#10036,#10034,1.,#10037);
#10039=IFCMAPPEDITEM(#8053,#10038);
#10040=IFCSHAPEREPRESENTATION(#24,'Body','MappedRepresentation',(#10039));
#10041=IFCWALL('341YzdrlX5ShPK9BLmBsj7',$,'Wall',$,$,#10110,#10056,$,$);
#10047=IFCRELDEFINESBYPROPERTIES('3Bg8Zz5jj3fBS3W_IPmJGr',$,$,$,(#10041),#10048);
#10048=IFCPROPERTYSET('0Z0cfNRqr6$9cSt0$0elpI',$,'EPset_Status',$,(#10049));
#10049=IFCPROPERTYENUMERATEDVALUE('Status',$,(IFCLABEL('NEW')),#10050);
#10050=IFCPROPERTYENUMERATION('Status',(IFCLABEL('NEW'),IFCLABEL('EXISTING'),IFCLABEL('DEMOLISH'),IFCLABEL('TEMPORARY'),IFCLABEL('OTHER'),IFCLABEL('NOTKNOWN'),IFCLABEL('UNSET')),$);
#10051=IFCRELDEFINESBYPROPERTIES('2zJtvYvub2OvPF5HpTyl31',$,$,$,(#10041),#10052);
#10052=IFCPROPERTYSET('0pvXIlr7f1Ze7R9LPzP2hx',$,'EPset_Parametric',$,(#10053));
#10053=IFCPROPERTYSINGLEVALUE('Engine',$,IFCLABEL('Bonsai.DumbLayer2'),$);
#10054=IFCRELASSOCIATESMATERIAL('3QGzDqJf1AL88e2z0i2nz5',$,$,$,(#10041),#10055);
#10055=IFCMATERIALLAYERSETUSAGE(#614,.AXIS2.,.POSITIVE.,0.,$);
#10056=IFCPRODUCTDEFINITIONSHAPE($,$,(#10057,#10060));
#10057=IFCSHAPEREPRESENTATION(#23,'Axis','Curve2D',(#10058));
#10058=IFCINDEXEDPOLYCURVE(#10059,$,$);
#10059=IFCCARTESIANPOINTLIST2D(((0.,0.),(1.7506990432739258,0.)),$);
#10060=IFCSHAPEREPRESENTATION(#11,'Body','SweptSolid',(#10061));
#10061=IFCEXTRUDEDAREASOLID(#10062,#10065,#10069,3.);
#10062=IFCARBITRARYCLOSEDPROFILEDEF(.AREA.,$,#10063);
#10063=IFCINDEXEDPOLYCURVE(#10064,(IFCLINEINDEX((1,2,3,4,1))),$);
#10064=IFCCARTESIANPOINTLIST2D(((0.,0.),(0.,0.10000000149011612),(1.7506990432739258,0.10000000149011612),(1.7506990432739258,0.)),$);
#10065=IFCAXIS2PLACEMENT3D(#10066,#10067,#10068);
#10066=IFCCARTESIANPOINT((0.,0.,0.));
#10067=IFCDIRECTION((0.,0.,1.));
#10068=IFCDIRECTION((1.,0.,0.));
#10069=IFCDIRECTION((0.,0.,1.));
#10070=IFCOPENINGELEMENT('3YZ6VwDybAyhLi5b4rsdbC',$,'Opening',$,$,#10095,#10089,$,.OPENING.);
#10082=IFCCARTESIANPOINT((0.,0.,0.));
#10083=IFCDIRECTION((1.,0.,0.));
#10084=IFCDIRECTION((0.,1.,0.));
#10085=IFCDIRECTION((0.,0.,1.));
#10086=IFCCARTESIANTRANSFORMATIONOPERATOR3D(#10083,#10084,#10082,1.,#10085);
#10087=IFCMAPPEDITEM(#9475,#10086);
#10088=IFCSHAPEREPRESENTATION(#11,'Body','MappedRepresentation',(#10087));
#10089=IFCPRODUCTDEFINITIONSHAPE($,$,(#10088));
#10090=IFCRELVOIDSELEMENT('21vrlW6mjBWP4Wln21ja0z',$,$,$,#10041,#10070);
#10091=IFCCARTESIANPOINT((0.85069894790649414,3.337860107421875E-05,0.));
#10092=IFCDIRECTION((0.,0.,1.));
#10093=IFCDIRECTION((0.99999999999590727,-2.8610229492070406E-06,0.));
#10094=IFCAXIS2PLACEMENT3D(#10091,#10092,#10093);
#10095=IFCLOCALPLACEMENT(#10110,#10094);
#10096=IFCRELFILLSELEMENT('2JDg6_TETDJAZrbxGylauE',$,$,$,#10070,#10013);
#10097=IFCPROPERTYSET('1pqRZ8SdD7K8DyamwEd8Ny',$,'EPset_Status',$,(#10100));
#10098=IFCRELDEFINESBYPROPERTIES('0XGn7FwGP5e9ICBbCLe5hj',$,$,$,(#7341),#10097);
#10099=IFCPROPERTYENUMERATION('Status',(IFCLABEL('NEW'),IFCLABEL('EXISTING'),IFCLABEL('DEMOLISH'),IFCLABEL('TEMPORARY'),IFCLABEL('OTHER'),IFCLABEL('NOTKNOWN'),IFCLABEL('UNSET')),$);
#10100=IFCPROPERTYENUMERATEDVALUE('Status',$,(IFCLABEL('EXISTING'),IFCLABEL('DEMOLISH')),#10099);
#10106=IFCCARTESIANPOINT((6.0020904541015625,7.8371515274047852,0.));
#10107=IFCDIRECTION((0.,0.,1.));
#10108=IFCDIRECTION((1.,0.,0.));
#10109=IFCAXIS2PLACEMENT3D(#10106,#10107,#10108);
#10110=IFCLOCALPLACEMENT(#62,#10109);
#10111=IFCCARTESIANPOINT((-1.7763568394002505E-15,0.,0.));
#10112=IFCDIRECTION((0.,0.,1.));
#10113=IFCDIRECTION((1.,0.,0.));
#10114=IFCAXIS2PLACEMENT3D(#10111,#10112,#10113);
#10115=IFCLOCALPLACEMENT(#10095,#10114);
#10116=IFCANNOTATION('1LpgABSGf5C8O6Ci_cJwvz',$,'DIMENSION',$,$,#10121,#10126,.DIMENSION.);
#10117=IFCCARTESIANPOINT((6.5394530296325684,14.445339202880859,0.60000002384185791));
#10118=IFCDIRECTION((0.,0.,1.));
#10119=IFCDIRECTION((1.,0.,0.));
#10120=IFCAXIS2PLACEMENT3D(#10117,#10118,#10119);
#10121=IFCLOCALPLACEMENT($,#10120);
#10124=IFCGEOMETRICCURVESET((#10128));
#10125=IFCSHAPEREPRESENTATION(#25,'Annotation','GeometricSet',(#10124,#10130,#10132,#10134,#10136,#10138,#10140,#10142,#10144,#10146,#10148,#10150,#10152,#10154));
#10126=IFCPRODUCTDEFINITIONSHAPE($,$,(#10125));
#10127=IFCCARTESIANPOINTLIST2D(((3.2126383781433105,-0.71181392669677734),(5.2126388549804688,-0.71181392669677734)),$);
#10128=IFCINDEXEDPOLYCURVE(#10127,$,$);
#10129=IFCCARTESIANPOINTLIST2D(((5.4626383781433105,1.3248672485351562),(8.7126398086547852,1.3248672485351562)),$);
#10130=IFCINDEXEDPOLYCURVE(#10129,$,$);
#10131=IFCCARTESIANPOINTLIST2D(((5.4626383781433105,-1.6926901340484619),(8.7126398086547852,-1.6926901340484619)),$);
#10132=IFCINDEXEDPOLYCURVE(#10131,$,$);
#10133=IFCCARTESIANPOINTLIST2D(((-0.53736257553100586,-8.4944829940795898),(3.4626379013061523,-8.4944829940795898)),$);
#10134=IFCINDEXEDPOLYCURVE(#10133,$,$);
#10135=IFCCARTESIANPOINTLIST2D(((-0.53736257553100586,-5.6509332656860352),(1.2126359939575195,-5.6509332656860352)),$);
#10136=IFCINDEXEDPOLYCURVE(#10135,$,$);
#10137=IFCCARTESIANPOINTLIST2D(((-0.53736257553100586,-1.8573551177978516),(2.9626379013061523,-1.8573551177978516)),$);
#10138=IFCINDEXEDPOLYCURVE(#10137,$,$);
#10139=IFCCARTESIANPOINTLIST2D(((-0.53736257553100586,1.0854675769805908),(2.9626369476318359,1.0854675769805908)),$);
#10140=IFCINDEXEDPOLYCURVE(#10139,$,$);
#10141=IFCCARTESIANPOINTLIST2D(((3.9539086818695068,-2.3581867218017578),(3.9539086818695068,2.391815185546875)),$);
#10142=IFCINDEXEDPOLYCURVE(#10141,$,$);
#10143=IFCCARTESIANPOINTLIST2D(((6.0249190330505371,0.99181175231933594),(6.0249190330505371,2.3918161392211914)),$);
#10144=IFCINDEXEDPOLYCURVE(#10143,$,$);
#10145=IFCCARTESIANPOINTLIST2D(((6.0249190330505371,-2.3581867218017578),(6.0249190330505371,0.89181137084960938)),$);
#10146=IFCINDEXEDPOLYCURVE(#10145,$,$);
#10147=IFCCARTESIANPOINTLIST2D(((0.,-9.6081867218017578),(0.,-6.6081876754760742)),$);
#10148=IFCINDEXEDPOLYCURVE(#10147,$,$);
#10149=IFCCARTESIANPOINTLIST2D(((0.,-6.5081877708435059),(0.,-4.4081859588623047)),$);
#10150=IFCINDEXEDPOLYCURVE(#10149,$,$);
#10151=IFCCARTESIANPOINTLIST2D(((0.,-2.358187198638916),(0.,0.64181280136108398)),$);
#10152=IFCINDEXEDPOLYCURVE(#10151,$,$);
#10153=IFCCARTESIANPOINTLIST2D(((0.,0.89181327819824219),(0.,2.3918132781982422)),$);
#10154=IFCINDEXEDPOLYCURVE(#10153,$,$);
#10155=IFCPROPERTYSET('2N3lDWFmL4w8ClM9NNRBgY',$,'EPset_Status',$,(#10158));
#10156=IFCRELDEFINESBYPROPERTIES('2U795xn8bFXxFOYqiEcHjh',$,$,$,(#7715),#10155);
#10157=IFCPROPERTYENUMERATION('Status',(IFCLABEL('NEW'),IFCLABEL('EXISTING'),IFCLABEL('DEMOLISH'),IFCLABEL('TEMPORARY'),IFCLABEL('OTHER'),IFCLABEL('NOTKNOWN'),IFCLABEL('UNSET')),$);
#10158=IFCPROPERTYENUMERATEDVALUE('Status',$,(IFCLABEL('EXISTING'),IFCLABEL('DEMOLISH')),#10157);
#10159=IFCPROPERTYSET('2R4UP3Ljn22eg2sOb8cPTm',$,'EPset_Status',$,(#10162));
#10160=IFCRELDEFINESBYPROPERTIES('3Z8FMRz0DEt8_PY5kE2WmM',$,$,$,(#3689),#10159);
#10161=IFCPROPERTYENUMERATION('Status',(IFCLABEL('NEW'),IFCLABEL('EXISTING'),IFCLABEL('DEMOLISH'),IFCLABEL('TEMPORARY'),IFCLABEL('OTHER'),IFCLABEL('NOTKNOWN'),IFCLABEL('UNSET')),$);
#10162=IFCPROPERTYENUMERATEDVALUE('Status',$,(IFCLABEL('EXISTING'),IFCLABEL('DEMOLISH')),#10161);
#10163=IFCWALL('3DWSjAibn1vR7TmXBhufjT',$,'Wall',$,$,#10255,#10178,$,$);
#10169=IFCRELASSOCIATESMATERIAL('1yyuYfMw53VOIK7jFy_OJi',$,$,$,(#10163),#10170);
#10170=IFCMATERIALLAYERSETUSAGE(#614,.AXIS2.,.POSITIVE.,0.,$);
#10171=IFCRELDEFINESBYPROPERTIES('1021FdXsPE49enxu0jFX4w',$,$,$,(#10163),#10172);
#10172=IFCPROPERTYSET('2MBhSfJFj9evMoDJcnlA4G',$,'EPset_Status',$,(#10173));
#10173=IFCPROPERTYENUMERATEDVALUE('Status',$,(IFCLABEL('NEW')),#10174);
#10174=IFCPROPERTYENUMERATION('Status',(IFCLABEL('NEW'),IFCLABEL('EXISTING'),IFCLABEL('DEMOLISH'),IFCLABEL('TEMPORARY'),IFCLABEL('OTHER'),IFCLABEL('NOTKNOWN'),IFCLABEL('UNSET')),$);
#10175=IFCRELDEFINESBYPROPERTIES('1l$Zyl7BX4M9NC4srTmJ8j',$,$,$,(#10163),#10176);
#10176=IFCPROPERTYSET('1SOKicSI50pwv2sOGwNqsX',$,'EPset_Parametric',$,(#10177));
#10177=IFCPROPERTYSINGLEVALUE('Engine',$,IFCLABEL('Bonsai.DumbLayer2'),$);
#10178=IFCPRODUCTDEFINITIONSHAPE($,$,(#10179,#10182));
#10179=IFCSHAPEREPRESENTATION(#23,'Axis','Curve2D',(#10180));
#10180=IFCINDEXEDPOLYCURVE(#10181,$,$);
#10181=IFCCARTESIANPOINTLIST2D(((0.,0.),(1.4005833864212036,0.)),$);
#10182=IFCSHAPEREPRESENTATION(#11,'Body','SweptSolid',(#10183));
#10183=IFCEXTRUDEDAREASOLID(#10184,#10187,#10191,3.);
#10184=IFCARBITRARYCLOSEDPROFILEDEF(.AREA.,$,#10185);
#10185=IFCINDEXEDPOLYCURVE(#10186,(IFCLINEINDEX((1,2,3,4,1))),$);
#10186=IFCCARTESIANPOINTLIST2D(((0.,0.),(0.,0.10000000149011612),(1.4005833864212036,0.10000000149011612),(1.4005833864212036,0.)),$);
#10187=IFCAXIS2PLACEMENT3D(#10188,#10189,#10190);
#10188=IFCCARTESIANPOINT((0.,0.,0.));
#10189=IFCDIRECTION((0.,0.,1.));
#10190=IFCDIRECTION((1.,0.,0.));
#10191=IFCDIRECTION((0.,0.,1.));
#10192=IFCDOOR('0wp4seahT2vuRmAipRZVEt',$,'Door',$,$,#10260,#10205,$,2.0999999046325684,0.89999997615814209,$,$,$);
#10198=IFCCARTESIANPOINT((0.,0.,0.));
#10199=IFCDIRECTION((1.,0.,0.));
#10200=IFCDIRECTION((0.,1.,0.));
#10201=IFCDIRECTION((0.,0.,1.));
#10202=IFCCARTESIANTRANSFORMATIONOPERATOR3D(#10199,#10200,#10198,1.,#10201);
#10203=IFCMAPPEDITEM(#6965,#10202);
#10204=IFCSHAPEREPRESENTATION(#18,'Profile','MappedRepresentation',(#10203));
#10205=IFCPRODUCTDEFINITIONSHAPE($,$,(#10204,#10212,#10219));
#10206=IFCCARTESIANPOINT((0.,0.,0.));
#10207=IFCDIRECTION((1.,0.,0.));
#10208=IFCDIRECTION((0.,1.,0.));
#10209=IFCDIRECTION((0.,0.,1.));
#10210=IFCCARTESIANTRANSFORMATIONOPERATOR3D(#10207,#10208,#10206,1.,#10209);
#10211=IFCMAPPEDITEM(#6973,#10210);
#10212=IFCSHAPEREPRESENTATION(#11,'Body','MappedRepresentation',(#10211));
#10213=IFCCARTESIANPOINT((0.,0.,0.));
#10214=IFCDIRECTION((1.,0.,0.));
#10215=IFCDIRECTION((0.,1.,0.));
#10216=IFCDIRECTION((0.,0.,1.));
#10217=IFCCARTESIANTRANSFORMATIONOPERATOR3D(#10214,#10215,#10213,1.,#10216);
#10218=IFCMAPPEDITEM(#7051,#10217);
#10219=IFCSHAPEREPRESENTATION(#24,'Body','MappedRepresentation',(#10218));
#10220=IFCOPENINGELEMENT('0v3xeUmJz3i8TcLwCNXb20',$,'Opening',$,$,#10245,#10239,$,.OPENING.);
#10232=IFCCARTESIANPOINT((0.,0.,0.));
#10233=IFCDIRECTION((1.,0.,0.));
#10234=IFCDIRECTION((0.,1.,0.));
#10235=IFCDIRECTION((0.,0.,1.));
#10236=IFCCARTESIANTRANSFORMATIONOPERATOR3D(#10233,#10234,#10232,1.,#10235);
#10237=IFCMAPPEDITEM(#9811,#10236);
#10238=IFCSHAPEREPRESENTATION(#11,'Body','MappedRepresentation',(#10237));
#10239=IFCPRODUCTDEFINITIONSHAPE($,$,(#10238));
#10240=IFCRELVOIDSELEMENT('2vqIxne9LB6B0l0VaVudjK',$,$,$,#10163,#10220);
#10241=IFCCARTESIANPOINT((0.50058364868164062,2.1881206180296431E-08,0.));
#10242=IFCDIRECTION((0.,0.,1.));
#10243=IFCDIRECTION((0.99999999999997158,-2.3841858620698012E-07,0.));
#10244=IFCAXIS2PLACEMENT3D(#10241,#10242,#10243);
#10245=IFCLOCALPLACEMENT(#10255,#10244);
#10246=IFCRELFILLSELEMENT('0NlrYKTnT9Bupss3u9vqng',$,$,$,#10220,#10192);
#10247=IFCPROPERTYSET('0v2xngqgv6QwocR4vECpv4',$,'EPset_Status',$,(#10250));
#10248=IFCRELDEFINESBYPROPERTIES('1cQ2ojFWn6hfce$AVAwwSl',$,$,$,(#10192),#10247);
#10249=IFCPROPERTYENUMERATION('Status',(IFCLABEL('NEW'),IFCLABEL('EXISTING'),IFCLABEL('DEMOLISH'),IFCLABEL('TEMPORARY'),IFCLABEL('OTHER'),IFCLABEL('NOTKNOWN'),IFCLABEL('UNSET')),$);
#10250=IFCPROPERTYENUMERATEDVALUE('Status',$,(IFCLABEL('NEW')),#10249);
#10251=IFCCARTESIANPOINT((13.002197265625,16.837152481079102,0.));
#10252=IFCDIRECTION((0.,0.,1.));
#10253=IFCDIRECTION((7.5497901264043321E-08,-1.,0.));
#10254=IFCAXIS2PLACEMENT3D(#10251,#10252,#10253);
#10255=IFCLOCALPLACEMENT(#62,#10254);
#10256=IFCCARTESIANPOINT((1.4210854715202004E-14,-5.9674221120076254E-08,0.));
#10257=IFCDIRECTION((0.,0.,1.));
#10258=IFCDIRECTION((1.0000000000000329,-1.1920928955078556E-07,0.));
#10259=IFCAXIS2PLACEMENT3D(#10256,#10257,#10258);
#10260=IFCLOCALPLACEMENT(#10245,#10259);
#10269=IFCPROPERTYSET('0x$vEG46n53BizN7nNCYT1',$,'EPset_Status',$,(#10272));
#10270=IFCRELDEFINESBYPROPERTIES('0Y_eIiwXfB4QfWXp_F9Lcr',$,$,$,(#10013),#10269);
#10271=IFCPROPERTYENUMERATION('Status',(IFCLABEL('NEW'),IFCLABEL('EXISTING'),IFCLABEL('DEMOLISH'),IFCLABEL('TEMPORARY'),IFCLABEL('OTHER'),IFCLABEL('NOTKNOWN'),IFCLABEL('UNSET')),$);
#10272=IFCPROPERTYENUMERATEDVALUE('Status',$,(IFCLABEL('NEW')),#10271);
#10273=IFCANNOTATION('1rQ1g988X2ZB6qEyVVkk69',$,'GF PLAN PROPOSED',$,'DRAWING',#10274,#10296,.USERDEFINED.);
#10274=IFCLOCALPLACEMENT($,#10275);
#10275=IFCAXIS2PLACEMENT3D(#10276,#10277,#10278);
#10276=IFCCARTESIANPOINT((10.720733642578125,10.140722274780273,1.6000000238418579));
#10277=IFCDIRECTION((0.,0.,1.));
#10278=IFCDIRECTION((1.,0.,0.));
#10279=IFCRELDEFINESBYPROPERTIES('1hfHRLYVj8ZOiUhm9FQzk1',$,$,$,(#10273),#10280);
#10280=IFCPROPERTYSET('1W4IT6_xv7Qw54WAzaYZu_',$,'EPset_Drawing',$,(#10281,#10282,#10283,#10284,#10285,#10286,#10287,#10288,#10289,#10290,#10291,#10292,#10293,#10294,#10295));
#10281=IFCPROPERTYSINGLEVALUE('TargetView',$,IFCLABEL('PLAN_VIEW'),$);
#10282=IFCPROPERTYSINGLEVALUE('Scale',$,IFCLABEL('1/50'),$);
#10283=IFCPROPERTYSINGLEVALUE('HumanScale',$,IFCLABEL('1:50'),$);
#10284=IFCPROPERTYSINGLEVALUE('HasUnderlay',$,IFCBOOLEAN(.T.),$);
#10285=IFCPROPERTYSINGLEVALUE('HasLinework',$,IFCBOOLEAN(.T.),$);
#10286=IFCPROPERTYSINGLEVALUE('HasAnnotation',$,IFCBOOLEAN(.T.),$);
#10287=IFCPROPERTYSINGLEVALUE('GlobalReferencing',$,IFCBOOLEAN(.T.),$);
#10288=IFCPROPERTYSINGLEVALUE('Stylesheet',$,IFCTEXT('drawings/assets/demolish.css'),$);
#10289=IFCPROPERTYSINGLEVALUE('Markers',$,IFCTEXT('drawings/assets/markers.svg'),$);
#10290=IFCPROPERTYSINGLEVALUE('Symbols',$,IFCTEXT('drawings/assets/symbols.svg'),$);
#10291=IFCPROPERTYSINGLEVALUE('Patterns',$,IFCTEXT('drawings/assets/patterns.svg'),$);
#10292=IFCPROPERTYSINGLEVALUE('ShadingStyles',$,IFCTEXT('drawings/assets/shading_styles.json'),$);
#10293=IFCPROPERTYSINGLEVALUE('CurrentShadingStyle',$,IFCLABEL('Interior'),$);
#10294=IFCPROPERTYSINGLEVALUE('Exclude',$,IFCTEXT('3byBlQM_X3e8KErsDPnQuj + "EPset_Status"."Status" = "EXISTING", "EPset_Status"."Status" = "DEMOLISH"'),$);
#10295=IFCPROPERTYSINGLEVALUE('Metadata',$,IFCTEXT('EPset_Status'),$);
#10296=IFCPRODUCTDEFINITIONSHAPE($,$,(#10297));
#10297=IFCSHAPEREPRESENTATION(#11,'Body','CSG',(#10298));
#10298=IFCCSGSOLID(#10299);
#10299=IFCBLOCK(#10300,17.,17.,10.);
#10300=IFCAXIS2PLACEMENT3D(#10301,$,$);
#10301=IFCCARTESIANPOINT((-8.5,-8.5,-10.));
#10302=IFCGROUP('1CuZ3FsxrFs9b0B15UBTj7',$,'GF PLAN PROPOSED',$,'DRAWING');
#10303=IFCRELASSIGNSTOGROUP('0NKLOQSQH74QxIPDZCHQkE',$,$,$,(#10304,#10273),$,#10302);
#10304=IFCANNOTATION('0P35I9tKr6t8UHATbhOwWs',$,'DIMENSION',$,$,#10305,#10310,.DIMENSION.);
#10305=IFCLOCALPLACEMENT($,#10306);
#10306=IFCAXIS2PLACEMENT3D(#10307,#10308,#10309);
#10307=IFCCARTESIANPOINT((6.5394530296325684,14.445339202880859,0.60000002384185791));
#10308=IFCDIRECTION((0.,0.,1.));
#10309=IFCDIRECTION((1.,0.,0.));
#10310=IFCPRODUCTDEFINITIONSHAPE($,$,(#10311));
#10311=IFCSHAPEREPRESENTATION(#25,'Annotation','GeometricSet',(#10312,#13817,#10317,#10319,#10321,#10323,#10325,#10327,#10329,#10331,#10333,#10335,#10337,#10339,#13819));
#10312=IFCGEOMETRICCURVESET((#10313));
#10313=IFCINDEXEDPOLYCURVE(#10314,$,$);
#10314=IFCCARTESIANPOINTLIST2D(((3.2126383781433105,-0.71181392669677734),(5.2126388549804688,-0.71181392669677734)),$);
#10317=IFCINDEXEDPOLYCURVE(#10318,$,$);
#10318=IFCCARTESIANPOINTLIST2D(((5.4626383781433105,-1.6926901340484619),(8.7126398086547852,-1.6926901340484619)),$);
#10319=IFCINDEXEDPOLYCURVE(#10320,$,$);
#10320=IFCCARTESIANPOINTLIST2D(((-0.53736257553100586,-8.4944829940795898),(3.4626379013061523,-8.4944829940795898)),$);
#10321=IFCINDEXEDPOLYCURVE(#10322,$,$);
#10322=IFCCARTESIANPOINTLIST2D(((-0.53736257553100586,-5.6509332656860352),(1.2126359939575195,-5.6509332656860352)),$);
#10323=IFCINDEXEDPOLYCURVE(#10324,$,$);
#10324=IFCCARTESIANPOINTLIST2D(((-0.53736257553100586,-1.8573551177978516),(2.9626379013061523,-1.8573551177978516)),$);
#10325=IFCINDEXEDPOLYCURVE(#10326,$,$);
#10326=IFCCARTESIANPOINTLIST2D(((-0.53736257553100586,1.0854675769805908),(2.9626369476318359,1.0854675769805908)),$);
#10327=IFCINDEXEDPOLYCURVE(#10328,$,$);
#10328=IFCCARTESIANPOINTLIST2D(((3.9539086818695068,-2.3581867218017578),(3.9539086818695068,2.391815185546875)),$);
#10329=IFCINDEXEDPOLYCURVE(#10330,$,$);
#10330=IFCCARTESIANPOINTLIST2D(((6.0249190330505371,0.99181175231933594),(6.0249190330505371,2.3918161392211914)),$);
#10331=IFCINDEXEDPOLYCURVE(#10332,$,$);
#10332=IFCCARTESIANPOINTLIST2D(((6.0249190330505371,-2.3581867218017578),(6.0249190330505371,0.89181137084960938)),$);
#10333=IFCINDEXEDPOLYCURVE(#10334,$,$);
#10334=IFCCARTESIANPOINTLIST2D(((0.,-9.6081867218017578),(0.,-6.6081876754760742)),$);
#10335=IFCINDEXEDPOLYCURVE(#10336,$,$);
#10336=IFCCARTESIANPOINTLIST2D(((0.,-6.5081877708435059),(0.,-4.4081859588623047)),$);
#10337=IFCINDEXEDPOLYCURVE(#10338,$,$);
#10338=IFCCARTESIANPOINTLIST2D(((0.,-2.358187198638916),(0.,0.64181280136108398)),$);
#10339=IFCINDEXEDPOLYCURVE(#10340,$,$);
#10340=IFCCARTESIANPOINTLIST2D(((0.,0.89181327819824219),(0.,2.3918132781982422)),$);
#10341=IFCDOCUMENTINFORMATION('X','GF PLAN PROPOSED',$,$,$,$,'DRAWING',$,$,$,$,$,$,$,$,$,$);
#10342=IFCRELASSOCIATESDOCUMENT('2DGCi9_b9F5wv5opfYEJUP',$,$,$,(#1),#10341);
#10343=IFCDOCUMENTREFERENCE('drawings/GF PLAN PROPOSED.svg','X',$,$,#10341);
#10344=IFCRELASSOCIATESDOCUMENT('0cM0set9D35BsnPvFOipVB',$,$,$,(#10273),#10343);
#10345=IFCPROPERTYSET('2HMKxUP5XBXBzPZeYw7vtT',$,'EPset_Status',$,(#10348));
#10346=IFCRELDEFINESBYPROPERTIES('2EaXJSJjD9exjRxUCEAkTG',$,$,$,(#8072),#10345);
#10347=IFCPROPERTYENUMERATION('Status',(IFCLABEL('NEW'),IFCLABEL('EXISTING'),IFCLABEL('DEMOLISH'),IFCLABEL('TEMPORARY'),IFCLABEL('OTHER'),IFCLABEL('NOTKNOWN'),IFCLABEL('UNSET')),$);
#10348=IFCPROPERTYENUMERATEDVALUE('Status',$,(IFCLABEL('EXISTING'),IFCLABEL('DEMOLISH')),#10347);
#10349=IFCANNOTATION('1nqwJ4hUj39uba16JnQlRD',$,'GF PLAN EXISTING',$,'DRAWING',#10350,#10372,.USERDEFINED.);
#10350=IFCLOCALPLACEMENT($,#10351);
#10351=IFCAXIS2PLACEMENT3D(#10352,#10353,#10354);
#10352=IFCCARTESIANPOINT((10.720733642578125,10.140722274780273,1.6000000238418579));
#10353=IFCDIRECTION((0.,0.,1.));
#10354=IFCDIRECTION((1.,0.,0.));
#10355=IFCRELDEFINESBYPROPERTIES('1AQpxJaHr8HR7eB1gVyh26',$,$,$,(#10349),#10356);
#10356=IFCPROPERTYSET('1D3a8rhDD9jR8umzj3z6Yx',$,'EPset_Drawing',$,(#10357,#10358,#10359,#10360,#10361,#10362,#10363,#10364,#10365,#10366,#10367,#10368,#10369,#10370,#10371));
#10357=IFCPROPERTYSINGLEVALUE('TargetView',$,IFCLABEL('PLAN_VIEW'),$);
#10358=IFCPROPERTYSINGLEVALUE('Scale',$,IFCLABEL('1/50'),$);
#10359=IFCPROPERTYSINGLEVALUE('HumanScale',$,IFCLABEL('1:50'),$);
#10360=IFCPROPERTYSINGLEVALUE('HasUnderlay',$,IFCBOOLEAN(.F.),$);
#10361=IFCPROPERTYSINGLEVALUE('HasLinework',$,IFCBOOLEAN(.T.),$);
#10362=IFCPROPERTYSINGLEVALUE('HasAnnotation',$,IFCBOOLEAN(.T.),$);
#10363=IFCPROPERTYSINGLEVALUE('GlobalReferencing',$,IFCBOOLEAN(.T.),$);
#10364=IFCPROPERTYSINGLEVALUE('Stylesheet',$,IFCTEXT('drawings/assets/demolish.css'),$);
#10365=IFCPROPERTYSINGLEVALUE('Markers',$,IFCTEXT('drawings/assets/markers.svg'),$);
#10366=IFCPROPERTYSINGLEVALUE('Symbols',$,IFCTEXT('drawings/assets/symbols.svg'),$);
#10367=IFCPROPERTYSINGLEVALUE('Patterns',$,IFCTEXT('drawings/assets/patterns.svg'),$);
#10368=IFCPROPERTYSINGLEVALUE('ShadingStyles',$,IFCTEXT('drawings/assets/shading_styles.json'),$);
#10369=IFCPROPERTYSINGLEVALUE('CurrentShadingStyle',$,IFCLABEL('Blender Default'),$);
#10370=IFCPROPERTYSINGLEVALUE('Exclude',$,IFCTEXT('3byBlQM_X3e8KErsDPnQuj + "EPset_Status"."Status" = "NEW" + IfcCovering + IfcSanitaryTerminal + IfcSystemFurnitureElement + IfcElectricAppliance'),$);
#10371=IFCPROPERTYSINGLEVALUE('Metadata',$,IFCTEXT('EPset_Status'),$);
#10372=IFCPRODUCTDEFINITIONSHAPE($,$,(#10373));
#10373=IFCSHAPEREPRESENTATION(#11,'Body','CSG',(#10374));
#10374=IFCCSGSOLID(#10375);
#10375=IFCBLOCK(#10376,17.,17.,10.);
#10376=IFCAXIS2PLACEMENT3D(#10377,$,$);
#10377=IFCCARTESIANPOINT((-8.5,-8.5,-10.));
#10378=IFCGROUP('2Cki_f6eTB_viypvcbfKv_',$,'GF PLAN EXISTING',$,'DRAWING');
#10379=IFCRELASSIGNSTOGROUP('3p1kVemjn0jODtm9knnX8C',$,$,$,(#10380,#10349),$,#10378);
#10380=IFCANNOTATION('1iKET31r967xabk8wlSb4h',$,'DIMENSION',$,$,#10381,#10386,.DIMENSION.);
#10381=IFCLOCALPLACEMENT($,#10382);
#10382=IFCAXIS2PLACEMENT3D(#10383,#10384,#10385);
#10383=IFCCARTESIANPOINT((6.5394530296325684,14.445339202880859,0.60000002384185791));
#10384=IFCDIRECTION((0.,0.,1.));
#10385=IFCDIRECTION((1.,0.,0.));
#10386=IFCPRODUCTDEFINITIONSHAPE($,$,(#10387));
#10387=IFCSHAPEREPRESENTATION(#25,'Annotation','GeometricSet',(#10388,#10391,#10393,#10395,#10397,#10399,#10401,#10403,#10405,#10407,#10409,#10411,#11815,#10415));
#10388=IFCGEOMETRICCURVESET((#10389));
#10389=IFCINDEXEDPOLYCURVE(#10390,$,$);
#10390=IFCCARTESIANPOINTLIST2D(((3.2126383781433105,-0.71181392669677734),(5.2126388549804688,-0.71181392669677734)),$);
#10391=IFCINDEXEDPOLYCURVE(#10392,$,$);
#10392=IFCCARTESIANPOINTLIST2D(((5.4626383781433105,1.3248672485351562),(8.7126398086547852,1.3248672485351562)),$);
#10393=IFCINDEXEDPOLYCURVE(#10394,$,$);
#10394=IFCCARTESIANPOINTLIST2D(((5.4626383781433105,-1.6926901340484619),(8.7126398086547852,-1.6926901340484619)),$);
#10395=IFCINDEXEDPOLYCURVE(#10396,$,$);
#10396=IFCCARTESIANPOINTLIST2D(((-0.53736257553100586,-8.4944829940795898),(3.4626379013061523,-8.4944829940795898)),$);
#10397=IFCINDEXEDPOLYCURVE(#10398,$,$);
#10398=IFCCARTESIANPOINTLIST2D(((-0.53736257553100586,-5.6509332656860352),(1.2126359939575195,-5.6509332656860352)),$);
#10399=IFCINDEXEDPOLYCURVE(#10400,$,$);
#10400=IFCCARTESIANPOINTLIST2D(((-0.53736257553100586,-1.8573551177978516),(2.9626379013061523,-1.8573551177978516)),$);
#10401=IFCINDEXEDPOLYCURVE(#10402,$,$);
#10402=IFCCARTESIANPOINTLIST2D(((-0.53736257553100586,1.0854675769805908),(2.9626369476318359,1.0854675769805908)),$);
#10403=IFCINDEXEDPOLYCURVE(#10404,$,$);
#10404=IFCCARTESIANPOINTLIST2D(((3.9539086818695068,-2.3581867218017578),(3.9539086818695068,2.391815185546875)),$);
#10405=IFCINDEXEDPOLYCURVE(#10406,$,$);
#10406=IFCCARTESIANPOINTLIST2D(((6.0249190330505371,0.99181175231933594),(6.0249190330505371,2.3918161392211914)),$);
#10407=IFCINDEXEDPOLYCURVE(#10408,$,$);
#10408=IFCCARTESIANPOINTLIST2D(((6.0249190330505371,-2.3581867218017578),(6.0249190330505371,0.89181137084960938)),$);
#10409=IFCINDEXEDPOLYCURVE(#10410,$,$);
#10410=IFCCARTESIANPOINTLIST2D(((0.,-9.6081867218017578),(0.,-6.6081876754760742)),$);
#10411=IFCINDEXEDPOLYCURVE(#10412,$,$);
#10412=IFCCARTESIANPOINTLIST2D(((0.,-6.5081877708435059),(0.,-4.4081859588623047)),$);
#10415=IFCINDEXEDPOLYCURVE(#10416,$,$);
#10416=IFCCARTESIANPOINTLIST2D(((0.,0.89181327819824219),(0.,2.3918132781982422)),$);
#10417=IFCDOCUMENTINFORMATION('X','GF PLAN EXISTING',$,$,$,$,'DRAWING',$,$,$,$,$,$,$,$,$,$);
#10418=IFCRELASSOCIATESDOCUMENT('0pqnCO4uH2qQc5Nil00Wac',$,$,$,(#1),#10417);
#10419=IFCDOCUMENTREFERENCE('drawings/GF PLAN EXISTING.svg','X',$,$,#10417);
#10420=IFCRELASSOCIATESDOCUMENT('0G8bTi2nH8wQtBbgyd8y$s',$,$,$,(#10349),#10419);
#10421=IFCCARTESIANPOINT((0.,0.,0.));
#10422=IFCDIRECTION((0.,0.,1.));
#10423=IFCDIRECTION((1.,0.,0.));
#10424=IFCAXIS2PLACEMENT3D(#10421,#10422,#10423);
#10425=IFCLOCALPLACEMENT($,#10424);
#10426=IFCCARTESIANPOINT((0.,0.,0.));
#10427=IFCDIRECTION((0.,0.,1.));
#10428=IFCDIRECTION((1.,0.,0.));
#10429=IFCAXIS2PLACEMENT3D(#10426,#10427,#10428);
#10430=IFCLOCALPLACEMENT(#10425,#10429);
#10431=IFCCARTESIANPOINT((0.,0.,0.));
#10432=IFCDIRECTION((0.,0.,1.));
#10433=IFCDIRECTION((1.,0.,0.));
#10434=IFCAXIS2PLACEMENT3D(#10431,#10432,#10433);
#10435=IFCLOCALPLACEMENT(#10430,#10434);
#10446=IFCCARTESIANPOINTLIST2D(((0.,0.),(2.0040953159332275,0.)),$);
#10447=IFCINDEXEDPOLYCURVE(#10446,$,$);
#10448=IFCSHAPEREPRESENTATION(#23,'Axis','Curve2D',(#10447));
#10455=IFCCARTESIANPOINTLIST2D(((0.,0.),(0.,0.012000000104308128),(2.0040953159332275,0.012000000104308128),(2.0040953159332275,0.)),$);
#10456=IFCINDEXEDPOLYCURVE(#10455,(IFCLINEINDEX((1,2,3,4,1))),$);
#10457=IFCARBITRARYCLOSEDPROFILEDEF(.AREA.,$,#10456);
#10458=IFCCARTESIANPOINT((0.,0.,0.));
#10459=IFCDIRECTION((0.,0.,1.));
#10460=IFCDIRECTION((1.,0.,0.));
#10461=IFCAXIS2PLACEMENT3D(#10458,#10459,#10460);
#10462=IFCDIRECTION((0.,0.,1.));
#10463=IFCEXTRUDEDAREASOLID(#10457,#10461,#10462,0.78800034523010254);
#10464=IFCSHAPEREPRESENTATION(#11,'Body','SweptSolid',(#10463));
#10465=IFCPRODUCTDEFINITIONSHAPE($,$,(#10448,#10464));
#10466=IFCSYSTEMFURNITUREELEMENT('3kRqPm_E545QmCuo3lXP3W',$,'SystemFurnitureElement',$,$,#11499,#10465,$,$);
#10467=IFCRELASSOCIATESMATERIAL('3vgMq6z5T0eR0ks7f1dmb_',$,$,$,(#10466),#10471);
#10468=IFCMATERIAL('Wood',$,'Materials');
#10469=IFCMATERIALLAYER(#10468,0.012000000104308128,$,$,$,$,$);
#10470=IFCMATERIALLAYERSET((#10469),$,$);
#10471=IFCMATERIALLAYERSETUSAGE(#10470,.AXIS2.,.POSITIVE.,0.,$);
#10472=IFCMATERIALDEFINITIONREPRESENTATION($,$,(#10478),#10468);
#10473=IFCCOLOURRGB($,0.113993905484676,0.067639775574207306,0.0495002046227455);
#10474=IFCSURFACESTYLESHADING(#10473,$);
#10475=IFCEXTERNALLYDEFINEDSURFACESTYLE('Materials.blend','materials/WOOD_OAK','WOOD_OAK');
#10476=IFCSURFACESTYLE('UPVC',.BOTH.,(#10474,#10475));
#10477=IFCSTYLEDITEM($,(#10476),'UPVC');
#10478=IFCSTYLEDREPRESENTATION(#11,'Body',$,(#10477));
#10479=IFCRELDEFINESBYPROPERTIES('3bzJC70AT4TAYcR3rvEWvp',$,$,$,(#10466),#10481);
#10480=IFCPROPERTYSINGLEVALUE('Engine',$,IFCLABEL('Bonsai.DumbLayer2'),$);
#10481=IFCPROPERTYSET('1IlI9WYt5E4ee6HTB9D4bb',$,'EPset_Parametric',$,(#10480));
#10487=IFCPROPERTYSINGLEVALUE('LayerSetDirection',$,IFCLABEL('AXIS2'),$);
#10488=IFCPROPERTYSET('2JzNwrQ3f6aRC3IakjKPdu',$,'EPset_Parametric',$,(#10487));
#10489=IFCSYSTEMFURNITUREELEMENTTYPE('1hCfw01rb5tBbOzByJhxfy',$,'Multiwood 12mm',$,$,(#10488),$,$,$,.PANEL.);
#10490=IFCRELASSOCIATESMATERIAL('0efh8V3pf2xe4medWgOhA8',$,$,$,(#10489),#10470);
#10491=IFCRELDEFINESBYTYPE('1Fcq0xN0X5K937volAqERy',$,$,$,(#10466,#13621,#13095,#12515,#13558,#13845,#13362,#13175,#12407,#12663,#12376,#12467,#13399,#12437,#12337,#17592,#17846,#17959),#10489);
#10492=IFCCARTESIANPOINT((0.,0.,0.));
#10493=IFCDIRECTION((0.,0.,1.));
#10494=IFCDIRECTION((1.,0.,0.));
#10495=IFCAXIS2PLACEMENT3D(#10492,#10493,#10494);
#10496=IFCLOCALPLACEMENT($,#10495);
#10497=IFCCARTESIANPOINT((0.,0.,0.));
#10498=IFCDIRECTION((0.,0.,1.));
#10499=IFCDIRECTION((1.,0.,0.));
#10500=IFCAXIS2PLACEMENT3D(#10497,#10498,#10499);
#10501=IFCLOCALPLACEMENT(#10496,#10500);
#10502=IFCCARTESIANPOINT((0.,0.,0.));
#10503=IFCDIRECTION((0.,0.,1.));
#10504=IFCDIRECTION((1.,0.,0.));
#10505=IFCAXIS2PLACEMENT3D(#10502,#10503,#10504);
#10506=IFCLOCALPLACEMENT(#10501,#10505);
#10518=IFCCARTESIANPOINT((0.,0.,0.));
#10519=IFCDIRECTION((0.,0.,1.));
#10520=IFCDIRECTION((1.,0.,0.));
#10521=IFCAXIS2PLACEMENT3D(#10518,#10519,#10520);
#10522=IFCCARTESIANPOINTLIST2D(((-0.20000000000000001,0.),(0.20000000000000001,0.),(0.20000000000000001,-0.33000000000000002),(0.14142135620117199,-0.47142135620117198),(0.,-0.53000000000000003),(-0.14142135620117199,-0.47142135620117198),(-0.20000000000000001,-0.33000000000000002)),$);
#10523=IFCINDEXEDPOLYCURVE(#10522,(IFCLINEINDEX((1,2)),IFCLINEINDEX((2,3)),IFCARCINDEX((3,4,5)),IFCARCINDEX((5,6,7)),IFCLINEINDEX((7,1))),$);
#10524=IFCCARTESIANPOINT((0.,-0.33000000000000002));
#10525=IFCAXIS2PLACEMENT2D(#10524,$);
#10526=IFCCIRCLE(#10525,0.14999999999999999);
#10527=IFCARBITRARYPROFILEDEFWITHVOIDS(.AREA.,$,#10523,(#10526));
#10528=IFCCARTESIANPOINT((0.,0.,0.25));
#10529=IFCDIRECTION((0.,0.,1.));
#10530=IFCDIRECTION((1.,0.,0.));
#10531=IFCAXIS2PLACEMENT3D(#10528,#10529,#10530);
#10532=IFCDIRECTION((0.,0.,1.));
#10533=IFCEXTRUDEDAREASOLID(#10527,#10531,#10532,0.14999999999999999);
#10534=IFCCARTESIANPOINTLIST2D(((-0.20000000000000001,0.),(0.20000000000000001,0.),(0.20000000000000001,-0.33000000000000002),(0.14142135620117199,-0.47142135620117198),(0.,-0.53000000000000003),(-0.14142135620117199,-0.47142135620117198),(-0.20000000000000001,-0.33000000000000002)),$);
#10535=IFCINDEXEDPOLYCURVE(#10534,(IFCLINEINDEX((1,2)),IFCLINEINDEX((2,3)),IFCARCINDEX((3,4,5)),IFCARCINDEX((5,6,7)),IFCLINEINDEX((7,1))),$);
#10536=IFCARBITRARYCLOSEDPROFILEDEF(.AREA.,$,#10535);
#10537=IFCCARTESIANPOINT((0.,0.,0.20000000000000001));
#10538=IFCDIRECTION((0.,0.,1.));
#10539=IFCDIRECTION((1.,0.,0.));
#10540=IFCAXIS2PLACEMENT3D(#10537,#10538,#10539);
#10541=IFCDIRECTION((0.,0.,1.));
#10542=IFCEXTRUDEDAREASOLID(#10536,#10540,#10541,0.050000000000000003);
#10543=IFCCARTESIANPOINTLIST2D(((-0.20000000000000001,-0.17666667175292999),(0.20000000000000001,-0.17666667175292999),(0.20000000000000001,-0.35333334350585899),(-0.20000000000000001,-0.35333334350585899)),$);
#10544=IFCINDEXEDPOLYCURVE(#10543,(IFCLINEINDEX((1,2,3,4,1))),$);
#10545=IFCARBITRARYCLOSEDPROFILEDEF(.AREA.,$,#10544);
#10546=IFCCARTESIANPOINT((0.,0.,0.));
#10547=IFCDIRECTION((0.,0.,1.));
#10548=IFCDIRECTION((1.,0.,0.));
#10549=IFCAXIS2PLACEMENT3D(#10546,#10547,#10548);
#10550=IFCDIRECTION((0.,0.,1.));
#10551=IFCEXTRUDEDAREASOLID(#10545,#10549,#10550,0.20000000000000001);
#10552=IFCSHAPEREPRESENTATION(#11,'Body','SweptSolid',(#10533,#10542,#10551));
#10553=IFCREPRESENTATIONMAP(#10521,#10552);
#10554=IFCDIRECTION((1.,0.,0.));
#10555=IFCDIRECTION((0.,1.,0.));
#10556=IFCCARTESIANPOINT((0.,0.,0.));
#10557=IFCDIRECTION((0.,0.,1.));
#10558=IFCCARTESIANTRANSFORMATIONOPERATOR3D(#10554,#10555,#10556,1.,#10557);
#10559=IFCMAPPEDITEM(#10553,#10558);
#10560=IFCSHAPEREPRESENTATION(#11,'Body','MappedRepresentation',(#10559));
#10566=IFCCARTESIANPOINT((0.,0.,0.));
#10567=IFCDIRECTION((0.,0.,1.));
#10568=IFCDIRECTION((1.,0.,0.));
#10569=IFCAXIS2PLACEMENT3D(#10566,#10567,#10568);
#10570=IFCCARTESIANPOINTLIST2D(((-0.106833711266518,-0.12404923886060699),(-0.095668181777000399,-0.112883716821671),(-0.080415785312652602,-0.10879684984684),(0.080415785312652602,-0.10879684984684),(0.095668181777000399,-0.112883716821671),(0.106833711266518,-0.12404923886060699),(0.110920570790768,-0.139301627874374),(0.110920570790768,-0.347629934549332),(0.102477245032787,-0.39262422919273399),(0.078432694077491802,-0.43076857924461398),(0.042447470128536197,-0.456255853176117),(3.14889159191978E-09,-0.46520566940307601),(-0.0424474626779556,-0.456255853176117),(-0.078432694077491802,-0.43076857924461398),(-0.102477245032787,-0.39262422919273399),(-0.110920570790768,-0.347629934549332),(-0.110920570790768,-0.139301627874374)),$);
#10571=IFCINDEXEDPOLYCURVE(#10570,(IFCLINEINDEX((1,2,3,4,5,6,7,8,9,10,11,12,13,14,15,16,17,1))),$);
#10572=IFCCARTESIANPOINTLIST2D(((-0.19615705311298401,-0.23137851059436801),(-0.18477590382099199,-0.300975561141968),(-0.17638425529003099,-0.33388820290565502),(-0.16629391908645599,-0.365116566419601),(-0.154602095484734,-0.39435991644859297),(-0.14142136275768299,-0.42133662104606601),(-0.12687866389751401,-0.445786863565445),(-0.111114047467709,-0.467475235462189),(-0.094279348850250203,-0.48619279265403698),(-0.076536685228347806,-0.50175929069518999),(-0.058056935667991597,-0.51402485370635997),(-0.039018064737319898,-0.52287131547927901),(-0.0196034274995327,-0.52821356058120705),(-4.8985870794684301E-17,-0.52999997138977095),(0.0196034274995327,-0.52821356058120705),(0.039018064737319898,-0.52287131547927901),(0.058056935667991597,-0.51402485370635997),(0.076536685228347806,-0.50175929069518999),(0.094279348850250203,-0.48619279265403698),(0.111114047467709,-0.467475235462189),(0.12687866389751401,-0.445786863565445),(0.14142136275768299,-0.42133662104606601),(0.154602095484734,-0.39435991644859297),(0.16629391908645599,-0.365116566419601),(0.17638425529003099,-0.33388820290565502),(0.18477590382099199,-0.300975561141968),(0.19615705311298401,-0.23137851059436801),(0.20000000298023199,-0.158999994397163),(0.187171846628189,2.9361746367584399E-09),(-0.187171846628189,-2.9361746367584399E-09),(-0.20000000298023199,-0.158999994397163)),$);
#10573=IFCINDEXEDPOLYCURVE(#10572,(IFCLINEINDEX((1,2,3,4,5,6,7,8,9,10,11,12,13,14,15,16,17,18,19,20,21,22,23,24,25,26,27,28,29,30,31,1))),$);
#10574=IFCGEOMETRICCURVESET((#10571,#10573));
#10575=IFCSHAPEREPRESENTATION(#24,'Body','Annotation2D',(#10574));
#10576=IFCREPRESENTATIONMAP(#10569,#10575);
#10577=IFCDIRECTION((1.,0.,0.));
#10578=IFCDIRECTION((0.,1.,0.));
#10579=IFCCARTESIANPOINT((0.,0.,0.));
#10580=IFCDIRECTION((0.,0.,1.));
#10581=IFCCARTESIANTRANSFORMATIONOPERATOR3D(#10577,#10578,#10579,1.,#10580);
#10582=IFCMAPPEDITEM(#10576,#10581);
#10583=IFCSHAPEREPRESENTATION(#24,'Body','MappedRepresentation',(#10582));
#10584=IFCPRODUCTDEFINITIONSHAPE($,$,(#10560,#10583));
#10585=IFCSANITARYTERMINAL('1HsJyymzXExxrUKgJyfWOJ',$,'SanitaryTerminal',$,$,#14030,#10584,$,$);
#10591=IFCSANITARYTERMINALTYPE('2vY_mwxpT4KgZns4S6eU9l',$,'WC_CONCEALED_0.4x0.53x0.4',$,$,$,(#10553,#10576),$,$,.NOTDEFINED.);
#10603=IFCRELDEFINESBYTYPE('1ppIXDNt98zfotkBQQh_Ks',$,$,$,(#10585,#11761),#10591);
#10604=IFCCARTESIANPOINT((0.,0.,0.));
#10605=IFCDIRECTION((0.,0.,1.));
#10606=IFCDIRECTION((1.,0.,0.));
#10607=IFCAXIS2PLACEMENT3D(#10604,#10605,#10606);
#10608=IFCLOCALPLACEMENT($,#10607);
#10609=IFCCARTESIANPOINT((0.,0.,0.));
#10610=IFCDIRECTION((0.,0.,1.));
#10611=IFCDIRECTION((1.,0.,0.));
#10612=IFCAXIS2PLACEMENT3D(#10609,#10610,#10611);
#10613=IFCLOCALPLACEMENT(#10608,#10612);
#10614=IFCCARTESIANPOINT((0.,0.,0.));
#10615=IFCDIRECTION((0.,0.,1.));
#10616=IFCDIRECTION((1.,0.,0.));
#10617=IFCAXIS2PLACEMENT3D(#10614,#10615,#10616);
#10618=IFCLOCALPLACEMENT(#10613,#10617);
#10630=IFCCARTESIANPOINT((0.,0.,0.));
#10631=IFCDIRECTION((0.,0.,1.));
#10632=IFCDIRECTION((1.,0.,0.));
#10633=IFCAXIS2PLACEMENT3D(#10630,#10631,#10632);
#10634=IFCCARTESIANPOINTLIST3D(((0.,0.,-2.5033950024067099E-08),(0.,0.46000000834464999,-2.5033950024067099E-08),(1.20000004768372,0.,-2.5033950024067099E-08),(1.20000004768372,0.46000000834464999,-2.5033950024067099E-08),(1.18490755558014,0.444907486438751,-2.5033950024067099E-08),(0.0150925163179636,0.41247671842575101,-2.5033950024067099E-08),(0.0150925163179636,0.0150925163179636,-2.5033950024067099E-08),(1.18490755558014,0.0150925163179636,-2.5033950024067099E-08),(0.40503087639808699,0.41247671842575101,-2.5033950024067099E-08),(0.79496920108795199,0.41247671842575101,-2.5033950024067099E-08),(0.79496920108795199,0.0150925163179636,-2.5033950024067099E-08),(0.40503084659576399,0.0150925163179636,-2.5033950024067099E-08),(0.80000001192092896,0.46000000834464999,-2.5033950024067099E-08),(0.40000000596046398,0.46000000834464999,-2.5033950024067099E-08),(0.40000003576278698,0.,-2.5033950024067099E-08),(0.80000007152557395,0.,-2.5033950024067099E-08),(0.39658382534980802,0.40402966737747198,-0.21000002324581099),(0.023539565503597301,0.40402966737747198,-0.21000002324581099),(0.023539565503597301,0.023539565503597301,-0.21000002324581099),(0.39658379554748502,0.023539565503597301,-0.21000002324581099),(0.78652215003967296,0.40402966737747198,-0.21000002324581099),(0.41347792744636502,0.40402966737747198,-0.21000002324581099),(0.41347789764404302,0.023539565503597301,-0.21000002324581099),(0.78652215003967296,0.023539565503597301,-0.21000002324581099)),$);
#10635=IFCINDEXEDPOLYGONALFACE((17,18,19,20));
#10636=IFCINDEXEDPOLYGONALFACE((14,2,6,9));
#10637=IFCINDEXEDPOLYGONALFACE((2,1,7,6));
#10638=IFCINDEXEDPOLYGONALFACE((16,3,8,11));
#10639=IFCINDEXEDPOLYGONALFACE((3,4,5,8));
#10640=IFCINDEXEDPOLYGONALFACE((1,15,12,7));
#10641=IFCINDEXEDPOLYGONALFACE((15,16,11,12));
#10642=IFCINDEXEDPOLYGONALFACE((4,13,10,5));
#10643=IFCINDEXEDPOLYGONALFACE((13,14,9,10));
#10644=IFCINDEXEDPOLYGONALFACE((5,10,11,8));
#10645=IFCINDEXEDPOLYGONALFACE((21,22,23,24));
#10646=IFCINDEXEDPOLYGONALFACE((9,6,18,17));
#10647=IFCINDEXEDPOLYGONALFACE((6,7,19,18));
#10648=IFCINDEXEDPOLYGONALFACE((7,12,20,19));
#10649=IFCINDEXEDPOLYGONALFACE((12,9,17,20));
#10650=IFCINDEXEDPOLYGONALFACE((10,9,22,21));
#10651=IFCINDEXEDPOLYGONALFACE((9,12,23,22));
#10652=IFCINDEXEDPOLYGONALFACE((12,11,24,23));
#10653=IFCINDEXEDPOLYGONALFACE((11,10,21,24));
#10654=IFCPOLYGONALFACESET(#10634,$,(#10635,#10636,#10637,#10638,#10639,#10640,#10641,#10642,#10643,#10644,#10645,#10646,#10647,#10648,#10649,#10650,#10651,#10652,#10653),$);
#10655=IFCSHAPEREPRESENTATION(#11,'Body','Tessellation',(#10654));
#10656=IFCREPRESENTATIONMAP(#10633,#10655);
#10657=IFCDIRECTION((1.,0.,0.));
#10658=IFCDIRECTION((0.,1.,0.));
#10659=IFCCARTESIANPOINT((0.,0.,0.));
#10660=IFCDIRECTION((0.,0.,1.));
#10661=IFCCARTESIANTRANSFORMATIONOPERATOR3D(#10657,#10658,#10659,1.,#10660);
#10662=IFCMAPPEDITEM(#10656,#10661);
#10663=IFCSHAPEREPRESENTATION(#11,'Body','MappedRepresentation',(#10662));
#10665=IFCCARTESIANPOINT((0.,0.,0.));
#10666=IFCDIRECTION((0.,0.,1.));
#10667=IFCDIRECTION((1.,0.,0.));
#10668=IFCAXIS2PLACEMENT3D(#10665,#10666,#10667);
#10669=IFCCARTESIANPOINT((0.,0.,-0.21000002324581099));
#10670=IFCBOUNDINGBOX(#10669,1.20000004768372,0.46000000834464999,0.20999999344348899);
#10671=IFCSHAPEREPRESENTATION(#13,'Box','BoundingBox',(#10670));
#10672=IFCREPRESENTATIONMAP(#10668,#10671);
#10673=IFCDIRECTION((1.,0.,0.));
#10674=IFCDIRECTION((0.,1.,0.));
#10675=IFCCARTESIANPOINT((0.,0.,0.));
#10676=IFCDIRECTION((0.,0.,1.));
#10677=IFCCARTESIANTRANSFORMATIONOPERATOR3D(#10673,#10674,#10675,1.,#10676);
#10678=IFCMAPPEDITEM(#10672,#10677);
#10679=IFCSHAPEREPRESENTATION(#13,'Box','MappedRepresentation',(#10678));
#10680=IFCPRODUCTDEFINITIONSHAPE($,$,(#10663,#10679));
#10681=IFCSANITARYTERMINAL('3sMlINjg19XfXurJ13QGTZ',$,'SanitaryTerminal',$,$,#17483,#10680,$,$);
#10683=IFCCOLOURRGB($,0.32069292664527899,0.30816888809204102,0.29255336523056003);
#10684=IFCSURFACESTYLERENDERING(#10683,$,$,$,$,$,IFCNORMALISEDRATIOMEASURE(0.75),$,.NOTDEFINED.);
#10685=IFCSURFACESTYLE('Steel Chrome',.BOTH.,(#10684));
#10691=IFCCARTESIANPOINT((0.,0.,0.));
#10692=IFCDIRECTION((0.,0.,1.));
#10693=IFCDIRECTION((1.,0.,0.));
#10694=IFCAXIS2PLACEMENT3D(#10691,#10692,#10693);
#10701=IFCCARTESIANPOINTLIST3D(((0.,0.,-2.5033950024067099E-08),(0.,0.46000000834464999,-2.5033950024067099E-08),(1.20000004768372,0.,-2.5033950024067099E-08),(1.20000004768372,0.46000000834464999,-2.5033950024067099E-08),(1.18490755558014,0.444907486438751,-2.5033950024067099E-08),(0.0150925163179636,0.41247671842575101,-2.5033950024067099E-08),(0.0150925163179636,0.0150925163179636,-2.5033950024067099E-08),(1.18490755558014,0.0150925163179636,-2.5033950024067099E-08),(0.40503087639808699,0.41247671842575101,-2.5033950024067099E-08),(0.79496920108795199,0.41247671842575101,-2.5033950024067099E-08),(0.79496920108795199,0.0150925163179636,-2.5033950024067099E-08),(0.40503084659576399,0.0150925163179636,-2.5033950024067099E-08),(0.80000001192092896,0.46000000834464999,-2.5033950024067099E-08),(0.40000000596046398,0.46000000834464999,-2.5033950024067099E-08),(0.40000003576278698,0.,-2.5033950024067099E-08),(0.80000007152557395,0.,-2.5033950024067099E-08),(0.39658382534980802,0.40402966737747198,-0.21000002324581099),(0.023539565503597301,0.40402966737747198,-0.21000002324581099),(0.023539565503597301,0.023539565503597301,-0.21000002324581099),(0.39658379554748502,0.023539565503597301,-0.21000002324581099),(0.78652215003967296,0.40402966737747198,-0.21000002324581099),(0.41347792744636502,0.40402966737747198,-0.21000002324581099),(0.41347789764404302,0.023539565503597301,-0.21000002324581099),(0.78652215003967296,0.023539565503597301,-0.21000002324581099)),$);
#10702=IFCINDEXEDPOLYGONALFACE((17,18,19,20));
#10703=IFCINDEXEDPOLYGONALFACE((14,2,6,9));
#10704=IFCINDEXEDPOLYGONALFACE((2,1,7,6));
#10705=IFCINDEXEDPOLYGONALFACE((16,3,8,11));
#10706=IFCINDEXEDPOLYGONALFACE((3,4,5,8));
#10707=IFCINDEXEDPOLYGONALFACE((1,15,12,7));
#10708=IFCINDEXEDPOLYGONALFACE((15,16,11,12));
#10709=IFCINDEXEDPOLYGONALFACE((4,13,10,5));
#10710=IFCINDEXEDPOLYGONALFACE((13,14,9,10));
#10711=IFCINDEXEDPOLYGONALFACE((5,10,11,8));
#10712=IFCINDEXEDPOLYGONALFACE((21,22,23,24));
#10713=IFCINDEXEDPOLYGONALFACE((9,6,18,17));
#10714=IFCINDEXEDPOLYGONALFACE((6,7,19,18));
#10715=IFCINDEXEDPOLYGONALFACE((7,12,20,19));
#10716=IFCINDEXEDPOLYGONALFACE((12,9,17,20));
#10717=IFCINDEXEDPOLYGONALFACE((10,9,22,21));
#10718=IFCINDEXEDPOLYGONALFACE((9,12,23,22));
#10719=IFCINDEXEDPOLYGONALFACE((12,11,24,23));
#10720=IFCINDEXEDPOLYGONALFACE((11,10,21,24));
#10721=IFCPOLYGONALFACESET(#10701,$,(#10702,#10703,#10704,#10705,#10706,#10707,#10708,#10709,#10710,#10711,#10712,#10713,#10714,#10715,#10716,#10717,#10718,#10719,#10720),$);
#10722=IFCSHAPEREPRESENTATION(#11,'Body','Tessellation',(#10721));
#10723=IFCREPRESENTATIONMAP(#10694,#10722);
#10724=IFCCARTESIANPOINT((0.,0.,0.));
#10725=IFCDIRECTION((0.,0.,1.));
#10726=IFCDIRECTION((1.,0.,0.));
#10727=IFCAXIS2PLACEMENT3D(#10724,#10725,#10726);
#10729=IFCCARTESIANPOINT((0.,0.,-0.21000002324581099));
#10730=IFCBOUNDINGBOX(#10729,1.20000004768372,0.46000000834464999,0.20999999344348899);
#10731=IFCSHAPEREPRESENTATION(#13,'Box','BoundingBox',(#10730));
#10732=IFCREPRESENTATIONMAP(#10727,#10731);
#10733=IFCSANITARYTERMINALTYPE('19xN1y3_D8EBAkvYLL5VmV',$,'FRANKE_2BOWL_SINK_1.2x.46x.21',$,$,$,(#10723,#10732),$,$,.SINK.);
#10735=IFCMATERIAL('Steel Chrome',$,'Finishes');
#10736=IFCMATERIALDEFINITIONREPRESENTATION($,$,(#10738),#10735);
#10737=IFCSTYLEDITEM($,(#10685),'Steel Chrome');
#10738=IFCSTYLEDREPRESENTATION(#11,'Body',$,(#10737));
#10740=IFCRELDEFINESBYTYPE('0w2ZsDe2937PVK3Wxwjg4Y',$,$,$,(#10681),#10733);
#10741=IFCCARTESIANPOINT((0.,0.,0.));
#10742=IFCDIRECTION((0.,0.,1.));
#10743=IFCDIRECTION((1.,0.,0.));
#10744=IFCAXIS2PLACEMENT3D(#10741,#10742,#10743);
#10745=IFCLOCALPLACEMENT($,#10744);
#10746=IFCCARTESIANPOINT((0.,0.,0.));
#10747=IFCDIRECTION((0.,0.,1.));
#10748=IFCDIRECTION((1.,0.,0.));
#10749=IFCAXIS2PLACEMENT3D(#10746,#10747,#10748);
#10750=IFCLOCALPLACEMENT(#10745,#10749);
#10751=IFCCARTESIANPOINT((0.,0.,0.));
#10752=IFCDIRECTION((0.,0.,1.));
#10753=IFCDIRECTION((1.,0.,0.));
#10754=IFCAXIS2PLACEMENT3D(#10751,#10752,#10753);
#10755=IFCLOCALPLACEMENT(#10750,#10754);
#10780=IFCMATERIALLAYER(#10468,0.012000000104308128,$,$,$,$,$);
#10781=IFCMATERIALLAYERSET((#10780),$,$);
#10791=IFCPROPERTYSINGLEVALUE('LayerSetDirection',$,IFCLABEL('AXIS3'),$);
#10792=IFCPROPERTYSET('3qpxTW13b3AvxFOgaf$y9b',$,'EPset_Parametric',$,(#10791));
#10793=IFCSYSTEMFURNITUREELEMENTTYPE('1y7OwNbfr9n9kJ9IaEXvOj',$,'Multiwood 12mm horizontal',$,$,(#10792),$,$,$,.WORKSURFACE.);
#10794=IFCRELASSOCIATESMATERIAL('1pCgjs6M52JOMtVtxy_dZ6',$,$,$,(#10793),#10781);
#10795=IFCRELDEFINESBYTYPE('0eMUONh8T2jegvQFop$WUW',$,$,$,(#11097,#12275,#13240,#13265,#16139,#17538,#17569,#17747),#10793);
#10796=IFCCARTESIANPOINT((0.,0.,0.));
#10797=IFCDIRECTION((0.,0.,1.));
#10798=IFCDIRECTION((1.,0.,0.));
#10799=IFCAXIS2PLACEMENT3D(#10796,#10797,#10798);
#10800=IFCLOCALPLACEMENT($,#10799);
#10801=IFCCARTESIANPOINT((0.,0.,0.));
#10802=IFCDIRECTION((0.,0.,1.));
#10803=IFCDIRECTION((1.,0.,0.));
#10804=IFCAXIS2PLACEMENT3D(#10801,#10802,#10803);
#10805=IFCLOCALPLACEMENT(#10800,#10804);
#10806=IFCCARTESIANPOINT((0.,0.,0.));
#10807=IFCDIRECTION((0.,0.,1.));
#10808=IFCDIRECTION((1.,0.,0.));
#10809=IFCAXIS2PLACEMENT3D(#10806,#10807,#10808);
#10810=IFCLOCALPLACEMENT(#10805,#10809);
#10822=IFCCARTESIANPOINT((0.,0.,0.));
#10823=IFCDIRECTION((0.,0.,1.));
#10824=IFCDIRECTION((1.,0.,0.));
#10825=IFCAXIS2PLACEMENT3D(#10822,#10823,#10824);
#10826=IFCCARTESIANPOINTLIST3D(((-2.6822089438382999E-08,0.52999997138977095,0.090000048279762296),(-2.6822089438382999E-08,-1.57952300128272E-08,0.090000048279762296),(-2.6822089438382999E-08,-1.57952300128272E-08,0.10000004619360001),(-2.6822089438382999E-08,0.52999997138977095,0.10000004619360001),(0.89999997615814198,0.52999997138977095,0.090000048279762296),(0.89999997615814198,0.52999997138977095,0.10000004619360001),(0.89999997615814198,-1.57952300128272E-08,0.090000048279762296),(0.89999997615814198,-1.57952300128272E-08,0.10000004619360001),(0.34740719199180597,0.52999997138977095,0.10000004619360001),(0.552592813968658,0.52999997138977095,0.10000004619360001),(0.29999998211860701,-1.57952300128272E-08,0.10000004619360001),(0.60000002384185802,-1.57952300128272E-08,0.10000004619360001),(-2.6822089438382999E-08,0.26499995589256298,0.10000004619360001),(0.89999997615814198,0.26499998569488498,0.10000004619360001),(0.552592813968658,0.26499998569488498,0.10000004619360001),(0.34740719199180597,0.26499998569488498,0.10000004619360001),(0.25120323896408098,0.20774388313293499,0.10000004619360001),(0.086204946041107205,0.22225436568260201,0.10000004619360001),(0.071694463491439805,0.057256072759628303,0.10000004619360001),(0.23669275641441301,0.042745590209960903,0.10000004619360001),(0.81351578235626198,0.22248774766922,0.10000004619360001),(0.64856338500976596,0.207464635372162,0.10000004619360001),(0.66358649730682395,0.042512238025665297,0.10000004619360001),(0.82853889465331998,0.057535350322723403,0.10000004619360001),(0.76177299022674605,0.47305876016616799,0.10000004619360001),(0.61065536737442005,0.47305873036384599,0.10000004619360001),(0.61065542697906505,0.32194119691848799,0.10000004619360001),(0.76177299022674605,0.32194122672080999,0.10000004619360001),(0.28934460878372198,0.47305876016616799,0.10000004619360001),(0.13822704553604101,0.47305876016616799,0.10000004619360001),(0.13822704553604101,0.32194119691848799,0.10000004619360001),(0.28934460878372198,0.32194119691848799,0.10000004619360001),(0.171709313988686,0.24917139112949399,0.10000004619360001),(0.27812027931213401,0.122239515185356,0.10000004619360001),(0.044777438044548,0.142760440707207,0.10000004619360001),(0.15118838846683499,0.015828564763069201,0.10000004619360001),(0.72792822122573897,0.24913895130157501,0.10000004619360001),(0.85519009828567505,0.14312294125556899,0.10000004619360001),(0.621912181377411,0.121877044439316,0.10000004619360001),(0.74917405843734697,0.015861034393310498,0.10000004619360001),(0.68621414899826005,0.50435620546340898,0.10000004619360001),(0.79307043552398704,0.39750000834464999,0.10000004619360001),(0.57935792207717896,0.39749994874000499,0.10000004619360001),(0.68621420860290505,0.29064372181892401,0.10000004619360001),(0.21378582715988201,0.50435620546340898,0.10000004619360001),(0.32064205408096302,0.39749997854232799,0.10000004619360001),(0.10692957043647799,0.39749997854232799,0.10000004619360001),(0.21378582715988201,0.29064372181892401,0.10000004619360001),(0.58893156051635698,0.061871230602264397,0.10000004619360001),(0.311068445444107,0.061871230602264397,0.10000004619360001),(0.59390664100646995,0.034061226993799203,0.10000004619360001),(0.30609336495399497,0.034061226993799203,0.10000004619360001),(0.37572646141052202,0.52999997138977095,0.10000004619360001),(0.52427357435226396,0.52999997138977095,0.10000004619360001),(0.34140527248382602,-1.4901161193847699E-08,0.10000004619360001),(0.55859470367431596,-1.4901161193847699E-08,0.10000004619360001),(0.37572646141052202,0.26499998569488498,0.10000004619360001),(0.52427357435226396,0.26499998569488498,0.10000004619360001),(0.34941846132278398,0.061871230602264397,0.10000004619360001),(0.550581574440002,0.061871230602264397,0.10000004619360001),(0.34581664204597501,0.034061223268508897,0.10000004619360001),(0.55418330430984497,0.034061223268508897,0.10000004619360001),(0.171709313988686,0.24917139112949399,0.120000042021275),(0.25120323896408098,0.20774388313293499,0.120000042021275),(0.27812027931213401,0.122239515185356,0.120000042021275),(0.23669275641441301,0.042745590209960903,0.120000042021275),(0.044777438044548,0.142760440707207,0.120000042021275),(0.086204946041107205,0.22225436568260201,0.120000042021275),(0.15118838846683499,0.015828564763069201,0.120000042021275),(0.72792822122573897,0.24913895130157501,0.120000042021275),(0.81351578235626198,0.22248774766922,0.120000042021275),(0.85519009828567505,0.14312294125556899,0.120000042021275),(0.82853889465331998,0.057535350322723403,0.120000042021275),(0.621912181377411,0.121877044439316,0.120000042021275),(0.66358649730682395,0.042512238025665297,0.120000042021275),(0.74917405843734697,0.015861034393310498,0.120000042021275),(0.68621414899826005,0.50435620546340898,0.120000042021275),(0.76177299022674605,0.47305876016616799,0.120000042021275),(0.79307043552398704,0.39750000834464999,0.120000042021275),(0.76177299022674605,0.32194122672080999,0.120000042021275),(0.57935792207717896,0.39749994874000499,0.120000042021275),(0.61065542697906505,0.32194119691848799,0.120000042021275),(0.68621420860290505,0.29064372181892401,0.120000042021275),(0.21378582715988201,0.50435620546340898,0.120000042021275),(0.28934460878372198,0.47305876016616799,0.120000042021275),(0.32064205408096302,0.39749997854232799,0.120000042021275),(0.28934460878372198,0.32194119691848799,0.120000042021275),(0.10692957043647799,0.39749997854232799,0.120000042021275),(0.13822704553604101,0.47305876016616799,0.120000042021275),(0.21378582715988201,0.29064372181892401,0.120000042021275),(0.071694463491439805,0.057256072759628303,0.120000042021275),(0.64856338500976596,0.207464635372162,0.120000042021275),(0.61065536737442005,0.47305873036384599,0.120000042021275),(0.13822704553604101,0.32194119691848799,0.120000042021275),(0.21378582715988201,0.39749997854232799,0.120000042021275),(0.68621420860290505,0.39749997854232799,0.120000042021275),(0.73855113983154297,0.13249997794628099,0.120000042021275),(0.16144885122776001,0.13249997794628099,0.120000042021275),(0.34941846132278398,0.061871230602264397,0.120000042021275),(0.550581574440002,0.061871230602264397,0.120000042021275),(0.34581664204597501,0.034061223268508897,0.120000042021275),(0.55418330430984497,0.034061223268508897,0.120000042021275),(0.030424106866121299,0.49957585334777799,0.090000048279762296),(0.86957585811615001,0.49957585334777799,0.090000048279762296),(0.86957585811615001,0.030424118041992201,0.090000048279762296),(0.030424106866121299,0.030424118041992201,0.090000048279762296),(0.058900922536850003,0.483655095100403,0.),(0.84109902381896995,0.483655095100403,0.),(0.058900922536850003,0.046344891190528897,0.),(0.84109902381896995,0.046344891190528897,0.)),$);
#10827=IFCINDEXEDPOLYGONALFACE((8,7,5,6,14));
#10828=IFCINDEXEDPOLYGONALFACE((104,105,110,108));
#10829=IFCINDEXEDPOLYGONALFACE((6,5,1,4,9,53,54,10));
#10830=IFCINDEXEDPOLYGONALFACE((38,21,71,72));
#10831=IFCINDEXEDPOLYGONALFACE((39,23,75,74));
#10832=IFCINDEXEDPOLYGONALFACE((61,52,11,55));
#10833=IFCINDEXEDPOLYGONALFACE((53,9,16,57));
#10834=IFCINDEXEDPOLYGONALFACE((60,59,99,100));
#10835=IFCINDEXEDPOLYGONALFACE((37,22,92,70));
#10836=IFCINDEXEDPOLYGONALFACE((16,13,18,33,17));
#10837=IFCINDEXEDPOLYGONALFACE((13,3,19,35,18));
#10838=IFCINDEXEDPOLYGONALFACE((3,11,20,36,19));
#10839=IFCINDEXEDPOLYGONALFACE((11,52,50,16,17,34,20));
#10840=IFCINDEXEDPOLYGONALFACE((14,15,22,37,21));
#10841=IFCINDEXEDPOLYGONALFACE((15,49,51,12,23,39,22));
#10842=IFCINDEXEDPOLYGONALFACE((12,8,24,40,23));
#10843=IFCINDEXEDPOLYGONALFACE((8,14,21,38,24));
#10844=IFCINDEXEDPOLYGONALFACE((6,10,26,41,25));
#10845=IFCINDEXEDPOLYGONALFACE((10,15,27,43,26));
#10846=IFCINDEXEDPOLYGONALFACE((15,14,28,44,27));
#10847=IFCINDEXEDPOLYGONALFACE((14,6,25,42,28));
#10848=IFCINDEXEDPOLYGONALFACE((9,4,30,45,29));
#10849=IFCINDEXEDPOLYGONALFACE((4,13,31,47,30));
#10850=IFCINDEXEDPOLYGONALFACE((13,16,32,48,31));
#10851=IFCINDEXEDPOLYGONALFACE((16,9,29,46,32));
#10852=IFCINDEXEDPOLYGONALFACE((24,38,72,73));
#10853=IFCINDEXEDPOLYGONALFACE((19,36,69,91));
#10854=IFCINDEXEDPOLYGONALFACE((21,37,70,71));
#10855=IFCINDEXEDPOLYGONALFACE((35,19,91,67));
#10856=IFCINDEXEDPOLYGONALFACE((31,48,90,94));
#10857=IFCINDEXEDPOLYGONALFACE((34,17,64,65));
#10858=IFCINDEXEDPOLYGONALFACE((47,31,94,88));
#10859=IFCINDEXEDPOLYGONALFACE((44,28,80,83));
#10860=IFCINDEXEDPOLYGONALFACE((33,18,68,63));
#10861=IFCINDEXEDPOLYGONALFACE((46,29,85,86));
#10862=IFCINDEXEDPOLYGONALFACE((43,27,82,81));
#10863=IFCINDEXEDPOLYGONALFACE((45,30,89,84));
#10864=IFCINDEXEDPOLYGONALFACE((57,16,50,59));
#10865=IFCINDEXEDPOLYGONALFACE((59,50,52,61));
#10866=IFCINDEXEDPOLYGONALFACE((49,60,62,51));
#10867=IFCINDEXEDPOLYGONALFACE((28,42,79,80));
#10868=IFCINDEXEDPOLYGONALFACE((15,58,60,49));
#10869=IFCINDEXEDPOLYGONALFACE((58,57,59,60));
#10870=IFCINDEXEDPOLYGONALFACE((10,54,58,15));
#10871=IFCINDEXEDPOLYGONALFACE((54,53,57,58));
#10872=IFCINDEXEDPOLYGONALFACE((51,62,56,12));
#10873=IFCINDEXEDPOLYGONALFACE((62,61,55,56));
#10874=IFCINDEXEDPOLYGONALFACE((98,67,91,69));
#10875=IFCINDEXEDPOLYGONALFACE((97,74,75,76));
#10876=IFCINDEXEDPOLYGONALFACE((96,81,82,83));
#10877=IFCINDEXEDPOLYGONALFACE((95,88,94,90));
#10878=IFCINDEXEDPOLYGONALFACE((86,95,90,87));
#10879=IFCINDEXEDPOLYGONALFACE((85,84,95,86));
#10880=IFCINDEXEDPOLYGONALFACE((84,89,88,95));
#10881=IFCINDEXEDPOLYGONALFACE((79,96,83,80));
#10882=IFCINDEXEDPOLYGONALFACE((78,77,96,79));
#10883=IFCINDEXEDPOLYGONALFACE((77,93,81,96));
#10884=IFCINDEXEDPOLYGONALFACE((72,97,76,73));
#10885=IFCINDEXEDPOLYGONALFACE((71,70,97,72));
#10886=IFCINDEXEDPOLYGONALFACE((70,92,74,97));
#10887=IFCINDEXEDPOLYGONALFACE((65,98,69,66));
#10888=IFCINDEXEDPOLYGONALFACE((64,63,98,65));
#10889=IFCINDEXEDPOLYGONALFACE((63,68,67,98));
#10890=IFCINDEXEDPOLYGONALFACE((100,99,101,102));
#10891=IFCINDEXEDPOLYGONALFACE((29,45,84,85));
#10892=IFCINDEXEDPOLYGONALFACE((40,24,73,76));
#10893=IFCINDEXEDPOLYGONALFACE((22,39,74,92));
#10894=IFCINDEXEDPOLYGONALFACE((32,46,86,87));
#10895=IFCINDEXEDPOLYGONALFACE((61,62,102,101));
#10896=IFCINDEXEDPOLYGONALFACE((23,40,76,75));
#10897=IFCINDEXEDPOLYGONALFACE((30,47,88,89));
#10898=IFCINDEXEDPOLYGONALFACE((62,60,100,102));
#10899=IFCINDEXEDPOLYGONALFACE((41,26,93,77));
#10900=IFCINDEXEDPOLYGONALFACE((17,33,63,64));
#10901=IFCINDEXEDPOLYGONALFACE((48,32,87,90));
#10902=IFCINDEXEDPOLYGONALFACE((59,61,101,99));
#10903=IFCINDEXEDPOLYGONALFACE((42,25,78,79));
#10904=IFCINDEXEDPOLYGONALFACE((20,34,65,66));
#10905=IFCINDEXEDPOLYGONALFACE((26,43,81,93));
#10906=IFCINDEXEDPOLYGONALFACE((18,35,67,68));
#10907=IFCINDEXEDPOLYGONALFACE((25,41,77,78));
#10908=IFCINDEXEDPOLYGONALFACE((27,44,83,82));
#10909=IFCINDEXEDPOLYGONALFACE((36,20,66,69));
#10910=IFCINDEXEDPOLYGONALFACE((7,8,12,56,55,11,3,2));
#10911=IFCINDEXEDPOLYGONALFACE((2,3,13,4,1));
#10912=IFCINDEXEDPOLYGONALFACE((1,5,104,103));
#10913=IFCINDEXEDPOLYGONALFACE((5,7,105,104));
#10914=IFCINDEXEDPOLYGONALFACE((7,2,106,105));
#10915=IFCINDEXEDPOLYGONALFACE((2,1,103,106));
#10916=IFCINDEXEDPOLYGONALFACE((107,108,110,109));
#10917=IFCINDEXEDPOLYGONALFACE((103,104,108,107));
#10918=IFCINDEXEDPOLYGONALFACE((105,106,109,110));
#10919=IFCINDEXEDPOLYGONALFACE((106,103,107,109));
#10920=IFCPOLYGONALFACESET(#10826,$,(#10827,#10828,#10829,#10830,#10831,#10832,#10833,#10834,#10835,#10836,#10837,#10838,#10839,#10840,#10841,#10842,#10843,#10844,#10845,#10846,#10847,#10848,#10849,#10850,#10851,#10852,#10853,#10854,#10855,#10856,#10857,#10858,#10859,#10860,#10861,#10862,#10863,#10864,#10865,#10866,#10867,#10868,#10869,#10870,#10871,#10872,#10873,#10874,#10875,#10876,#10877,#10878,#10879,#10880,#10881,#10882,#10883,#10884,#10885,#10886,#10887,#10888,#10889,#10890,#10891,#10892,#10893,#10894,#10895,#10896,#10897,#10898,#10899,#10900,#10901,#10902,#10903,#10904,#10905,#10906,#10907,#10908,#10909,#10910,#10911,#10912,#10913,#10914,#10915,#10916,#10917,#10918,#10919),$);
#10921=IFCSHAPEREPRESENTATION(#11,'Body','Tessellation',(#10920));
#10922=IFCREPRESENTATIONMAP(#10825,#10921);
#10943=IFCELECTRICAPPLIANCETYPE('1utaMEIx14MunsyJfxbwK0',$,'Faber Stove',$,$,$,(#10922),$,$,.ELECTRICCOOKER.);
#10944=IFCRELASSOCIATESMATERIAL('13CwPoUC5Dvhwr9c8gl5Wh',$,$,$,(#10733,#14587,#14791,#14215,#10943,#14408,#14614,#16934,#15977),#10945);
#10945=IFCMATERIAL('Iron',$,'Structure');
#10946=IFCMATERIALDEFINITIONREPRESENTATION($,$,(#10956),#10945);
#10952=IFCCOLOURRGB($,0.,0.,0.);
#10953=IFCSURFACESTYLESHADING(#10952,$);
#10954=IFCSURFACESTYLE('Iron',.BOTH.,(#10953));
#10955=IFCSTYLEDITEM($,(#14155),'Iron.002');
#10956=IFCSTYLEDREPRESENTATION(#10,$,$,(#10955));
#10959=IFCCARTESIANPOINT((0.,0.,0.));
#10960=IFCDIRECTION((0.,0.,1.));
#10961=IFCDIRECTION((1.,0.,0.));
#10962=IFCAXIS2PLACEMENT3D(#10959,#10960,#10961);
#10963=IFCLOCALPLACEMENT($,#10962);
#10964=IFCCARTESIANPOINT((0.,0.,0.));
#10965=IFCDIRECTION((0.,0.,1.));
#10966=IFCDIRECTION((1.,0.,0.));
#10967=IFCAXIS2PLACEMENT3D(#10964,#10965,#10966);
#10968=IFCLOCALPLACEMENT(#10963,#10967);
#10969=IFCCARTESIANPOINT((0.,0.,0.));
#10970=IFCDIRECTION((0.,0.,1.));
#10971=IFCDIRECTION((1.,0.,0.));
#10972=IFCAXIS2PLACEMENT3D(#10969,#10970,#10971);
#10973=IFCLOCALPLACEMENT(#10968,#10972);
#10985=IFCCARTESIANPOINT((0.,0.,0.));
#10986=IFCDIRECTION((0.,0.,1.));
#10987=IFCDIRECTION((1.,0.,0.));
#10988=IFCAXIS2PLACEMENT3D(#10985,#10986,#10987);
#10989=IFCCARTESIANPOINTLIST2D(((0.,0.050000000000000003),(0.014644660940672599,0.014644660940672599),(0.050000000000000003,0.),(0.55000000000000004,0.),(0.58535533905932702,0.014644660940672599),(0.59999999999999998,0.050000000000000003),(0.59999999999999998,0.5),(0.58535533905932702,0.53535533905932697),(0.55000000000000004,0.55000000000000004),(0.050000000000000003,0.55000000000000004),(0.014644660940672599,0.53535533905932697),(0.,0.5)),$);
#10990=IFCINDEXEDPOLYCURVE(#10989,(IFCLINEINDEX((12,1)),IFCARCINDEX((1,2,3)),IFCLINEINDEX((3,4)),IFCARCINDEX((4,5,6)),IFCLINEINDEX((6,7)),IFCARCINDEX((7,8,9)),IFCLINEINDEX((9,10)),IFCARCINDEX((10,11,12)),IFCLINEINDEX((12,1))),$);
#10991=IFCCARTESIANPOINTLIST2D(((0.029999999999999999,0.19950000000000001),(0.073933982822017894,0.093433982822017897),(0.17999999999999999,0.049500000000000002),(0.41999999999999998,0.049500000000000002),(0.52606601717798196,0.093433982822017897),(0.56999999999999995,0.19950000000000001),(0.56999999999999995,0.38450000000000001),(0.55535533905932699,0.41985533905932698),(0.52000000000000002,0.4345),(0.080000000000000002,0.4345),(0.044644660940672598,0.41985533905932698),(0.029999999999999999,0.38450000000000001)),$);
#10992=IFCINDEXEDPOLYCURVE(#10991,(IFCLINEINDEX((12,1)),IFCARCINDEX((1,2,3)),IFCLINEINDEX((3,4)),IFCARCINDEX((4,5,6)),IFCLINEINDEX((6,7)),IFCARCINDEX((7,8,9)),IFCLINEINDEX((9,10)),IFCARCINDEX((10,11,12)),IFCLINEINDEX((12,1))),$);
#10993=IFCARBITRARYPROFILEDEFWITHVOIDS(.AREA.,$,#10990,(#10992));
#10994=IFCCARTESIANPOINT((-0.29999999999999999,-0.55000000000000004,0.10000000000000001));
#10995=IFCDIRECTION((0.,0.,1.));
#10996=IFCDIRECTION((1.,0.,0.));
#10997=IFCAXIS2PLACEMENT3D(#10994,#10995,#10996);
#10998=IFCDIRECTION((0.,0.,1.));
#10999=IFCEXTRUDEDAREASOLID(#10993,#10997,#10998,0.14999999999999999);
#11000=IFCARBITRARYCLOSEDPROFILEDEF(.AREA.,$,#10992);
#11001=IFCCARTESIANPOINT((-0.29999999999999999,-0.55000000000000004,0.));
#11002=IFCDIRECTION((0.,0.,1.));
#11003=IFCDIRECTION((1.,0.,0.));
#11004=IFCAXIS2PLACEMENT3D(#11001,#11002,#11003);
#11005=IFCDIRECTION((0.,0.,1.));
#11006=IFCEXTRUDEDAREASOLID(#11000,#11004,#11005,0.10000000000000001);
#11007=IFCSHAPEREPRESENTATION(#11,'Body','SweptSolid',(#10999,#11006));
#11008=IFCREPRESENTATIONMAP(#10988,#11007);
#11009=IFCDIRECTION((1.,0.,0.));
#11010=IFCDIRECTION((0.,1.,0.));
#11011=IFCCARTESIANPOINT((0.,0.,0.));
#11012=IFCDIRECTION((0.,0.,1.));
#11013=IFCCARTESIANTRANSFORMATIONOPERATOR3D(#11009,#11010,#11011,1.,#11012);
#11014=IFCMAPPEDITEM(#11008,#11013);
#11015=IFCSHAPEREPRESENTATION(#11,'Body','MappedRepresentation',(#11014));
#11021=IFCCARTESIANPOINT((0.,0.,0.));
#11022=IFCDIRECTION((0.,0.,1.));
#11023=IFCDIRECTION((1.,0.,0.));
#11024=IFCAXIS2PLACEMENT3D(#11021,#11022,#11023);
#11025=IFCCARTESIANPOINTLIST2D(((-0.29999999999999999,-0.5),(-0.28535534667968798,-0.53535534667968798),(-0.25,-0.55000000000000004),(0.25,-0.55000000000000004),(0.28535534667968798,-0.53535534667968798),(0.29999999999999999,-0.5),(0.29999999999999999,-0.050000000000000003),(0.28535534667968798,-0.014644653320312499),(0.25,0.),(-0.25,0.),(-0.28535534667968798,-0.014644653320312499),(-0.29999999999999999,-0.050000000000000003)),$);
#11026=IFCINDEXEDPOLYCURVE(#11025,(IFCLINEINDEX((12,1)),IFCARCINDEX((1,2,3)),IFCLINEINDEX((3,4)),IFCARCINDEX((4,5,6)),IFCLINEINDEX((6,7)),IFCARCINDEX((7,8,9)),IFCLINEINDEX((9,10)),IFCARCINDEX((10,11,12)),IFCLINEINDEX((12,1))),$);
#11027=IFCCARTESIANPOINTLIST2D(((-0.27000000000000002,-0.35049999999999998),(-0.22606600952148401,-0.45656600952148402),(-0.12,-0.50049999999999994),(0.12,-0.50049999999999994),(0.226066040039062,-0.45656600952148402),(0.27000000000000002,-0.35049999999999998),(0.27000000000000002,-0.16550000000000001),(0.25535534667968801,-0.130144653320312),(0.22,-0.11550000000000001),(-0.22,-0.11550000000000001),(-0.25535534667968801,-0.130144653320312),(-0.27000000000000002,-0.16550000000000001)),$);
#11028=IFCINDEXEDPOLYCURVE(#11027,(IFCLINEINDEX((12,1)),IFCARCINDEX((1,2,3)),IFCLINEINDEX((3,4)),IFCARCINDEX((4,5,6)),IFCLINEINDEX((6,7)),IFCARCINDEX((7,8,9)),IFCLINEINDEX((9,10)),IFCARCINDEX((10,11,12)),IFCLINEINDEX((12,1))),$);
#11029=IFCCARTESIANPOINTLIST2D(((0.,-0.041250000000000002),(0.,-0.16125)),$);
#11030=IFCINDEXEDPOLYCURVE(#11029,$,$);
#11031=IFCSHAPEREPRESENTATION(#24,'Body','Curve2D',(#11026,#11028,#11030));
#11032=IFCREPRESENTATIONMAP(#11024,#11031);
#11033=IFCDIRECTION((1.,0.,0.));
#11034=IFCDIRECTION((0.,1.,0.));
#11035=IFCCARTESIANPOINT((0.,0.,0.));
#11036=IFCDIRECTION((0.,0.,1.));
#11037=IFCCARTESIANTRANSFORMATIONOPERATOR3D(#11033,#11034,#11035,1.,#11036);
#11038=IFCMAPPEDITEM(#11032,#11037);
#11039=IFCSHAPEREPRESENTATION(#24,'Body','MappedRepresentation',(#11038));
#11040=IFCPRODUCTDEFINITIONSHAPE($,$,(#11015,#11039));
#11041=IFCSANITARYTERMINAL('1n5C8zUKXDff8l5gxkv8r8',$,'SanitaryTerminal',$,$,#14040,#11040,$,$);
#11047=IFCSANITARYTERMINALTYPE('0DhF1owWTBQBX24vCUdbCL',$,'WASH_BASIN_0.6x0.55x0.25',$,$,$,(#11008,#11032),$,$,.NOTDEFINED.);
#11059=IFCRELDEFINESBYTYPE('1KMzdoIJz5mPkCWE59Q_4k',$,$,$,(#11041,#11694),#11047);
#11060=IFCCARTESIANPOINT((0.,0.,0.));
#11061=IFCDIRECTION((0.,0.,1.));
#11062=IFCDIRECTION((1.,0.,0.));
#11063=IFCAXIS2PLACEMENT3D(#11060,#11061,#11062);
#11064=IFCLOCALPLACEMENT($,#11063);
#11065=IFCCARTESIANPOINT((0.,0.,0.));
#11066=IFCDIRECTION((0.,0.,1.));
#11067=IFCDIRECTION((1.,0.,0.));
#11068=IFCAXIS2PLACEMENT3D(#11065,#11066,#11067);
#11069=IFCLOCALPLACEMENT(#11064,#11068);
#11070=IFCCARTESIANPOINT((0.,0.,0.));
#11071=IFCDIRECTION((0.,0.,1.));
#11072=IFCDIRECTION((1.,0.,0.));
#11073=IFCAXIS2PLACEMENT3D(#11070,#11071,#11072);
#11074=IFCLOCALPLACEMENT(#11069,#11073);
#11086=IFCCARTESIANPOINTLIST2D(((0.94147205352783203,2.9118351936340332),(0.94147205352783203,2.5730373859405518),(-1.5126233100891113,2.5730373859405518),(-1.5126233100891113,2.9118351936340332),(0.94147205352783203,2.9118351936340332)),$);
#11087=IFCINDEXEDPOLYCURVE(#11086,$,$);
#11088=IFCARBITRARYCLOSEDPROFILEDEF(.AREA.,$,#11087);
#11089=IFCCARTESIANPOINT((-0.,-0.,-0.019999999552965164));
#11090=IFCDIRECTION((0.,0.,1.));
#11091=IFCDIRECTION((1.,0.,0.));
#11092=IFCAXIS2PLACEMENT3D(#11089,#11090,#11091);
#11093=IFCDIRECTION((0.,0.,1.));
#11094=IFCEXTRUDEDAREASOLID(#11088,#11092,#11093,0.012000000104308128);
#11095=IFCSHAPEREPRESENTATION(#11,'Body','SweptSolid',(#11094));
#11096=IFCPRODUCTDEFINITIONSHAPE($,$,(#11095));
#11097=IFCSYSTEMFURNITUREELEMENT('1D$m5mMnz5GRE1AKnEBBFF',$,'SystemFurnitureElement',$,$,#11524,#11096,$,$);
#11098=IFCRELASSOCIATESMATERIAL('17sGai7U957fdA_xHkvuub',$,$,$,(#11097),#11101);
#11099=IFCMATERIALLAYER(#10468,0.012000000104308128,$,$,$,$,$);
#11100=IFCMATERIALLAYERSET((#11099),$,$);
#11101=IFCMATERIALLAYERSETUSAGE(#11100,.AXIS3.,.POSITIVE.,-0.019999999552965164,$);
#11102=IFCRELDEFINESBYPROPERTIES('23_U3gEgj3VAt_1mPbXQvh',$,$,$,(#11097),#11104);
#11103=IFCPROPERTYSINGLEVALUE('Engine',$,IFCLABEL('Bonsai.DumbLayer3'),$);
#11104=IFCPROPERTYSET('3PZdYpMZjFdP2O4hWjViol',$,'EPset_Parametric',$,(#11103));
#11110=IFCCARTESIANPOINT((0.,0.,0.));
#11111=IFCDIRECTION((0.,0.,1.));
#11112=IFCDIRECTION((1.,0.,0.));
#11113=IFCAXIS2PLACEMENT3D(#11110,#11111,#11112);
#11114=IFCLOCALPLACEMENT($,#11113);
#11115=IFCCARTESIANPOINT((0.,0.,0.));
#11116=IFCDIRECTION((0.,0.,1.));
#11117=IFCDIRECTION((1.,0.,0.));
#11118=IFCAXIS2PLACEMENT3D(#11115,#11116,#11117);
#11119=IFCLOCALPLACEMENT(#11114,#11118);
#11120=IFCCARTESIANPOINT((0.,0.,0.));
#11121=IFCDIRECTION((0.,0.,1.));
#11122=IFCDIRECTION((1.,0.,0.));
#11123=IFCAXIS2PLACEMENT3D(#11120,#11121,#11122);
#11124=IFCLOCALPLACEMENT(#11119,#11123);
#11145=IFCMATERIAL('Wall',$,$);
#11146=IFCMATERIALLAYER(#11145,0.012000000104308101,$,$,$,$,$);
#11147=IFCMATERIALLAYERSET((#11146),$,$);
#11149=IFCMATERIALDEFINITIONREPRESENTATION($,$,(#11154),#11145);
#11150=IFCCOLOURRGB($,1.,1.,1.);
#11151=IFCSURFACESTYLESHADING(#11150,$);
#11152=IFCSURFACESTYLE('Wall',.BOTH.,(#11151));
#11153=IFCSTYLEDITEM($,(#11152),'BrickWall');
#11154=IFCSTYLEDREPRESENTATION(#10,$,$,(#11153));
#11214=IFCCOLOURRGB($,0.044315338134765597,0.043249774724245099,0.040149137377739001);
#11215=IFCSURFACESTYLESHADING(#11214,$);
#11216=IFCSURFACESTYLE('Stone',.BOTH.,(#11215));
#11222=IFCPROPERTYSINGLEVALUE('LayerSetDirection',$,IFCLABEL('AXIS3'),$);
#11223=IFCPROPERTYSET('013ZLhKoHA5haUnRw0KLTN',$,'EPset_Parametric',$,(#11222));
#11224=IFCCOVERINGTYPE('05HErfYNP99fOwJjBaco94',$,'12mm SolidSurfaceTop',$,$,(#11223),$,$,$,.CEILING.);
#11225=IFCRELASSOCIATESMATERIAL('0O2gSSqSv1zvNRzOmFIRhg',$,$,$,(#11224),#11147);
#11226=IFCRELDEFINESBYTYPE('3SKQ6pLjr6zwJe6xYXNMxv',$,$,$,(#11816,#11997,#13305,#14694,#14721),#11224);
#11227=IFCCARTESIANPOINT((0.,0.,0.));
#11228=IFCDIRECTION((0.,0.,1.));
#11229=IFCDIRECTION((1.,0.,0.));
#11230=IFCAXIS2PLACEMENT3D(#11227,#11228,#11229);
#11231=IFCLOCALPLACEMENT($,#11230);
#11232=IFCCARTESIANPOINT((0.,0.,0.));
#11233=IFCDIRECTION((0.,0.,1.));
#11234=IFCDIRECTION((1.,0.,0.));
#11235=IFCAXIS2PLACEMENT3D(#11232,#11233,#11234);
#11236=IFCLOCALPLACEMENT(#11231,#11235);
#11237=IFCCARTESIANPOINT((0.,0.,0.));
#11238=IFCDIRECTION((0.,0.,1.));
#11239=IFCDIRECTION((1.,0.,0.));
#11240=IFCAXIS2PLACEMENT3D(#11237,#11238,#11239);
#11241=IFCLOCALPLACEMENT(#11236,#11240);
#11274=IFCMATERIALLAYER(#10468,0.012000000104308128,$,$,$,$,$);
#11275=IFCMATERIALLAYERSET((#11274),$,$);
#11285=IFCCARTESIANPOINT((0.,0.,0.));
#11286=IFCDIRECTION((0.,0.,1.));
#11287=IFCDIRECTION((1.,0.,0.));
#11288=IFCAXIS2PLACEMENT3D(#11285,#11286,#11287);
#11289=IFCLOCALPLACEMENT($,#11288);
#11290=IFCCARTESIANPOINT((0.,0.,0.));
#11291=IFCDIRECTION((0.,0.,1.));
#11292=IFCDIRECTION((1.,0.,0.));
#11293=IFCAXIS2PLACEMENT3D(#11290,#11291,#11292);
#11294=IFCLOCALPLACEMENT(#11289,#11293);
#11295=IFCCARTESIANPOINT((0.,0.,0.));
#11296=IFCDIRECTION((0.,0.,1.));
#11297=IFCDIRECTION((1.,0.,0.));
#11298=IFCAXIS2PLACEMENT3D(#11295,#11296,#11297);
#11299=IFCLOCALPLACEMENT(#11294,#11298);
#11357=IFCELECTRICAPPLIANCE('2dQDvdWjPDlRU0AqIunUMq',$,'ElectricAppliance',$,$,#14752,#14684,'#03',$);
#11358=IFCRELDEFINESBYPROPERTIES('2im1ga$C99MfY6hvyPab2K',$,$,$,(#11357),#11360);
#11359=IFCPROPERTYSINGLEVALUE('Comments',$,IFCTEXT('Ceiling Level Fixing with anchor bolt.'),$);
#11360=IFCPROPERTYSET('34c5UoWgDBSOITIkHrtYrP',$,'EQ_Electrical',$,(#11359));
#11376=IFCBUILDINGSTOREY('3lhw7vpRXDPhN4PQg2osuR',$,'Elements',$,$,#11392,$,$,$,$);
#11388=IFCCARTESIANPOINT((0.,0.,0.));
#11389=IFCDIRECTION((0.,0.,1.));
#11390=IFCDIRECTION((1.,0.,0.));
#11391=IFCAXIS2PLACEMENT3D(#11388,#11389,#11390);
#11392=IFCLOCALPLACEMENT(#56,#11391);
#11444=IFCRELCONTAINEDINSPATIALSTRUCTURE('35hsPaCcn4kfbfTIYDk4J4',$,$,$,(#12311,#12048,#12114,#11041,#11997,#12467,#10681,#12337,#12919,#12437,#10585,#10466,#11694,#11761,#12515,#12275,#12407,#11816,#11357,#12376,#12663,#11097,#12948,#12974,#13095,#13175,#13240,#13265,#13305,#13362,#13399,#13558,#13621,#13845,#14694,#14721,#15986,#16105,#16139,#17484,#17519,#17538,#17569,#17592,#17747,#17846,#17909,#17959,#18022,#18048,#18125),#11376);
#11495=IFCCARTESIANPOINT((12.23210334777832,10.086325645446777,1.9619998931884766));
#11496=IFCDIRECTION((0.,0.,1.));
#11497=IFCDIRECTION((1.,-5.9604644775390625E-07,0.));
#11498=IFCAXIS2PLACEMENT3D(#11495,#11496,#11497);
#11499=IFCLOCALPLACEMENT(#11392,#11498);
#11520=IFCCARTESIANPOINT((13.294727325439453,7.5252866744995117,2.3488671779632568));
#11521=IFCDIRECTION((0.,0.,1.));
#11522=IFCDIRECTION((1.,0.,0.));
#11523=IFCAXIS2PLACEMENT3D(#11520,#11521,#11522);
#11524=IFCLOCALPLACEMENT(#11392,#11523);
#11545=IFCANNOTATION('1CXCUcSeH3MBstjQO5MLuz',$,'PROPOSED',$,'DRAWING',#11550,#11556,.USERDEFINED.);
#11546=IFCCARTESIANPOINT((10.816007614135742,5.7348122596740723,12.042974472045898));
#11547=IFCDIRECTION((0.026206808164715767,-0.46873956918716431,0.88294762372970581));
#11548=IFCDIRECTION((0.99844074249267578,0.055822167545557022,1.2665988435855979E-07));
#11549=IFCAXIS2PLACEMENT3D(#11546,#11547,#11548);
#11550=IFCLOCALPLACEMENT($,#11549);
#11556=IFCPRODUCTDEFINITIONSHAPE($,$,(#11582));
#11557=IFCGROUP('0YtDnOdk9Cv8VQzCOsYkig',$,'PROPOSED',$,'DRAWING');
#11558=IFCRELASSIGNSTOGROUP('35tvzSXSD6VQxTTd7z87Jl',$,$,$,(#11545),$,#11557);
#11559=IFCPROPERTYSET('1q9GP0U5nEcR5uH7KtGVEO',$,'EPset_Drawing',$,(#11561,#11562,#11563,#11564,#11565,#11566,#11567,#11568,#11569,#11570,#11571,#11572,#11573,#11583));
#11560=IFCRELDEFINESBYPROPERTIES('2gy0S$i9zFnwTC_fKgQTWj',$,$,$,(#11545),#11559);
#11561=IFCPROPERTYSINGLEVALUE('TargetView',$,IFCLABEL('MODEL_VIEW'),$);
#11562=IFCPROPERTYSINGLEVALUE('Scale',$,IFCLABEL('1/100'),$);
#11563=IFCPROPERTYSINGLEVALUE('HumanScale',$,IFCLABEL('1:100'),$);
#11564=IFCPROPERTYSINGLEVALUE('HasUnderlay',$,IFCBOOLEAN(.F.),$);
#11565=IFCPROPERTYSINGLEVALUE('HasLinework',$,IFCBOOLEAN(.T.),$);
#11566=IFCPROPERTYSINGLEVALUE('HasAnnotation',$,IFCBOOLEAN(.T.),$);
#11567=IFCPROPERTYSINGLEVALUE('GlobalReferencing',$,IFCBOOLEAN(.T.),$);
#11568=IFCPROPERTYSINGLEVALUE('Stylesheet',$,IFCTEXT('drawings/assets/default.css'),$);
#11569=IFCPROPERTYSINGLEVALUE('Markers',$,IFCTEXT('drawings/assets/markers.svg'),$);
#11570=IFCPROPERTYSINGLEVALUE('Symbols',$,IFCTEXT('drawings/assets/symbols.svg'),$);
#11571=IFCPROPERTYSINGLEVALUE('Patterns',$,IFCTEXT('drawings/assets/patterns.svg'),$);
#11572=IFCPROPERTYSINGLEVALUE('ShadingStyles',$,IFCTEXT('drawings/assets/shading_styles.json'),$);
#11573=IFCPROPERTYSINGLEVALUE('CurrentShadingStyle',$,IFCLABEL('Interior'),$);
#11574=IFCDOCUMENTINFORMATION('X','PROPOSED',$,$,$,$,'DRAWING',$,$,$,$,$,$,$,$,$,$);
#11575=IFCRELASSOCIATESDOCUMENT('0ls1HcUNfCYAaoR0u9S7cL',$,$,$,(#1),#11574);
#11576=IFCDOCUMENTREFERENCE('drawings/PROPOSED.svg','X',$,$,#11574);
#11577=IFCRELASSOCIATESDOCUMENT('1rfZQmyYT1_P7KTdNgCcUa',$,$,$,(#11545),#11576);
#11578=IFCCARTESIANPOINT((-25.,-25.,-1000.));
#11579=IFCAXIS2PLACEMENT3D(#11578,$,$);
#11580=IFCBLOCK(#11579,50.,50.,1000.);
#11581=IFCCSGSOLID(#11580);
#11582=IFCSHAPEREPRESENTATION(#11,'Body','CSG',(#11581));
#11583=IFCPROPERTYSINGLEVALUE('Exclude',$,IFCTEXT('"EPset_Status"."Status" = "EXISTING", "EPset_Status"."Status" = "DEMOLISH"'),$);
#11694=IFCSANITARYTERMINAL('08vYVi541COfYoqhGuEP7$',$,'SanitaryTerminal',$,$,#14045,#11707,$,$);
#11700=IFCCARTESIANPOINT((0.,0.,0.));
#11701=IFCDIRECTION((1.,0.,0.));
#11702=IFCDIRECTION((0.,1.,0.));
#11703=IFCDIRECTION((0.,0.,1.));
#11704=IFCCARTESIANTRANSFORMATIONOPERATOR3D(#11701,#11702,#11700,1.,#11703);
#11705=IFCMAPPEDITEM(#11008,#11704);
#11706=IFCSHAPEREPRESENTATION(#11,'Body','MappedRepresentation',(#11705));
#11707=IFCPRODUCTDEFINITIONSHAPE($,$,(#11706,#11714));
#11708=IFCCARTESIANPOINT((0.,0.,0.));
#11709=IFCDIRECTION((1.,0.,0.));
#11710=IFCDIRECTION((0.,1.,0.));
#11711=IFCDIRECTION((0.,0.,1.));
#11712=IFCCARTESIANTRANSFORMATIONOPERATOR3D(#11709,#11710,#11708,1.,#11711);
#11713=IFCMAPPEDITEM(#11032,#11712);
#11714=IFCSHAPEREPRESENTATION(#24,'Body','MappedRepresentation',(#11713));
#11761=IFCSANITARYTERMINAL('15zDgegnTA3B_M_8E5H9xB',$,'SanitaryTerminal',$,$,#14050,#11774,$,$);
#11767=IFCCARTESIANPOINT((0.,0.,0.));
#11768=IFCDIRECTION((1.,0.,0.));
#11769=IFCDIRECTION((0.,1.,0.));
#11770=IFCDIRECTION((0.,0.,1.));
#11771=IFCCARTESIANTRANSFORMATIONOPERATOR3D(#11768,#11769,#11767,1.,#11770);
#11772=IFCMAPPEDITEM(#10553,#11771);
#11773=IFCSHAPEREPRESENTATION(#11,'Body','MappedRepresentation',(#11772));
#11774=IFCPRODUCTDEFINITIONSHAPE($,$,(#11773,#11781));
#11775=IFCCARTESIANPOINT((0.,0.,0.));
#11776=IFCDIRECTION((1.,0.,0.));
#11777=IFCDIRECTION((0.,1.,0.));
#11778=IFCDIRECTION((0.,0.,1.));
#11779=IFCCARTESIANTRANSFORMATIONOPERATOR3D(#11776,#11777,#11775,1.,#11778);
#11780=IFCMAPPEDITEM(#10576,#11779);
#11781=IFCSHAPEREPRESENTATION(#24,'Body','MappedRepresentation',(#11780));
#11814=IFCCARTESIANPOINTLIST2D(((0.,0.64181280136108398),(0.,0.041812893003225327),(0.,-2.358187198638916)),$);
#11815=IFCINDEXEDPOLYCURVE(#11814,$,$);
#11816=IFCCOVERING('1CnOHso9jE0QvHO0k7ozBG',$,'Covering',$,$,#17780,#11882,$,$);
#11872=IFCRELDEFINESBYPROPERTIES('3yAWB89t914xhdK8IOQeVq',$,$,$,(#11816),#11873);
#11873=IFCPROPERTYSET('1tyh2JrAP3QBHLqR1IqLjZ',$,'EPset_Parametric',$,(#11874));
#11874=IFCPROPERTYSINGLEVALUE('Engine',$,IFCLABEL('Bonsai.DumbLayer3'),$);
#11875=IFCRELASSOCIATESMATERIAL('36yMipjprB59vqUGcnp7S8',$,$,$,(#11816),#11876);
#11876=IFCMATERIALLAYERSETUSAGE(#11147,.AXIS3.,.POSITIVE.,0.,$);
#11877=IFCRELDEFINESBYPROPERTIES('28_dzP7MnFfgG7Z9BxkEqR',$,$,$,(#11816),#11878);
#11878=IFCELEMENTQUANTITY('3MXhk64ZbA58GNZXgjgoD2',$,'Qto_CoveringBaseQuantities',$,$,(#11879,#11880,#11881));
#11879=IFCQUANTITYAREA('GrossArea',$,$,3.68381273103609,$);
#11880=IFCQUANTITYLENGTH('Width',$,$,0.012000000104308101,$);
#11881=IFCQUANTITYAREA('NetArea',$,$,2.65481488469291,$);
#11882=IFCPRODUCTDEFINITIONSHAPE($,$,(#11883));
#11883=IFCSHAPEREPRESENTATION(#11,'Body','SweptSolid',(#11884));
#11884=IFCEXTRUDEDAREASOLID(#18148,$,#11888,0.012000000104308101);
#11888=IFCDIRECTION((0.,0.,1.));
#11912=IFCWINDOW('1woZ__cOnARRkLxpi3J2a0',$,'Window',$,$,#11990,#11925,$,1.2999999523162842,1.5,$,.SINGLE_PANEL.,$);
#11918=IFCCARTESIANPOINT((0.,0.,0.));
#11919=IFCDIRECTION((1.,0.,0.));
#11920=IFCDIRECTION((0.,1.,0.));
#11921=IFCDIRECTION((0.,0.,1.));
#11922=IFCCARTESIANTRANSFORMATIONOPERATOR3D(#11919,#11920,#11918,1.,#11921);
#11923=IFCMAPPEDITEM(#5554,#11922);
#11924=IFCSHAPEREPRESENTATION(#18,'Profile','MappedRepresentation',(#11923));
#11925=IFCPRODUCTDEFINITIONSHAPE($,$,(#11924,#11932,#11939));
#11926=IFCCARTESIANPOINT((0.,0.,0.));
#11927=IFCDIRECTION((1.,0.,0.));
#11928=IFCDIRECTION((0.,1.,0.));
#11929=IFCDIRECTION((0.,0.,1.));
#11930=IFCCARTESIANTRANSFORMATIONOPERATOR3D(#11927,#11928,#11926,1.,#11929);
#11931=IFCMAPPEDITEM(#5602,#11930);
#11932=IFCSHAPEREPRESENTATION(#11,'Body','MappedRepresentation',(#11931));
#11933=IFCCARTESIANPOINT((0.,0.,0.));
#11934=IFCDIRECTION((1.,0.,0.));
#11935=IFCDIRECTION((0.,1.,0.));
#11936=IFCDIRECTION((0.,0.,1.));
#11937=IFCCARTESIANTRANSFORMATIONOPERATOR3D(#11934,#11935,#11933,1.,#11936);
#11938=IFCMAPPEDITEM(#5624,#11937);
#11939=IFCSHAPEREPRESENTATION(#24,'Body','MappedRepresentation',(#11938));
#11940=IFCOPENINGELEMENT('2Q6f_Ca_TFVgXebsAx9DsI',$,'Opening',$,$,#11985,#11953,$,.OPENING.);
#11946=IFCCARTESIANPOINT((0.,0.,0.));
#11947=IFCDIRECTION((1.,0.,0.));
#11948=IFCDIRECTION((0.,1.,0.));
#11949=IFCDIRECTION((0.,0.,1.));
#11950=IFCCARTESIANTRANSFORMATIONOPERATOR3D(#11947,#11948,#11946,1.,#11949);
#11951=IFCMAPPEDITEM(#5738,#11950);
#11952=IFCSHAPEREPRESENTATION(#11,'Body','MappedRepresentation',(#11951));
#11953=IFCPRODUCTDEFINITIONSHAPE($,$,(#11952));
#11954=IFCRELVOIDSELEMENT('2TGCVRP0r9HRZuOVtvQWNH',$,$,$,#1796,#11940);
#11960=IFCRELFILLSELEMENT('35vd4V5obBdQJezmSnhj9X',$,$,$,#11940,#11912);
#11981=IFCCARTESIANPOINT((3.9999999890721281,0.25000065168271046,1.));
#11982=IFCDIRECTION((0.,0.,1.));
#11983=IFCDIRECTION((-0.99999999999999944,3.1786512977305273E-08,0.));
#11984=IFCAXIS2PLACEMENT3D(#11981,#11982,#11983);
#11985=IFCLOCALPLACEMENT(#1830,#11984);
#11986=IFCCARTESIANPOINT((0.,-8.8817841970012523E-16,0.));
#11987=IFCDIRECTION((0.,0.,1.));
#11988=IFCDIRECTION((1.,1.3234889800848443E-23,0.));
#11989=IFCAXIS2PLACEMENT3D(#11986,#11987,#11988);
#11990=IFCLOCALPLACEMENT(#11985,#11989);
#11997=IFCCOVERING('08twWG5xfC_PvwBaPWXN0I',$,'Covering',$,$,#17785,#12038,$,$);
#12003=IFCRELASSOCIATESMATERIAL('1GZ6n2Ha952gU6B9dKV5cm',$,$,$,(#11997),#12004);
#12004=IFCMATERIALLAYERSETUSAGE(#11147,.AXIS3.,.POSITIVE.,0.,$);
#12005=IFCRELDEFINESBYPROPERTIES('0RfR2dEy92i8Wzhkca$8$v',$,$,$,(#11997),#12006);
#12006=IFCELEMENTQUANTITY('262wpezsLC0QmUBWyX45FY',$,'Qto_CoveringBaseQuantities',$,$,(#12007,#12008,#12009));
#12007=IFCQUANTITYAREA('GrossArea',$,$,3.68381273103609,$);
#12008=IFCQUANTITYLENGTH('Width',$,$,0.012000000104308101,$);
#12009=IFCQUANTITYAREA('NetArea',$,$,2.65481488469291,$);
#12010=IFCRELDEFINESBYPROPERTIES('0$rX_K74jAOA4JBArnxEBC',$,$,$,(#11997),#12011);
#12011=IFCPROPERTYSET('1sCfGCPs1Ep9HUCHuCP4vb',$,'EPset_Parametric',$,(#12012));
#12012=IFCPROPERTYSINGLEVALUE('Engine',$,IFCLABEL('Bonsai.DumbLayer3'),$);
#12013=IFCOPENINGELEMENT('1qn7VDrrb6ahP8Pr3_jJLY',$,'Unnamed',$,$,#12014,#12027,$,.OPENING.);
#12014=IFCLOCALPLACEMENT(#17785,#12015);
#12015=IFCAXIS2PLACEMENT3D(#12016,#12017,#12018);
#12016=IFCCARTESIANPOINT((0.84346675872802701,2.9705371856689502,-0.23966443538665799));
#12017=IFCDIRECTION((0.,0.,1.));
#12018=IFCDIRECTION((1.,0.,0.));
#12019=IFCRELVOIDSELEMENT('0y8vWWnibCgRLu2zBzPfpT',$,$,$,#11997,#12013);
#12020=IFCRELDEFINESBYPROPERTIES('2uDvJnhmH0hw6f393qFYTN',$,$,$,(#12013),#12021);
#12021=IFCELEMENTQUANTITY('1khpVgIYH0sQvCmbWjwyzt',$,'Qto_OpeningElementBaseQuantities',$,$,(#12022,#12023,#12024,#12025,#12026));
#12022=IFCQUANTITYAREA('Area',$,$,0.59999990463257002,$);
#12023=IFCQUANTITYLENGTH('Depth',$,$,0.5,$);
#12024=IFCQUANTITYLENGTH('Height',$,$,0.45999908447265597,$);
#12025=IFCQUANTITYVOLUME('Volume',$,$,0.27599940681466301,$);
#12026=IFCQUANTITYLENGTH('Width',$,$,1.19999980926514,$);
#12027=IFCPRODUCTDEFINITIONSHAPE($,$,(#12028));
#12028=IFCSHAPEREPRESENTATION(#11,'Body','SweptSolid',(#12029));
#12029=IFCEXTRUDEDAREASOLID(#12030,#12033,#12037,0.5);
#12030=IFCARBITRARYCLOSEDPROFILEDEF(.AREA.,$,#12031);
#12031=IFCINDEXEDPOLYCURVE(#12032,$,$);
#12032=IFCCARTESIANPOINTLIST2D(((0.,0.),(1.19999980926514,0.),(1.19999980926514,0.45999908447265597),(0.,0.45999908447265597),(0.,0.)),$);
#12033=IFCAXIS2PLACEMENT3D(#12034,#12035,#12036);
#12034=IFCCARTESIANPOINT((0.,0.,0.));
#12035=IFCDIRECTION((0.,0.,1.));
#12036=IFCDIRECTION((1.,0.,0.));
#12037=IFCDIRECTION((0.,0.,1.));
#12038=IFCPRODUCTDEFINITIONSHAPE($,$,(#12039));
#12039=IFCSHAPEREPRESENTATION(#11,'Body','SweptSolid',(#12040));
#12040=IFCEXTRUDEDAREASOLID(#13299,$,#12044,0.012000000104308101);
#12044=IFCDIRECTION((0.,0.,1.));
#12048=IFCELECTRICAPPLIANCE('34tAs40lv0r8etyc9hAFVj',$,'ElectricAppliance',$,$,#17805,#12080,'#03',$);
#12054=IFCRELDEFINESBYPROPERTIES('0O1akFa6v3WA$1fqLa5sHA',$,$,$,(#12048),#12055);
#12055=IFCPROPERTYSET('3F1xDxm517ff2REdP1sKAR',$,'EQ_Electrical',$,(#12056));
#12056=IFCPROPERTYSINGLEVALUE('Comments',$,IFCTEXT('Ceiling Level Fixing with anchor bolt.'),$);
#12072=IFCRELDEFINESBYTYPE('3C_vLC$ZHCxhDThN2udqqo',$,$,$,(#12048),#10943);
#12073=IFCCARTESIANPOINT((0.,0.,0.));
#12074=IFCDIRECTION((1.,0.,0.));
#12075=IFCDIRECTION((0.,1.,0.));
#12076=IFCDIRECTION((0.,0.,1.));
#12077=IFCCARTESIANTRANSFORMATIONOPERATOR3D(#12074,#12075,#12073,1.,#12076);
#12078=IFCMAPPEDITEM(#10922,#12077);
#12079=IFCSHAPEREPRESENTATION(#11,'Body','MappedRepresentation',(#12078));
#12080=IFCPRODUCTDEFINITIONSHAPE($,$,(#12079));
#12102=IFCPROPERTYSINGLEVALUE('LayerSetDirection',$,IFCLABEL('AXIS3'),$);
#12103=IFCPROPERTYSET('3K7XJKbB94oPx$t8YABXzB',$,'EPset_Parametric',$,(#12102));
#12104=IFCCOVERINGTYPE('2lT8M__2DEKAxmlVKyWx2w',$,'False Ceiling',$,$,(#12103),$,$,$,.CEILING.);
#12105=IFCRELASSOCIATESMATERIAL('23UVgHqwj3YA_YLDF7b_2o',$,$,$,(#12104),#12107);
#12106=IFCMATERIALLAYER(#11145,0.050000000745058101,$,$,$,$,$);
#12107=IFCMATERIALLAYERSET((#12106),$,$);
#12112=IFCMATERIALLAYER(#11145,0.050000000745058101,$,$,$,$,$);
#12113=IFCMATERIALLAYERSET((#12112),$,$);
#12114=IFCCOVERING('2j51IlhPvErRj1zAFQ_HvV',$,'Covering',$,$,#12752,#12129,$,$);
#12115=IFCRELDEFINESBYTYPE('2Dy7sIZu9F7vTqZdwR68Jo',$,$,$,(#12114),#12104);
#12116=IFCMATERIALLAYERSETUSAGE(#12107,.AXIS3.,.POSITIVE.,-0.05000000074505806,$);
#12117=IFCRELASSOCIATESMATERIAL('15OxE3u7X0mQJFooyJfhKO',$,$,$,(#12114),#12116);
#12125=IFCDIRECTION((0.,0.,1.));
#12127=IFCEXTRUDEDAREASOLID(#12139,#12136,#12125,0.050000000745058101);
#12128=IFCSHAPEREPRESENTATION(#11,'Body','SweptSolid',(#12127));
#12129=IFCPRODUCTDEFINITIONSHAPE($,$,(#12128));
#12130=IFCPROPERTYSET('0BANmJzBP71RLFcibL_9mZ',$,'EPset_Parametric',$,(#12132));
#12131=IFCRELDEFINESBYPROPERTIES('0ENYD7tYzCfe1r73jC5mFp',$,$,$,(#12114),#12130);
#12132=IFCPROPERTYSINGLEVALUE('Engine',$,IFCLABEL('Bonsai.DumbLayer3'),$);
#12133=IFCCARTESIANPOINT((-0.,-0.,-0.05000000074505806));
#12134=IFCDIRECTION((0.,0.,1.));
#12135=IFCDIRECTION((1.,0.,0.));
#12136=IFCAXIS2PLACEMENT3D(#12133,#12134,#12135);
#12137=IFCCARTESIANPOINTLIST2D(((-0.016228973865509033,0.21622836589813232),(3.4541182518005371,0.21622836589813232),(3.4541182518005371,5.),(-0.016228973865509033,5.),(-0.016228973865509033,0.21622836589813232)),$);
#12138=IFCINDEXEDPOLYCURVE(#12137,$,$);
#12139=IFCARBITRARYCLOSEDPROFILEDEF(.AREA.,$,#12138);
#12140=IFCANNOTATION('1XxAHYMx12wQWFtsrfTHD8',$,'KITCHEN',$,'DRAWING',#12233,#12156,.USERDEFINED.);
#12156=IFCPRODUCTDEFINITIONSHAPE($,$,(#15872));
#12157=IFCGROUP('1fwq98He5ELueqLlVPBXwf',$,'KITCHEN',$,'DRAWING');
#12158=IFCRELASSIGNSTOGROUP('2D24t$LHj8IxcBJ92Hf9Fb',$,$,$,(#12140),$,#12157);
#12159=IFCPROPERTYSET('37bXHzol52v9iedCXTEmgn',$,'EPset_Drawing',$,(#12161,#12162,#12163,#12164,#12165,#12166,#12167,#12168,#12169,#12170,#12171,#12172,#12173,#12264));
#12160=IFCRELDEFINESBYPROPERTIES('1FhaFlOJL8Gg5bkAxpEILM',$,$,$,(#12140),#12159);
#12161=IFCPROPERTYSINGLEVALUE('TargetView',$,IFCLABEL('MODEL_VIEW'),$);
#12162=IFCPROPERTYSINGLEVALUE('Scale',$,IFCLABEL('1/100'),$);
#12163=IFCPROPERTYSINGLEVALUE('HumanScale',$,IFCLABEL('1:100'),$);
#12164=IFCPROPERTYSINGLEVALUE('HasUnderlay',$,IFCBOOLEAN(.F.),$);
#12165=IFCPROPERTYSINGLEVALUE('HasLinework',$,IFCBOOLEAN(.T.),$);
#12166=IFCPROPERTYSINGLEVALUE('HasAnnotation',$,IFCBOOLEAN(.T.),$);
#12167=IFCPROPERTYSINGLEVALUE('GlobalReferencing',$,IFCBOOLEAN(.T.),$);
#12168=IFCPROPERTYSINGLEVALUE('Stylesheet',$,IFCTEXT('drawings/assets/default.css'),$);
#12169=IFCPROPERTYSINGLEVALUE('Markers',$,IFCTEXT('drawings/assets/markers.svg'),$);
#12170=IFCPROPERTYSINGLEVALUE('Symbols',$,IFCTEXT('drawings/assets/symbols.svg'),$);
#12171=IFCPROPERTYSINGLEVALUE('Patterns',$,IFCTEXT('drawings/assets/patterns.svg'),$);
#12172=IFCPROPERTYSINGLEVALUE('ShadingStyles',$,IFCTEXT('drawings/assets/shading_styles.json'),$);
#12173=IFCPROPERTYSINGLEVALUE('CurrentShadingStyle',$,IFCLABEL('Interior'),$);
#12174=IFCDOCUMENTINFORMATION('X','KITCHEN',$,$,$,$,'DRAWING',$,$,$,$,$,$,$,$,$,$);
#12175=IFCRELASSOCIATESDOCUMENT('2_ikn3pqHEBRF4cYC9Ua$5',$,$,$,(#1),#12174);
#12176=IFCDOCUMENTREFERENCE('drawings/KITCHEN.svg','X',$,$,#12174);
#12177=IFCRELASSOCIATESDOCUMENT('1nGJ2GJWPAg9eBqRm9zkvK',$,$,$,(#12140),#12176);
#12203=IFCMATERIAL('UPVC',$,$);
#12204=IFCMATERIALDEFINITIONREPRESENTATION($,$,(#12211),#12203);
#12210=IFCSTYLEDITEM($,(#10476),'UPVC');
#12211=IFCSTYLEDREPRESENTATION(#10,$,$,(#12210));
#12212=IFCMATERIAL('Glass',$,$);
#12213=IFCMATERIALDEFINITIONREPRESENTATION($,$,(#12224),#12212);
#12219=IFCCOLOURRGB($,0.031368337571620941,0.14644798636436462,0.16439130902290344);
#12220=IFCSURFACESTYLESHADING(#12219,0.5);
#12221=IFCEXTERNALLYDEFINEDSURFACESTYLE('Materials.blend','materials/GS_Glazing','GS_Glazing');
#12222=IFCSURFACESTYLE('Glass',.BOTH.,(#12220,#12221));
#12223=IFCSTYLEDITEM($,(#12222),'Glass');
#12224=IFCSTYLEDREPRESENTATION(#10,$,$,(#12223));
#12225=IFCSTYLEDITEM(#8511,(#12222),$);
#12226=IFCSTYLEDITEM(#8502,(#10476),$);
#12227=IFCSTYLEDITEM(#8491,(#10476),$);
#12228=IFCSTYLEDITEM(#8480,(#10476),$);
#12229=IFCCARTESIANPOINT((9.2444114685058594,12.560467720031738,0.99999260902404785));
#12230=IFCDIRECTION((0.63987982273101807,-0.7684749960899353,-4.3711388286737929E-08));
#12231=IFCDIRECTION((0.7684749960899353,0.63987982273101807,0.));
#12232=IFCAXIS2PLACEMENT3D(#12229,#12230,#12231);
#12233=IFCLOCALPLACEMENT($,#12232);
#12264=IFCPROPERTYSINGLEVALUE('Exclude',$,IFCTEXT('"EPset_Status"."Status" = "EXISTING", "EPset_Status"."Status" = "DEMOLISH"'),$);
#12275=IFCSYSTEMFURNITUREELEMENT('1ITbkAkTH9M9bNk2HPQGfp',$,'SystemFurnitureElement',$,$,#12757,#12289,$,$);
#12276=IFCMATERIALLAYERSETUSAGE(#10781,.AXIS3.,.POSITIVE.,-0.012000000104308128,$);
#12277=IFCRELASSOCIATESMATERIAL('1YLzKa4rLA2vH8eS133mwP',$,$,$,(#12275),#12276);
#12285=IFCDIRECTION((0.,0.,1.));
#12287=IFCEXTRUDEDAREASOLID(#12299,#12296,#12285,0.012000000104308128);
#12288=IFCSHAPEREPRESENTATION(#11,'Body','SweptSolid',(#12287));
#12289=IFCPRODUCTDEFINITIONSHAPE($,$,(#12288));
#12290=IFCPROPERTYSET('1xhtVv_Uj77QRKiZ5vjQ$a',$,'EPset_Parametric',$,(#12292));
#12291=IFCRELDEFINESBYPROPERTIES('3i5tuMBYn6mxDpZ5W67Dsj',$,$,$,(#12275),#12290);
#12292=IFCPROPERTYSINGLEVALUE('Engine',$,IFCLABEL('Bonsai.DumbLayer3'),$);
#12293=IFCCARTESIANPOINT((-0.,-0.,-0.012000000104308128));
#12294=IFCDIRECTION((0.,0.,1.));
#12295=IFCDIRECTION((1.,0.,0.));
#12296=IFCAXIS2PLACEMENT3D(#12293,#12294,#12295);
#12297=IFCCARTESIANPOINTLIST2D(((-1.2374777793884277,0.),(0.66252231597900391,0.),(0.66252231597900391,-0.57485771179199219),(-1.2374777793884277,-0.57485771179199219),(-1.2374777793884277,0.)),$);
#12298=IFCINDEXEDPOLYCURVE(#12297,$,$);
#12299=IFCARBITRARYCLOSEDPROFILEDEF(.AREA.,$,#12298);
#12305=IFCSLABTYPE('3YneXoQfL2R8AMixJXU7s3',$,'FLOOR SLAB',$,$,(#12309),$,$,$,.FLOOR.);
#12306=IFCMATERIALLAYERSET((#12308),$,$);
#12307=IFCRELASSOCIATESMATERIAL('3o9_tV5fT6NviKCLdkZCnw',$,$,$,(#12305),#12306);
#12308=IFCMATERIALLAYER(#594,0.10000000000000001,$,$,$,$,$);
#12309=IFCPROPERTYSET('2TNNWQ9cXDbAeBwicQtA5F',$,'EPset_Parametric',$,(#12310));
#12310=IFCPROPERTYSINGLEVALUE('LayerSetDirection',$,IFCLABEL('AXIS3'),$);
#12311=IFCSLAB('1oONyBXyTE$uh$df47shI4',$,'Slab',$,$,#12319,#12326,$,$);
#12312=IFCRELDEFINESBYTYPE('3n9dP3nqrCpxNrWnnDvqWI',$,$,$,(#12311),#12305);
#12313=IFCMATERIALLAYERSETUSAGE(#12306,.AXIS3.,.POSITIVE.,-0.10000000149011612,$);
#12314=IFCRELASSOCIATESMATERIAL('0_VQXqSQb8PwIpRvqx79yN',$,$,$,(#12311),#12313);
#12315=IFCCARTESIANPOINT((5.9948043823242188,12.087152481079102,0.));
#12316=IFCDIRECTION((0.,0.,1.));
#12317=IFCDIRECTION((1.,0.,0.));
#12318=IFCAXIS2PLACEMENT3D(#12315,#12316,#12317);
#12319=IFCLOCALPLACEMENT(#11392,#12318);
#12322=IFCDIRECTION((0.,0.,1.));
#12324=IFCEXTRUDEDAREASOLID(#12336,#12333,#12322,0.10000000000000001);
#12325=IFCSHAPEREPRESENTATION(#11,'Body','SweptSolid',(#12324));
#12326=IFCPRODUCTDEFINITIONSHAPE($,$,(#12325));
#12327=IFCPROPERTYSET('3_oUAPTSX4dg68JKtzSsIH',$,'EPset_Parametric',$,(#12329));
#12328=IFCRELDEFINESBYPROPERTIES('3aPb4TZmT1O98xqEcmyz56',$,$,$,(#12311),#12327);
#12329=IFCPROPERTYSINGLEVALUE('Engine',$,IFCLABEL('Bonsai.DumbLayer3'),$);
#12330=IFCCARTESIANPOINT((-0.,-0.,-0.10000000149011612));
#12331=IFCDIRECTION((0.,0.,1.));
#12332=IFCDIRECTION((1.,0.,0.));
#12333=IFCAXIS2PLACEMENT3D(#12330,#12331,#12332);
#12334=IFCCARTESIANPOINTLIST2D(((0.,0.),(3.5073075294494629,0.),(3.5073080062866211,4.7500057220458984),(0.0072859525680541992,4.75),(0.,0.)),$);
#12335=IFCINDEXEDPOLYCURVE(#12334,$,$);
#12336=IFCARBITRARYCLOSEDPROFILEDEF(.AREA.,$,#12335);
#12337=IFCSYSTEMFURNITUREELEMENT('3T0RPGMu52XuI_dfrT42ro',$,'SystemFurnitureElement',$,$,#15922,#12343,$,$);
#12338=IFCMATERIALLAYERSETUSAGE(#10470,.AXIS2.,.POSITIVE.,0.,$);
#12339=IFCRELASSOCIATESMATERIAL('0tzB0yk85AEuPQD3gYhUyD',$,$,$,(#12337),#12338);
#12343=IFCPRODUCTDEFINITIONSHAPE($,$,(#16086,#16083));
#12359=IFCPROPERTYSET('1Xuyy$CPvAfAj7avtIXl_L',$,'EPset_Parametric',$,(#12361));
#12360=IFCRELDEFINESBYPROPERTIES('0FIfJrBVD2bRe6Ptiv5gfj',$,$,$,(#12337),#12359);
#12361=IFCPROPERTYSINGLEVALUE('Engine',$,IFCLABEL('Bonsai.DumbLayer2'),$);
#12375=IFCRELCONNECTSELEMENTS('0A8OFhCsLFDO2sPV3aC_oD',$,$,'TOP',$,#11816,#12337);
#12376=IFCSYSTEMFURNITUREELEMENT('2VSETPBuTDeeC1vP1PZR60',$,'SystemFurnitureElement',$,$,#14055,#12388,$,$);
#12382=IFCRELASSOCIATESMATERIAL('2TQ3EKME54xOChpuJKiBbz',$,$,$,(#12376),#12383);
#12383=IFCMATERIALLAYERSETUSAGE(#10470,.AXIS2.,.POSITIVE.,0.,$);
#12385=IFCRELDEFINESBYPROPERTIES('1Co5ldLxH1eOmgNioNZx6U',$,$,$,(#12376),#12386);
#12386=IFCPROPERTYSET('278J3ZPf9AW8qk9ypaVzOP',$,'EPset_Parametric',$,(#12387));
#12387=IFCPROPERTYSINGLEVALUE('Engine',$,IFCLABEL('Bonsai.DumbLayer2'),$);
#12388=IFCPRODUCTDEFINITIONSHAPE($,$,(#12590,#12587));
#12407=IFCSYSTEMFURNITUREELEMENT('1bv9qbg0r3RfihQ283IOBM',$,'SystemFurnitureElement',$,$,#14060,#12418,$,$);
#12413=IFCRELASSOCIATESMATERIAL('0277Yu6W9FafxKSfwbE6As',$,$,$,(#12407),#12414);
#12414=IFCMATERIALLAYERSETUSAGE(#10470,.AXIS2.,.POSITIVE.,0.,$);
#12415=IFCRELDEFINESBYPROPERTIES('2w4V73RNrEFv7UTjQnHlg_',$,$,$,(#12407),#12416);
#12416=IFCPROPERTYSET('018JHZ2zXCUukBPHNfFgoO',$,'EPset_Parametric',$,(#12417));
#12417=IFCPROPERTYSINGLEVALUE('Engine',$,IFCLABEL('Bonsai.DumbLayer2'),$);
#12418=IFCPRODUCTDEFINITIONSHAPE($,$,(#12732,#12729));
#12437=IFCSYSTEMFURNITUREELEMENT('3Ns7Klo793c8QA_PbyVbxo',$,'SystemFurnitureElement',$,$,#18190,#12448,$,$);
#12443=IFCRELDEFINESBYPROPERTIES('2lfBodxob1Gv2FOjchucxg',$,$,$,(#12437),#12444);
#12444=IFCPROPERTYSET('3eMizCM3TFaPASrCody$Bj',$,'EPset_Parametric',$,(#12445));
#12445=IFCPROPERTYSINGLEVALUE('Engine',$,IFCLABEL('Bonsai.DumbLayer2'),$);
#12446=IFCRELASSOCIATESMATERIAL('0H0Vcsam9Buh9GK3yXEAjW',$,$,$,(#12437),#12447);
#12447=IFCMATERIALLAYERSETUSAGE(#10470,.AXIS2.,.POSITIVE.,0.,$);
#12448=IFCPRODUCTDEFINITIONSHAPE($,$,(#18185,#18182));
#12467=IFCSYSTEMFURNITUREELEMENT('0LU9Dp1vLAAA0mSQ_PeBPf',$,'SystemFurnitureElement',$,$,#13481,#12478,$,$);
#12473=IFCRELDEFINESBYPROPERTIES('1LPBbb$wX6s9Gk8Aohgyny',$,$,$,(#12467),#12474);
#12474=IFCPROPERTYSET('3Ba9cvSaX4lQjjorCxy9zN',$,'EPset_Parametric',$,(#12475));
#12475=IFCPROPERTYSINGLEVALUE('Engine',$,IFCLABEL('Bonsai.DumbLayer2'),$);
#12476=IFCRELASSOCIATESMATERIAL('1xmFMHGuLD8Rh0OkbfGa08',$,$,$,(#12467),#12477);
#12477=IFCMATERIALLAYERSETUSAGE(#10470,.AXIS2.,.POSITIVE.,0.,$);
#12478=IFCPRODUCTDEFINITIONSHAPE($,$,(#13476,#13473));
#12515=IFCSYSTEMFURNITUREELEMENT('3DSTJG37TBWuNjxDDEszrg',$,'SystemFurnitureElement',$,$,#12576,#12526,$,$);
#12521=IFCRELDEFINESBYPROPERTIES('1EX$izokbEnvGXe4c4b0Hk',$,$,$,(#12515),#12522);
#12522=IFCPROPERTYSET('1MtBJ5OD91lg4KiLa7njYy',$,'EPset_Parametric',$,(#12523));
#12523=IFCPROPERTYSINGLEVALUE('Engine',$,IFCLABEL('Bonsai.DumbLayer2'),$);
#12524=IFCRELASSOCIATESMATERIAL('1L$az42_X7eg55NP30bPXu',$,$,$,(#12515),#12525);
#12525=IFCMATERIALLAYERSETUSAGE(#10470,.AXIS2.,.POSITIVE.,0.,$);
#12526=IFCPRODUCTDEFINITIONSHAPE($,$,(#13010,#13007));
#12572=IFCCARTESIANPOINT((6.6020902246507625,16.237152265029177,0.));
#12573=IFCDIRECTION((0.,0.,1.));
#12574=IFCDIRECTION((-2.8212997449371656E-07,-0.99999999999996025,0.));
#12575=IFCAXIS2PLACEMENT3D(#12572,#12573,#12574);
#12576=IFCLOCALPLACEMENT(#11392,#12575);
#12578=IFCCARTESIANPOINTLIST2D(((0.,0.),(0.,0.012000000104308128),(1.8921822595100546,0.012000000104308128),(1.8801822578321361,0.)),$);
#12579=IFCINDEXEDPOLYCURVE(#12578,(IFCLINEINDEX((1,2,3,4,1))),$);
#12580=IFCARBITRARYCLOSEDPROFILEDEF(.AREA.,$,#12579);
#12581=IFCCARTESIANPOINT((0.,0.,0.));
#12582=IFCDIRECTION((0.,0.,1.));
#12583=IFCDIRECTION((1.,0.,0.));
#12584=IFCAXIS2PLACEMENT3D(#12581,#12582,#12583);
#12585=IFCDIRECTION((0.,0.,1.));
#12586=IFCEXTRUDEDAREASOLID(#12580,#12584,#12585,0.83799999952316284);
#12587=IFCSHAPEREPRESENTATION(#11,'Body','SweptSolid',(#12586));
#12588=IFCCARTESIANPOINTLIST2D(((0.,0.),(1.8921822579364445,0.)),$);
#12589=IFCINDEXEDPOLYCURVE(#12588,$,$);
#12590=IFCSHAPEREPRESENTATION(#23,'Axis','Curve2D',(#12589));
#12636=IFCRELCONNECTSPATHELEMENTS('2j_Bt8Ho16qQwYWPJYqHfz',$,$,$,$,#12467,#12437,(),(),.ATEND.,.ATEND.);
#12663=IFCSYSTEMFURNITUREELEMENT('0e9LiuEUDCGu6$yk8cgWWn',$,'SystemFurnitureElement',$,$,#14065,#12674,$,$);
#12669=IFCRELASSOCIATESMATERIAL('3_a5yjgQvCse842kS$ah17',$,$,$,(#12663),#12670);
#12670=IFCMATERIALLAYERSETUSAGE(#10470,.AXIS2.,.POSITIVE.,0.,$);
#12671=IFCRELDEFINESBYPROPERTIES('3l62UhCbj8vut$LAXalM9a',$,$,$,(#12663),#12672);
#12672=IFCPROPERTYSET('2pKSuQzpv41hupnJdg4SGq',$,'EPset_Parametric',$,(#12673));
#12673=IFCPROPERTYSINGLEVALUE('Engine',$,IFCLABEL('Bonsai.DumbLayer2'),$);
#12674=IFCPRODUCTDEFINITIONSHAPE($,$,(#13443,#13440));
#12720=IFCCARTESIANPOINTLIST2D(((0.,0.),(-0.011999998530698155,0.012000000104308128),(1.8801816245417333,0.012000000104308128),(1.8921816230724315,0.)),$);
#12721=IFCINDEXEDPOLYCURVE(#12720,(IFCLINEINDEX((1,2,3,4,1))),$);
#12722=IFCARBITRARYCLOSEDPROFILEDEF(.AREA.,$,#12721);
#12723=IFCCARTESIANPOINT((0.,0.,0.));
#12724=IFCDIRECTION((0.,0.,1.));
#12725=IFCDIRECTION((1.,0.,0.));
#12726=IFCAXIS2PLACEMENT3D(#12723,#12724,#12725);
#12727=IFCDIRECTION((0.,0.,1.));
#12728=IFCEXTRUDEDAREASOLID(#12722,#12726,#12727,0.73799997568130493);
#12729=IFCSHAPEREPRESENTATION(#11,'Body','SweptSolid',(#12728));
#12730=IFCCARTESIANPOINTLIST2D(((0.,0.),(1.8921816230724315,0.)),$);
#12731=IFCINDEXEDPOLYCURVE(#12730,$,$);
#12732=IFCSHAPEREPRESENTATION(#23,'Axis','Curve2D',(#12731));
#12748=IFCCARTESIANPOINT((6.0314774513244629,11.837152481079102,3.));
#12749=IFCDIRECTION((0.,0.,1.));
#12750=IFCDIRECTION((1.,0.,0.));
#12751=IFCAXIS2PLACEMENT3D(#12748,#12749,#12750);
#12752=IFCLOCALPLACEMENT(#11392,#12751);
#12753=IFCCARTESIANPOINT((7.8395681381225586,16.812009811401367,0.14533092081546783));
#12754=IFCDIRECTION((0.,0.,1.));
#12755=IFCDIRECTION((1.,0.,0.));
#12756=IFCAXIS2PLACEMENT3D(#12753,#12754,#12755);
#12757=IFCLOCALPLACEMENT(#11392,#12756);
#12758=IFCCARTESIANPOINT((0.,0.,0.));
#12759=IFCDIRECTION((0.,0.,1.));
#12760=IFCDIRECTION((1.,0.,0.));
#12761=IFCAXIS2PLACEMENT3D(#12758,#12759,#12760);
#12768=IFCCARTESIANPOINT((-0.15000000596046401,-0.30000001192092901,0.));
#12769=IFCBOUNDINGBOX(#12768,0.30000001192092901,0.30000001192092901,0.65000003576278698);
#12770=IFCSHAPEREPRESENTATION(#13,'Box','BoundingBox',(#12769));
#12771=IFCREPRESENTATIONMAP(#12761,#12770);
#12772=IFCCARTESIANPOINT((0.,0.,0.));
#12773=IFCDIRECTION((0.,0.,1.));
#12774=IFCDIRECTION((1.,0.,0.));
#12775=IFCAXIS2PLACEMENT3D(#12772,#12773,#12774);
#12777=IFCCARTESIANPOINTLIST3D(((-0.15000000596046401,-0.30000001192092901,0.65000003576278698),(-0.15000000596046401,-0.30000001192092901,0.60000002384185802),(-0.15000000596046401,0.,0.60000002384185802),(-0.15000000596046401,0.,0.65000003576278698),(0.15000000596046401,0.,0.60000002384185802),(0.15000000596046401,0.,0.65000003576278698),(0.15000000596046401,-0.30000001192092901,0.60000002384185802),(0.15000000596046401,-0.30000001192092901,0.65000003576278698),(-0.15000000596046401,0.,0.),(-0.15000000596046401,0.,0.60000002384185802),(-0.10000000149011599,0.,0.60000002384185802),(-0.10000000149011599,0.,0.),(-0.10000000149011599,-0.050000000745058101,0.60000002384185802),(-0.10000000149011599,-0.050000000745058101,0.),(-0.15000000596046401,-0.050000000745058101,0.60000002384185802),(-0.15000000596046401,-0.050000000745058101,0.),(0.15000000596046401,0.,0.),(0.15000000596046401,0.,0.60000002384185802),(0.10000000149011599,0.,0.60000002384185802),(0.10000000149011599,0.,0.),(0.10000000149011599,-0.050000000745058101,0.60000002384185802),(0.10000000149011599,-0.050000000745058101,0.),(0.15000000596046401,-0.050000000745058101,0.60000002384185802),(0.15000000596046401,-0.050000000745058101,0.),(-0.15000000596046401,-0.30000001192092901,0.),(-0.15000000596046401,-0.30000001192092901,0.60000002384185802),(-0.10000000149011599,-0.30000001192092901,0.60000002384185802),(-0.10000000149011599,-0.30000001192092901,0.),(-0.10000000149011599,-0.25,0.60000002384185802),(-0.10000000149011599,-0.25,0.),(-0.15000000596046401,-0.25,0.60000002384185802),(-0.15000000596046401,-0.25,0.),(0.15000000596046401,-0.30000001192092901,0.),(0.15000000596046401,-0.30000001192092901,0.60000002384185802),(0.10000000149011599,-0.30000001192092901,0.60000002384185802),(0.10000000149011599,-0.30000001192092901,0.),(0.10000000149011599,-0.25,0.60000002384185802),(0.10000000149011599,-0.25,0.),(0.15000000596046401,-0.25,0.60000002384185802),(0.15000000596046401,-0.25,0.)),$);
#12778=IFCINDEXEDPOLYGONALFACE((2,1,4));
#12779=IFCINDEXEDPOLYGONALFACE((3,2,4));
#12780=IFCINDEXEDPOLYGONALFACE((3,4,6));
#12781=IFCINDEXEDPOLYGONALFACE((5,3,6));
#12782=IFCINDEXEDPOLYGONALFACE((5,6,8));
#12783=IFCINDEXEDPOLYGONALFACE((7,5,8));
#12784=IFCINDEXEDPOLYGONALFACE((7,8,1));
#12785=IFCINDEXEDPOLYGONALFACE((2,7,1));
#12786=IFCINDEXEDPOLYGONALFACE((8,6,4));
#12787=IFCINDEXEDPOLYGONALFACE((1,8,4));
#12788=IFCINDEXEDPOLYGONALFACE((3,5,7));
#12789=IFCINDEXEDPOLYGONALFACE((3,7,2));
#12790=IFCINDEXEDPOLYGONALFACE((12,9,10));
#12791=IFCINDEXEDPOLYGONALFACE((12,10,11));
#12792=IFCINDEXEDPOLYGONALFACE((14,12,11));
#12793=IFCINDEXEDPOLYGONALFACE((14,11,13));
#12794=IFCINDEXEDPOLYGONALFACE((16,14,13));
#12795=IFCINDEXEDPOLYGONALFACE((16,13,15));
#12796=IFCINDEXEDPOLYGONALFACE((9,16,15));
#12797=IFCINDEXEDPOLYGONALFACE((9,15,10));
#12798=IFCINDEXEDPOLYGONALFACE((9,12,14));
#12799=IFCINDEXEDPOLYGONALFACE((9,14,16));
#12800=IFCINDEXEDPOLYGONALFACE((13,11,10));
#12801=IFCINDEXEDPOLYGONALFACE((15,13,10));
#12802=IFCINDEXEDPOLYGONALFACE((18,17,20));
#12803=IFCINDEXEDPOLYGONALFACE((19,18,20));
#12804=IFCINDEXEDPOLYGONALFACE((19,20,22));
#12805=IFCINDEXEDPOLYGONALFACE((21,19,22));
#12806=IFCINDEXEDPOLYGONALFACE((21,22,24));
#12807=IFCINDEXEDPOLYGONALFACE((23,21,24));
#12808=IFCINDEXEDPOLYGONALFACE((23,24,17));
#12809=IFCINDEXEDPOLYGONALFACE((18,23,17));
#12810=IFCINDEXEDPOLYGONALFACE((22,20,17));
#12811=IFCINDEXEDPOLYGONALFACE((24,22,17));
#12812=IFCINDEXEDPOLYGONALFACE((18,19,21));
#12813=IFCINDEXEDPOLYGONALFACE((18,21,23));
#12814=IFCINDEXEDPOLYGONALFACE((26,25,28));
#12815=IFCINDEXEDPOLYGONALFACE((27,26,28));
#12816=IFCINDEXEDPOLYGONALFACE((27,28,30));
#12817=IFCINDEXEDPOLYGONALFACE((29,27,30));
#12818=IFCINDEXEDPOLYGONALFACE((29,30,32));
#12819=IFCINDEXEDPOLYGONALFACE((31,29,32));
#12820=IFCINDEXEDPOLYGONALFACE((31,32,25));
#12821=IFCINDEXEDPOLYGONALFACE((26,31,25));
#12822=IFCINDEXEDPOLYGONALFACE((28,25,30));
#12823=IFCINDEXEDPOLYGONALFACE((25,32,30));
#12824=IFCINDEXEDPOLYGONALFACE((29,26,27));
#12825=IFCINDEXEDPOLYGONALFACE((29,31,26));
#12826=IFCINDEXEDPOLYGONALFACE((36,33,34));
#12827=IFCINDEXEDPOLYGONALFACE((36,34,35));
#12828=IFCINDEXEDPOLYGONALFACE((38,36,35));
#12829=IFCINDEXEDPOLYGONALFACE((38,35,37));
#12830=IFCINDEXEDPOLYGONALFACE((40,38,37));
#12831=IFCINDEXEDPOLYGONALFACE((40,37,39));
#12832=IFCINDEXEDPOLYGONALFACE((33,40,39));
#12833=IFCINDEXEDPOLYGONALFACE((33,39,34));
#12834=IFCINDEXEDPOLYGONALFACE((38,33,36));
#12835=IFCINDEXEDPOLYGONALFACE((38,40,33));
#12836=IFCINDEXEDPOLYGONALFACE((35,34,37));
#12837=IFCINDEXEDPOLYGONALFACE((34,39,37));
#12838=IFCPOLYGONALFACESET(#12777,.T.,(#12778,#12779,#12780,#12781,#12782,#12783,#12784,#12785,#12786,#12787,#12788,#12789,#12790,#12791,#12792,#12793,#12794,#12795,#12796,#12797,#12798,#12799,#12800,#12801,#12802,#12803,#12804,#12805,#12806,#12807,#12808,#12809,#12810,#12811,#12812,#12813,#12814,#12815,#12816,#12817,#12818,#12819,#12820,#12821,#12822,#12823,#12824,#12825,#12826,#12827,#12828,#12829,#12830,#12831,#12832,#12833,#12834,#12835,#12836,#12837),$);
#12839=IFCSHAPEREPRESENTATION(#11,'Body','Tessellation',(#12838));
#12840=IFCREPRESENTATIONMAP(#12775,#12839);
#12841=IFCFURNITURETYPE('2eQM4HAjj8_BsixQmuF3kF',$,'Stool_0.3x0.3x0.65',$,$,$,(#12771,#12840),$,$,.NOTDEFINED.,.CHAIR.);
#12843=IFCCOLOURRGB($,0.068274639546871199,0.0382177457213402,0.018880873918533301);
#12844=IFCSURFACESTYLESHADING(#12843,$);
#12845=IFCSURFACESTYLE('Wood',.BOTH.,(#12844));
#12867=IFCCARTESIANPOINT((0.,0.,0.));
#12868=IFCDIRECTION((0.,0.,1.));
#12869=IFCDIRECTION((1.,0.,0.));
#12870=IFCAXIS2PLACEMENT3D(#12867,#12868,#12869);
#12877=IFCCARTESIANPOINTLIST3D(((-2.7120114154399701E-08,0.70000046491622903,-5.3644178876766098E-08),(-2.7120114154399701E-08,-2.17556959114518E-08,-5.3644178876766098E-08),(-2.7120114154399701E-08,-2.17556959114518E-08,1.79399991035461),(0.94999992847442605,0.70000046491622903,-5.3644178876766098E-08),(-2.7120114154399701E-08,0.70000046491622903,1.79399991035461),(0.94999992847442605,-2.17556959114518E-08,-5.3644178876766098E-08),(0.94999992847442605,0.70000046491622903,1.79399991035461),(0.94999992847442605,-2.17556959114518E-08,1.79399991035461)),$);
#12878=IFCINDEXEDPOLYGONALFACE((5,7,4,1));
#12879=IFCINDEXEDPOLYGONALFACE((7,8,6,4));
#12880=IFCINDEXEDPOLYGONALFACE((8,3,2,6));
#12881=IFCINDEXEDPOLYGONALFACE((4,6,2,1));
#12882=IFCINDEXEDPOLYGONALFACE((5,3,8,7));
#12883=IFCINDEXEDPOLYGONALFACE((3,5,1,2));
#12884=IFCPOLYGONALFACESET(#12877,$,(#12878,#12879,#12880,#12881,#12882,#12883),$);
#12885=IFCSHAPEREPRESENTATION(#11,'Body','Tessellation',(#12884));
#12886=IFCREPRESENTATIONMAP(#12870,#12885);
#12887=IFCELECTRICAPPLIANCETYPE('2XAY7q$JP9Bxh$BUr_cEVK',$,'Refrigerator LG 655L 2Door',$,$,$,(#12886),$,$,.REFRIGERATOR.);
#12888=IFCRELASSOCIATESMATERIAL('337lD_GpP2h8d25xCad80p',$,$,$,(#12887),#12890);
#12889=IFCMATERIALLAYER(#10735,0.10000000000000001,$,$,$,$,$);
#12890=IFCMATERIALLAYERSET((#12889),'blank',$);
#12919=IFCFURNITURE('2n2ZXy5JrEowZS7KS5J3A9',$,'Furniture',$,$,#14015,#12928,$,$);
#12920=IFCRELDEFINESBYTYPE('0MI3N5KHr31w1O9G4vB9yt',$,$,$,(#12974,#12948,#18048,#18022,#12919,#18125),#12841);
#12921=IFCCARTESIANPOINT((0.,0.,0.));
#12922=IFCDIRECTION((1.,0.,0.));
#12923=IFCDIRECTION((0.,1.,0.));
#12924=IFCDIRECTION((0.,0.,1.));
#12925=IFCCARTESIANTRANSFORMATIONOPERATOR3D(#12922,#12923,#12921,1.,#12924);
#12926=IFCMAPPEDITEM(#12771,#12925);
#12927=IFCSHAPEREPRESENTATION(#13,'Box','MappedRepresentation',(#12926));
#12928=IFCPRODUCTDEFINITIONSHAPE($,$,(#12927,#12935));
#12929=IFCCARTESIANPOINT((0.,0.,0.));
#12930=IFCDIRECTION((1.,0.,0.));
#12931=IFCDIRECTION((0.,1.,0.));
#12932=IFCDIRECTION((0.,0.,1.));
#12933=IFCCARTESIANTRANSFORMATIONOPERATOR3D(#12930,#12931,#12929,1.,#12932);
#12934=IFCMAPPEDITEM(#12840,#12933);
#12935=IFCSHAPEREPRESENTATION(#11,'Body','MappedRepresentation',(#12934));
#12942=IFCRELASSOCIATESMATERIAL('36q$p9cYHC5RX5tT66j5VI',$,$,$,(#12974,#12948,#18048,#18022,#12919,#18125),#10468);
#12948=IFCFURNITURE('3t_NgEPYDC9RIVearI07xD',$,'Furniture',$,$,#14020,#12961,$,$);
#12954=IFCCARTESIANPOINT((0.,0.,0.));
#12955=IFCDIRECTION((1.,0.,0.));
#12956=IFCDIRECTION((0.,1.,0.));
#12957=IFCDIRECTION((0.,0.,1.));
#12958=IFCCARTESIANTRANSFORMATIONOPERATOR3D(#12955,#12956,#12954,1.,#12957);
#12959=IFCMAPPEDITEM(#12771,#12958);
#12960=IFCSHAPEREPRESENTATION(#13,'Box','MappedRepresentation',(#12959));
#12961=IFCPRODUCTDEFINITIONSHAPE($,$,(#12960,#12968));
#12962=IFCCARTESIANPOINT((0.,0.,0.));
#12963=IFCDIRECTION((1.,0.,0.));
#12964=IFCDIRECTION((0.,1.,0.));
#12965=IFCDIRECTION((0.,0.,1.));
#12966=IFCCARTESIANTRANSFORMATIONOPERATOR3D(#12963,#12964,#12962,1.,#12965);
#12967=IFCMAPPEDITEM(#12840,#12966);
#12968=IFCSHAPEREPRESENTATION(#11,'Body','MappedRepresentation',(#12967));
#12974=IFCFURNITURE('18NjSzxmb0oPtwghe0eQMa',$,'Furniture',$,$,#14025,#12987,$,$);
#12980=IFCCARTESIANPOINT((0.,0.,0.));
#12981=IFCDIRECTION((1.,0.,0.));
#12982=IFCDIRECTION((0.,1.,0.));
#12983=IFCDIRECTION((0.,0.,1.));
#12984=IFCCARTESIANTRANSFORMATIONOPERATOR3D(#12981,#12982,#12980,1.,#12983);
#12985=IFCMAPPEDITEM(#12771,#12984);
#12986=IFCSHAPEREPRESENTATION(#13,'Box','MappedRepresentation',(#12985));
#12987=IFCPRODUCTDEFINITIONSHAPE($,$,(#12986,#12994));
#12988=IFCCARTESIANPOINT((0.,0.,0.));
#12989=IFCDIRECTION((1.,0.,0.));
#12990=IFCDIRECTION((0.,1.,0.));
#12991=IFCDIRECTION((0.,0.,1.));
#12992=IFCCARTESIANTRANSFORMATIONOPERATOR3D(#12989,#12990,#12988,1.,#12991);
#12993=IFCMAPPEDITEM(#12840,#12992);
#12994=IFCSHAPEREPRESENTATION(#11,'Body','MappedRepresentation',(#12993));
#12998=IFCCARTESIANPOINTLIST2D(((0.,0.),(0.011999997767821961,0.012000000104308128),(1.6025514602661135,0.012000000104308128),(1.6025514602661135,0.)),$);
#12999=IFCINDEXEDPOLYCURVE(#12998,(IFCLINEINDEX((1,2,3,4,1))),$);
#13000=IFCARBITRARYCLOSEDPROFILEDEF(.AREA.,$,#12999);
#13001=IFCCARTESIANPOINT((0.,0.,0.));
#13002=IFCDIRECTION((0.,0.,1.));
#13003=IFCDIRECTION((1.,0.,0.));
#13004=IFCAXIS2PLACEMENT3D(#13001,#13002,#13003);
#13005=IFCDIRECTION((0.,0.,1.));
#13006=IFCEXTRUDEDAREASOLID(#13000,#13004,#13005,0.83799999952316284);
#13007=IFCSHAPEREPRESENTATION(#11,'Body','SweptSolid',(#13006));
#13008=IFCCARTESIANPOINTLIST2D(((0.,0.),(1.6025514602661135,0.)),$);
#13009=IFCINDEXEDPOLYCURVE(#13008,$,$);
#13010=IFCSHAPEREPRESENTATION(#23,'Axis','Curve2D',(#13009));
#13095=IFCSYSTEMFURNITUREELEMENT('0JIKBacDX6KhNnkNNpVmzv',$,'SystemFurnitureElement',$,$,#13934,#13106,$,$);
#13101=IFCRELASSOCIATESMATERIAL('1eQnwsWwD3H89iWxhfV$HV',$,$,$,(#13095),#13102);
#13102=IFCMATERIALLAYERSETUSAGE(#10470,.AXIS2.,.POSITIVE.,0.,$);
#13103=IFCRELDEFINESBYPROPERTIES('3tTwqUgNz4sRUgcZVm11Sd',$,$,$,(#13095),#13104);
#13104=IFCPROPERTYSET('192pGoqa59_eUhn1nvM5Z_',$,'EPset_Parametric',$,(#13105));
#13105=IFCPROPERTYSINGLEVALUE('Engine',$,IFCLABEL('Bonsai.DumbLayer2'),$);
#13106=IFCPRODUCTDEFINITIONSHAPE($,$,(#18003,#18000));
#13175=IFCSYSTEMFURNITUREELEMENT('1V$$vauuD1wxf96oufOLhK',$,'SystemFurnitureElement',$,$,#13204,#13186,$,$);
#13181=IFCRELASSOCIATESMATERIAL('1Jc3Jx_ErCIAssRSHxyBWE',$,$,$,(#13175),#13182);
#13182=IFCMATERIALLAYERSETUSAGE(#10470,.AXIS2.,.POSITIVE.,0.,$);
#13183=IFCRELDEFINESBYPROPERTIES('24LULID2z3tRqwZXiyiKOS',$,$,$,(#13175),#13184);
#13184=IFCPROPERTYSET('2iYd0IsvrAThb2rIGDrSXB',$,'EPset_Parametric',$,(#13185));
#13185=IFCPROPERTYSINGLEVALUE('Engine',$,IFCLABEL('Bonsai.DumbLayer2'),$);
#13186=IFCPRODUCTDEFINITIONSHAPE($,$,(#17908,#17905));
#13200=IFCCARTESIANPOINT((8.4942722320556641,12.42453670501709,1.5119998455047607));
#13201=IFCDIRECTION((0.,0.,1.));
#13202=IFCDIRECTION((-1.,1.5099580252808664E-07,0.));
#13203=IFCAXIS2PLACEMENT3D(#13200,#13201,#13202);
#13204=IFCLOCALPLACEMENT(#11392,#13203);
#13240=IFCSYSTEMFURNITUREELEMENT('3_QqJer6L5svOHFVKwFkJd',$,'SystemFurnitureElement',$,$,#13790,#13251,$,$);
#13246=IFCRELASSOCIATESMATERIAL('1PqqyiRqT6q8rKL6ZIDr$V',$,$,$,(#13240),#13247);
#13247=IFCMATERIALLAYERSETUSAGE(#10781,.AXIS3.,.POSITIVE.,-0.012000000104308128,$);
#13248=IFCRELDEFINESBYPROPERTIES('1WZky1MCHF49DWGMinAgje',$,$,$,(#13240),#13249);
#13249=IFCPROPERTYSET('0yA36h$Nj0a8t_bf04KXfj',$,'EPset_Parametric',$,(#13250));
#13250=IFCPROPERTYSINGLEVALUE('Engine',$,IFCLABEL('Bonsai.DumbLayer3'),$);
#13251=IFCPRODUCTDEFINITIONSHAPE($,$,(#13252));
#13252=IFCSHAPEREPRESENTATION(#11,'Body','SweptSolid',(#13253));
#13253=IFCEXTRUDEDAREASOLID(#13264,#13257,#13261,0.012000000104308128);
#13257=IFCAXIS2PLACEMENT3D(#13258,#13259,#13260);
#13258=IFCCARTESIANPOINT((-0.,-0.,-0.012000000104308128));
#13259=IFCDIRECTION((0.,0.,1.));
#13260=IFCDIRECTION((1.,0.,0.));
#13261=IFCDIRECTION((0.,0.,1.));
#13262=IFCCARTESIANPOINTLIST2D(((-1.4118114709854126,-0.2868574857711792),(0.83685553073883057,-0.28685754537582397),(0.83685553073883057,-1.4901161193847656E-08),(-1.4118114709854126,1.4901161193847656E-08),(-1.4118114709854126,-0.2868574857711792)),$);
#13263=IFCINDEXEDPOLYCURVE(#13262,$,$);
#13264=IFCARBITRARYCLOSEDPROFILEDEF(.AREA.,$,#13263);
#13265=IFCSYSTEMFURNITUREELEMENT('1cGhsBG4jAXfpOcbtmQnWV',$,'SystemFurnitureElement',$,$,#13795,#13276,$,$);
#13271=IFCRELASSOCIATESMATERIAL('3Mc7aoDAD7HxxpC87mrGTq',$,$,$,(#13265),#13272);
#13272=IFCMATERIALLAYERSETUSAGE(#10781,.AXIS3.,.POSITIVE.,-0.012000000104308128,$);
#13273=IFCRELDEFINESBYPROPERTIES('3aEhMefGvEeuMdVk4S6c1Y',$,$,$,(#13265),#13274);
#13274=IFCPROPERTYSET('2ksODQ96P4hvYtafIKGmBv',$,'EPset_Parametric',$,(#13275));
#13275=IFCPROPERTYSINGLEVALUE('Engine',$,IFCLABEL('Bonsai.DumbLayer3'),$);
#13276=IFCPRODUCTDEFINITIONSHAPE($,$,(#13277));
#13277=IFCSHAPEREPRESENTATION(#11,'Body','SweptSolid',(#13278));
#13278=IFCEXTRUDEDAREASOLID(#13279,#13282,#13286,0.012000000104308128);
#13279=IFCARBITRARYCLOSEDPROFILEDEF(.AREA.,$,#13280);
#13280=IFCINDEXEDPOLYCURVE(#13281,$,$);
#13281=IFCCARTESIANPOINTLIST2D(((-1.2374777793884277,0.),(0.66252231597900391,0.),(0.66252231597900391,-0.28685751557350159),(-1.2374777793884277,-0.28685751557350159),(-1.2374777793884277,0.)),$);
#13282=IFCAXIS2PLACEMENT3D(#13283,#13284,#13285);
#13283=IFCCARTESIANPOINT((-0.,-0.,-0.012000000104308128));
#13284=IFCDIRECTION((0.,0.,1.));
#13285=IFCDIRECTION((1.,0.,0.));
#13286=IFCDIRECTION((0.,0.,1.));
#13297=IFCCARTESIANPOINTLIST2D(((2.3988494873046875,-0.22946202754974365),(2.3988494873046875,-0.82946169376373291),(0.49884939193725586,-0.82946169376373291),(0.49884939193725586,-0.22946202754974365),(2.3988494873046875,-0.22946202754974365)),$);
#13298=IFCINDEXEDPOLYCURVE(#13297,$,$);
#13299=IFCARBITRARYCLOSEDPROFILEDEF(.AREA.,$,#13298);
#13305=IFCCOVERING('0fZ304mZDCHPrb3Pdinpjx',$,'Covering',$,$,#18195,#13346,$,$);
#13311=IFCRELDEFINESBYPROPERTIES('3Bti1XHe90jh3i184t7NxJ',$,$,$,(#13305),#13312);
#13312=IFCPROPERTYSET('0O6CBH$yLDGuJ3iG3ls_ml',$,'EPset_Parametric',$,(#13313));
#13313=IFCPROPERTYSINGLEVALUE('Engine',$,IFCLABEL('Bonsai.DumbLayer3'),$);
#13314=IFCRELDEFINESBYPROPERTIES('3wiw9XkFXEOwPk4NWLHe0Y',$,$,$,(#13305),#13315);
#13315=IFCELEMENTQUANTITY('0bnsE6Uj5CRh9_30EG9vUd',$,'Qto_CoveringBaseQuantities',$,$,(#13316,#13317,#13318));
#13316=IFCQUANTITYAREA('GrossArea',$,$,3.68381273103609,$);
#13317=IFCQUANTITYLENGTH('Width',$,$,0.012000000104308101,$);
#13318=IFCQUANTITYAREA('NetArea',$,$,2.65481488469291,$);
#13319=IFCRELASSOCIATESMATERIAL('0fVG1_G0v41QF$HzoOQu6x',$,$,$,(#13305),#13320);
#13320=IFCMATERIALLAYERSETUSAGE(#11147,.AXIS3.,.POSITIVE.,0.,$);
#13321=IFCOPENINGELEMENT('0x$pKHu3TEYxS6DWcwuyYR',$,'Unnamed',$,$,#13322,#13335,$,.OPENING.);
#13322=IFCLOCALPLACEMENT(#18195,#13323);
#13323=IFCAXIS2PLACEMENT3D(#13324,#13325,#13326);
#13324=IFCCARTESIANPOINT((0.84346675872802701,2.9705371856689502,-0.23966443538665799));
#13325=IFCDIRECTION((0.,0.,1.));
#13326=IFCDIRECTION((1.,0.,0.));
#13327=IFCRELVOIDSELEMENT('1wmlCBXC1AhBxRCQiLs880',$,$,$,#13305,#13321);
#13328=IFCRELDEFINESBYPROPERTIES('1WjvLvA_b6cfY7BqNJx4_I',$,$,$,(#13321),#13329);
#13329=IFCELEMENTQUANTITY('2iIT4EpD1CefmOu4bgqxXE',$,'Qto_OpeningElementBaseQuantities',$,$,(#13330,#13331,#13332,#13333,#13334));
#13330=IFCQUANTITYAREA('Area',$,$,0.59999990463257002,$);
#13331=IFCQUANTITYLENGTH('Depth',$,$,0.5,$);
#13332=IFCQUANTITYLENGTH('Height',$,$,0.45999908447265597,$);
#13333=IFCQUANTITYVOLUME('Volume',$,$,0.27599940681466301,$);
#13334=IFCQUANTITYLENGTH('Width',$,$,1.19999980926514,$);
#13335=IFCPRODUCTDEFINITIONSHAPE($,$,(#13336));
#13336=IFCSHAPEREPRESENTATION(#11,'Body','SweptSolid',(#13337));
#13337=IFCEXTRUDEDAREASOLID(#13338,#13341,#13345,0.5);
#13338=IFCARBITRARYCLOSEDPROFILEDEF(.AREA.,$,#13339);
#13339=IFCINDEXEDPOLYCURVE(#13340,$,$);
#13340=IFCCARTESIANPOINTLIST2D(((0.,0.),(1.19999980926514,0.),(1.19999980926514,0.45999908447265597),(0.,0.45999908447265597),(0.,0.)),$);
#13341=IFCAXIS2PLACEMENT3D(#13342,#13343,#13344);
#13342=IFCCARTESIANPOINT((0.,0.,0.));
#13343=IFCDIRECTION((0.,0.,1.));
#13344=IFCDIRECTION((1.,0.,0.));
#13345=IFCDIRECTION((0.,0.,1.));
#13346=IFCPRODUCTDEFINITIONSHAPE($,$,(#13347));
#13347=IFCSHAPEREPRESENTATION(#11,'Body','SweptSolid',(#13348));
#13348=IFCEXTRUDEDAREASOLID(#13355,$,#13352,0.012000000104308101);
#13352=IFCDIRECTION((0.,0.,1.));
#13353=IFCCARTESIANPOINTLIST2D(((0.49884939193725586,-0.42946279048919678),(0.49884939193725586,-0.82946169376373291),(2.3988494873046875,-0.82946169376373291),(2.3988494873046875,-0.42946279048919678),(0.49884939193725586,-0.42946279048919678)),$);
#13354=IFCINDEXEDPOLYCURVE(#13353,$,$);
#13355=IFCARBITRARYCLOSEDPROFILEDEF(.AREA.,$,#13354);
#13361=IFCRELCONNECTSELEMENTS('1vAxOhs6DD5xzHuzvM_zXo',$,$,'TOP',$,#13305,#12407);
#13362=IFCSYSTEMFURNITUREELEMENT('1J$dkAzRb0CA63BDckVo7K',$,'SystemFurnitureElement',$,$,#17810,#13374,$,$);
#13368=IFCRELDEFINESBYPROPERTIES('3ALk4PiwL4AB8ry0QmgY$Y',$,$,$,(#13362),#13369);
#13369=IFCPROPERTYSET('1cq0bTiTLCsQ6bh2IXyx1D',$,'EPset_Parametric',$,(#13370));
#13370=IFCPROPERTYSINGLEVALUE('Engine',$,IFCLABEL('Bonsai.DumbLayer2'),$);
#13372=IFCRELASSOCIATESMATERIAL('3pMi4eY_L1PPQKy07CgAXH',$,$,$,(#13362),#13373);
#13373=IFCMATERIALLAYERSETUSAGE(#10470,.AXIS2.,.POSITIVE.,0.,$);
#13374=IFCPRODUCTDEFINITIONSHAPE($,$,(#13494,#13491));
#13393=IFCRELCONNECTSELEMENTS('0akfHaA9D0cRZOihO86Kby',$,$,'TOP',$,#11997,#13362);
#13399=IFCSYSTEMFURNITUREELEMENT('3q99DELrL3mRkZWvTOcp61',$,'SystemFurnitureElement',$,$,#14080,#13410,$,$);
#13405=IFCRELASSOCIATESMATERIAL('39IlJDa0bDf8eFCsWmLm7d',$,$,$,(#13399),#13406);
#13406=IFCMATERIALLAYERSETUSAGE(#10470,.AXIS2.,.POSITIVE.,0.,$);
#13407=IFCRELDEFINESBYPROPERTIES('39WRaGlOP7MxnPwl5a94Ob',$,$,$,(#13399),#13408);
#13408=IFCPROPERTYSET('0eVPi3yzf7whgsxE$Huve4',$,'EPset_Parametric',$,(#13409));
#13409=IFCPROPERTYSINGLEVALUE('Engine',$,IFCLABEL('Bonsai.DumbLayer2'),$);
#13410=IFCPRODUCTDEFINITIONSHAPE($,$,(#13456,#13453));
#13424=IFCRELCONNECTSPATHELEMENTS('3DXvmM13jFwB6a$rHXUaeS',$,$,$,$,#12407,#13399,(),(),.ATEND.,.ATSTART.);
#13431=IFCCARTESIANPOINTLIST2D(((0.,0.),(0.,0.012000000104308128),(0.6119999885559082,0.012000000104308128),(0.6119999885559082,0.)),$);
#13432=IFCINDEXEDPOLYCURVE(#13431,(IFCLINEINDEX((1,2,3,4,1))),$);
#13433=IFCARBITRARYCLOSEDPROFILEDEF(.AREA.,$,#13432);
#13434=IFCCARTESIANPOINT((0.,0.,0.));
#13435=IFCDIRECTION((0.,0.,1.));
#13436=IFCDIRECTION((1.,0.,0.));
#13437=IFCAXIS2PLACEMENT3D(#13434,#13435,#13436);
#13438=IFCDIRECTION((0.,0.,1.));
#13439=IFCEXTRUDEDAREASOLID(#13433,#13437,#13438,0.83799999952316284);
#13440=IFCSHAPEREPRESENTATION(#11,'Body','SweptSolid',(#13439));
#13441=IFCCARTESIANPOINTLIST2D(((0.,0.),(0.6119999885559082,-2.5257941160816699E-07)),$);
#13442=IFCINDEXEDPOLYCURVE(#13441,$,$);
#13443=IFCSHAPEREPRESENTATION(#23,'Axis','Curve2D',(#13442));
#13444=IFCCARTESIANPOINTLIST2D(((0.,0.),(0.,0.012000000104308128),(0.3999990563005047,0.012000000104308128),(0.38799905776980648,0.)),$);
#13445=IFCINDEXEDPOLYCURVE(#13444,(IFCLINEINDEX((1,2,3,4,1))),$);
#13446=IFCARBITRARYCLOSEDPROFILEDEF(.AREA.,$,#13445);
#13447=IFCCARTESIANPOINT((0.,0.,0.));
#13448=IFCDIRECTION((0.,0.,1.));
#13449=IFCDIRECTION((1.,0.,0.));
#13450=IFCAXIS2PLACEMENT3D(#13447,#13448,#13449);
#13451=IFCDIRECTION((0.,0.,1.));
#13452=IFCEXTRUDEDAREASOLID(#13446,#13450,#13451,0.73799997568130493);
#13453=IFCSHAPEREPRESENTATION(#11,'Body','SweptSolid',(#13452));
#13454=IFCCARTESIANPOINTLIST2D(((0.,0.),(0.38799905776980648,2.5257941160816699E-07)),$);
#13455=IFCINDEXEDPOLYCURVE(#13454,$,$);
#13456=IFCSHAPEREPRESENTATION(#23,'Axis','Curve2D',(#13455));
#13462=IFCRELCONNECTSELEMENTS('2$89G24oXDFwo3o7CgETzd',$,$,'TOP',$,#13305,#13399);
#13463=IFCRELCONNECTSPATHELEMENTS('2e4bIq_T5059ACFRunWGGB',$,$,$,$,#12467,#13362,(),(),.ATEND.,.ATSTART.);
#13464=IFCCARTESIANPOINTLIST2D(((0.,0.),(0.01199999853069815,0.012000000104308128),(1.7171697600841007,0.012000000104308128),(1.7291697617620192,0.)),$);
#13465=IFCINDEXEDPOLYCURVE(#13464,(IFCLINEINDEX((1,2,3,4,1))),$);
#13466=IFCARBITRARYCLOSEDPROFILEDEF(.AREA.,$,#13465);
#13467=IFCCARTESIANPOINT((0.,0.,0.));
#13468=IFCDIRECTION((0.,0.,1.));
#13469=IFCDIRECTION((1.,0.,0.));
#13470=IFCAXIS2PLACEMENT3D(#13467,#13468,#13469);
#13471=IFCDIRECTION((0.,0.,1.));
#13472=IFCEXTRUDEDAREASOLID(#13466,#13470,#13471,0.83799999952316284);
#13473=IFCSHAPEREPRESENTATION(#11,'Body','SweptSolid',(#13472));
#13474=IFCCARTESIANPOINTLIST2D(((0.,0.),(1.7171697616577108,0.)),$);
#13475=IFCINDEXEDPOLYCURVE(#13474,$,$);
#13476=IFCSHAPEREPRESENTATION(#23,'Axis','Curve2D',(#13475));
#13477=IFCCARTESIANPOINT((6.6020903458042586,14.416322993841407,0.));
#13478=IFCDIRECTION((0.,0.,1.));
#13479=IFCDIRECTION((-2.8212997449371656E-07,-0.99999999999996025,0.));
#13480=IFCAXIS2PLACEMENT3D(#13477,#13478,#13479);
#13481=IFCLOCALPLACEMENT(#11392,#13480);
#13482=IFCCARTESIANPOINTLIST2D(((0.,0.),(0.,0.012000000104308128),(1.8801818877207295,0.012000000104308128),(1.8921818862514277,0.)),$);
#13483=IFCINDEXEDPOLYCURVE(#13482,(IFCLINEINDEX((1,2,3,4,1))),$);
#13484=IFCARBITRARYCLOSEDPROFILEDEF(.AREA.,$,#13483);
#13485=IFCCARTESIANPOINT((0.,0.,0.));
#13486=IFCDIRECTION((0.,0.,1.));
#13487=IFCDIRECTION((1.,0.,0.));
#13488=IFCAXIS2PLACEMENT3D(#13485,#13486,#13487);
#13489=IFCDIRECTION((0.,0.,1.));
#13490=IFCEXTRUDEDAREASOLID(#13484,#13488,#13489,0.087999999523162842);
#13491=IFCSHAPEREPRESENTATION(#11,'Body','SweptSolid',(#13490));
#13492=IFCCARTESIANPOINTLIST2D(((0.,0.),(1.8921818862514277,0.)),$);
#13493=IFCINDEXEDPOLYCURVE(#13492,$,$);
#13494=IFCSHAPEREPRESENTATION(#23,'Axis','Curve2D',(#13493));
#13558=IFCSYSTEMFURNITUREELEMENT('06rLtm6IT4BfNQkJ5G1Ev5',$,'SystemFurnitureElement',$,$,#13620,#13569,$,$);
#13564=IFCRELDEFINESBYPROPERTIES('1Qx0OZjWb2deb$4QQFIjGo',$,$,$,(#13558),#13565);
#13565=IFCPROPERTYSET('0QhVOSRSL0kx6hsYeQ1Uek',$,'EPset_Parametric',$,(#13566));
#13566=IFCPROPERTYSINGLEVALUE('Engine',$,IFCLABEL('Bonsai.DumbLayer2'),$);
#13567=IFCRELASSOCIATESMATERIAL('1W4GNbei1CCvH3m_sy4Gp0',$,$,$,(#13558),#13568);
#13568=IFCMATERIALLAYERSETUSAGE(#10470,.AXIS2.,.POSITIVE.,0.,$);
#13569=IFCPRODUCTDEFINITIONSHAPE($,$,(#13615,#13612));
#13583=IFCRELCONNECTSPATHELEMENTS('0nGACQDQfER9pBPE_0p7K2',$,$,$,$,#13175,#13558,(),(),.ATEND.,.ATEND.);
#13603=IFCCARTESIANPOINTLIST2D(((0.,0.),(0.,0.012000000104308128),(0.41261541686052139,0.012000000104308128),(0.42461541853843965,0.)),$);
#13604=IFCINDEXEDPOLYCURVE(#13603,(IFCLINEINDEX((1,2,3,4,1))),$);
#13605=IFCARBITRARYCLOSEDPROFILEDEF(.AREA.,$,#13604);
#13606=IFCCARTESIANPOINT((0.,0.,0.));
#13607=IFCDIRECTION((0.,0.,1.));
#13608=IFCDIRECTION((1.,0.,0.));
#13609=IFCAXIS2PLACEMENT3D(#13606,#13607,#13608);
#13610=IFCDIRECTION((0.,0.,1.));
#13611=IFCEXTRUDEDAREASOLID(#13605,#13609,#13610,0.77600002288818359);
#13612=IFCSHAPEREPRESENTATION(#11,'Body','SweptSolid',(#13611));
#13613=IFCCARTESIANPOINTLIST2D(((0.,0.),(0.41261541843413152,3.7291329135769047E-08)),$);
#13614=IFCINDEXEDPOLYCURVE(#13613,$,$);
#13615=IFCSHAPEREPRESENTATION(#23,'Axis','Curve2D',(#13614));
#13616=IFCCARTESIANPOINT((6.3048914588061074,12.837152454038529,1.5119998455047607));
#13617=IFCDIRECTION((0.,0.,1.));
#13618=IFCDIRECTION((-2.8212997449371656E-07,-0.99999999999996025,0.));
#13619=IFCAXIS2PLACEMENT3D(#13616,#13617,#13618);
#13620=IFCLOCALPLACEMENT(#11392,#13619);
#13621=IFCSYSTEMFURNITUREELEMENT('05aBom_Zz9E9mOc4Yh25Tf',$,'SystemFurnitureElement',$,$,#18172,#13632,$,$);
#13627=IFCRELDEFINESBYPROPERTIES('2ELv2bgPLDw8VV7CX7kt7K',$,$,$,(#13621),#13628);
#13628=IFCPROPERTYSET('2m2bHO6Rz1oQbzCTcY$LV6',$,'EPset_Parametric',$,(#13629));
#13629=IFCPROPERTYSINGLEVALUE('Engine',$,IFCLABEL('Bonsai.DumbLayer2'),$);
#13630=IFCRELASSOCIATESMATERIAL('0xZs_78XXFNu1rPcquGoQA',$,$,$,(#13621),#13631);
#13631=IFCMATERIALLAYERSETUSAGE(#10470,.AXIS2.,.POSITIVE.,0.,$);
#13632=IFCPRODUCTDEFINITIONSHAPE($,$,(#18167,#18164));
#13689=IFCWINDOW('3n0w5ilUPD8efDbnyjWmAF',$,'Window',$,$,#13815,#13702,$,1.2999999523162842,1.5,$,.SINGLE_PANEL.,$);
#13695=IFCCARTESIANPOINT((0.,0.,0.));
#13696=IFCDIRECTION((1.,0.,0.));
#13697=IFCDIRECTION((0.,1.,0.));
#13698=IFCDIRECTION((0.,0.,1.));
#13699=IFCCARTESIANTRANSFORMATIONOPERATOR3D(#13696,#13697,#13695,1.,#13698);
#13700=IFCMAPPEDITEM(#5554,#13699);
#13701=IFCSHAPEREPRESENTATION(#18,'Profile','MappedRepresentation',(#13700));
#13702=IFCPRODUCTDEFINITIONSHAPE($,$,(#13701,#13709,#13716));
#13703=IFCCARTESIANPOINT((0.,0.,0.));
#13704=IFCDIRECTION((1.,0.,0.));
#13705=IFCDIRECTION((0.,1.,0.));
#13706=IFCDIRECTION((0.,0.,1.));
#13707=IFCCARTESIANTRANSFORMATIONOPERATOR3D(#13704,#13705,#13703,1.,#13706);
#13708=IFCMAPPEDITEM(#5602,#13707);
#13709=IFCSHAPEREPRESENTATION(#11,'Body','MappedRepresentation',(#13708));
#13710=IFCCARTESIANPOINT((0.,0.,0.));
#13711=IFCDIRECTION((1.,0.,0.));
#13712=IFCDIRECTION((0.,1.,0.));
#13713=IFCDIRECTION((0.,0.,1.));
#13714=IFCCARTESIANTRANSFORMATIONOPERATOR3D(#13711,#13712,#13710,1.,#13713);
#13715=IFCMAPPEDITEM(#5624,#13714);
#13716=IFCSHAPEREPRESENTATION(#24,'Body','MappedRepresentation',(#13715));
#13717=IFCOPENINGELEMENT('3DvGNMlsP95wI$cIxd4jod',$,'Opening',$,$,#13736,#13730,$,.OPENING.);
#13723=IFCCARTESIANPOINT((0.,0.,0.));
#13724=IFCDIRECTION((1.,0.,0.));
#13725=IFCDIRECTION((0.,1.,0.));
#13726=IFCDIRECTION((0.,0.,1.));
#13727=IFCCARTESIANTRANSFORMATIONOPERATOR3D(#13724,#13725,#13723,1.,#13726);
#13728=IFCMAPPEDITEM(#5738,#13727);
#13729=IFCSHAPEREPRESENTATION(#11,'Body','MappedRepresentation',(#13728));
#13730=IFCPRODUCTDEFINITIONSHAPE($,$,(#13729));
#13731=IFCRELVOIDSELEMENT('0fa8Iult94keJ7l9JlE6bI',$,$,$,#1743,#13717);
#13732=IFCCARTESIANPOINT((0.94999933242797852,0.,1.));
#13733=IFCDIRECTION((0.,0.,1.));
#13734=IFCDIRECTION((1.,0.,0.));
#13735=IFCAXIS2PLACEMENT3D(#13732,#13733,#13734);
#13736=IFCLOCALPLACEMENT(#1795,#13735);
#13737=IFCRELFILLSELEMENT('2PZIVveJ5Cth2P7$DCe$oD',$,$,$,#13717,#13689);
#13786=IFCCARTESIANPOINT((6.299562931060791,15.414432525634766,1.5239999294281006));
#13787=IFCDIRECTION((0.,0.,1.));
#13788=IFCDIRECTION((-4.3711388286737929E-08,-1.,0.));
#13789=IFCAXIS2PLACEMENT3D(#13786,#13787,#13788);
#13790=IFCLOCALPLACEMENT(#11392,#13789);
#13791=IFCCARTESIANPOINT((7.8395681381225586,12.423439979553223,1.5239999294281006));
#13792=IFCDIRECTION((0.,0.,1.));
#13793=IFCDIRECTION((1.,0.,0.));
#13794=IFCAXIS2PLACEMENT3D(#13791,#13792,#13793);
#13795=IFCLOCALPLACEMENT(#11392,#13794);
#13811=IFCCARTESIANPOINT((0.,0.,0.));
#13812=IFCDIRECTION((0.,0.,1.));
#13813=IFCDIRECTION((1.,0.,0.));
#13814=IFCAXIS2PLACEMENT3D(#13811,#13812,#13813);
#13815=IFCLOCALPLACEMENT(#13736,#13814);
#13816=IFCCARTESIANPOINTLIST2D(((5.4626383781433105,2.2202837467193604),(6.4627442359924316,2.2202837467193604)),$);
#13817=IFCINDEXEDPOLYCURVE(#13816,$,$);
#13818=IFCCARTESIANPOINTLIST2D(((5.4626383781433105,1.3248672485351562),(8.7126398086547852,1.3248672485351562)),$);
#13819=IFCINDEXEDPOLYCURVE(#13818,$,$);
#13845=IFCSYSTEMFURNITUREELEMENT('3Pyci4WAb9JuqYlIdU3Deb',$,'SystemFurnitureElement',$,$,#13913,#13856,$,$);
#13851=IFCRELASSOCIATESMATERIAL('2bIjBVtuHDDxx4WRF8G0bA',$,$,$,(#13845),#13852);
#13852=IFCMATERIALLAYERSETUSAGE(#10470,.AXIS2.,.POSITIVE.,0.,$);
#13853=IFCRELDEFINESBYPROPERTIES('0Y5ccUMrn9pBbz39aFD_iB',$,$,$,(#13845),#13854);
#13854=IFCPROPERTYSET('2gsrtMtXTAaPt05e9Gohcx',$,'EPset_Parametric',$,(#13855));
#13855=IFCPROPERTYSINGLEVALUE('Engine',$,IFCLABEL('Bonsai.DumbLayer2'),$);
#13856=IFCPRODUCTDEFINITIONSHAPE($,$,(#13908,#13905));
#13896=IFCCARTESIANPOINTLIST2D(((0.,0.),(0.,0.012000000104308128),(0.30280070006846227,0.012000000104308128),(0.30280070006846227,0.)),$);
#13897=IFCINDEXEDPOLYCURVE(#13896,(IFCLINEINDEX((1,2,3,4,1))),$);
#13898=IFCARBITRARYCLOSEDPROFILEDEF(.AREA.,$,#13897);
#13899=IFCCARTESIANPOINT((0.,0.,0.));
#13900=IFCDIRECTION((0.,0.,1.));
#13901=IFCDIRECTION((1.,0.,0.));
#13902=IFCAXIS2PLACEMENT3D(#13899,#13900,#13901);
#13903=IFCDIRECTION((0.,0.,1.));
#13904=IFCEXTRUDEDAREASOLID(#13898,#13902,#13903,0.77600002288818359);
#13905=IFCSHAPEREPRESENTATION(#11,'Body','SweptSolid',(#13904));
#13906=IFCCARTESIANPOINTLIST2D(((0.,0.),(0.30280070006846227,2.7366501953451916E-08)),$);
#13907=IFCINDEXEDPOLYCURVE(#13906,$,$);
#13908=IFCSHAPEREPRESENTATION(#23,'Axis','Curve2D',(#13907));
#13909=IFCCARTESIANPOINT((6.0020910054445231,12.837152451731125,1.5119998455047607));
#13910=IFCDIRECTION((0.,0.,1.));
#13911=IFCDIRECTION((0.99999999999993605,-3.5762786865232088E-07,0.));
#13912=IFCAXIS2PLACEMENT3D(#13909,#13910,#13911);
#13913=IFCLOCALPLACEMENT(#11392,#13912);
#13930=IFCCARTESIANPOINT((6.3048925909908196,16.837152722259269,1.5119998455047607));
#13931=IFCDIRECTION((0.,0.,1.));
#13932=IFCDIRECTION((-2.8212997449371656E-07,-0.99999999999996025,0.));
#13933=IFCAXIS2PLACEMENT3D(#13930,#13931,#13932);
#13934=IFCLOCALPLACEMENT(#11392,#13933);
#14011=IFCCARTESIANPOINT((7.1076173782348633,13.934309959411621,0.));
#14012=IFCDIRECTION((0.,0.,1.));
#14013=IFCDIRECTION((1.,0.,0.));
#14014=IFCAXIS2PLACEMENT3D(#14011,#14012,#14013);
#14015=IFCLOCALPLACEMENT(#11392,#14014);
#14016=IFCCARTESIANPOINT((7.6157574653625488,13.934309959411621,0.));
#14017=IFCDIRECTION((0.,0.,1.));
#14018=IFCDIRECTION((1.,0.,0.));
#14019=IFCAXIS2PLACEMENT3D(#14016,#14017,#14018);
#14020=IFCLOCALPLACEMENT(#11392,#14019);
#14021=IFCCARTESIANPOINT((8.1427173614501953,13.934309959411621,0.));
#14022=IFCDIRECTION((0.,0.,1.));
#14023=IFCDIRECTION((1.,0.,0.));
#14024=IFCAXIS2PLACEMENT3D(#14021,#14022,#14023);
#14025=IFCLOCALPLACEMENT(#11392,#14024);
#14026=IFCCARTESIANPOINT((14.151432991027832,16.837154388427734,0.));
#14027=IFCDIRECTION((0.,0.,1.));
#14028=IFCDIRECTION((1.,-2.384185791015625E-07,0.));
#14029=IFCAXIS2PLACEMENT3D(#14026,#14027,#14028);
#14030=IFCLOCALPLACEMENT(#11392,#14029);
#14036=IFCCARTESIANPOINT((13.456682205200195,16.837152481079102,0.));
#14037=IFCDIRECTION((0.,0.,1.));
#14038=IFCDIRECTION((1.,-2.384185791015625E-07,0.));
#14039=IFCAXIS2PLACEMENT3D(#14036,#14037,#14038);
#14040=IFCLOCALPLACEMENT(#11392,#14039);
#14041=IFCCARTESIANPOINT((6.0020909309387207,8.2857952117919922,1.0499999523162842));
#14042=IFCDIRECTION((0.,0.,1.));
#14043=IFCDIRECTION((1.0452038168295985E-06,1.,0.));
#14044=IFCAXIS2PLACEMENT3D(#14041,#14042,#14043);
#14045=IFCLOCALPLACEMENT(#11392,#14044);
#14046=IFCCARTESIANPOINT((6.0020909309387207,9.0728921890258789,0.));
#14047=IFCDIRECTION((0.,0.,1.));
#14048=IFCDIRECTION((9.6559915618854575E-07,1.,0.));
#14049=IFCAXIS2PLACEMENT3D(#14046,#14047,#14048);
#14050=IFCLOCALPLACEMENT(#11392,#14049);
#14051=IFCCARTESIANPOINT((8.4942722320556641,14.875283241271973,0.));
#14052=IFCDIRECTION((0.,0.,1.));
#14053=IFCDIRECTION((-1.,1.5099580252808664E-07,0.));
#14054=IFCAXIS2PLACEMENT3D(#14051,#14052,#14053);
#14055=IFCLOCALPLACEMENT(#11392,#14054);
#14056=IFCCARTESIANPOINT((8.4942722320556641,14.026017189025879,0.));
#14057=IFCDIRECTION((0.,0.,1.));
#14058=IFCDIRECTION((-1.,1.5099580252808664E-07,0.));
#14059=IFCAXIS2PLACEMENT3D(#14056,#14057,#14058);
#14060=IFCLOCALPLACEMENT(#11392,#14059);
#14061=IFCCARTESIANPOINT((8.4942722320556641,14.875283241271973,0.));
#14062=IFCDIRECTION((0.,0.,1.));
#14063=IFCDIRECTION((-2.8212997449372779E-07,-1.,0.));
#14064=IFCAXIS2PLACEMENT3D(#14061,#14062,#14063);
#14065=IFCLOCALPLACEMENT(#11392,#14064);
#14076=IFCCARTESIANPOINT((8.4942722320556641,14.263283729553223,0.));
#14077=IFCDIRECTION((0.,0.,1.));
#14078=IFCDIRECTION((-2.8212997449372779E-07,-1.,0.));
#14079=IFCAXIS2PLACEMENT3D(#14076,#14077,#14078);
#14080=IFCLOCALPLACEMENT(#11392,#14079);
#14107=IFCPROPERTYSINGLEVALUE('Manufacturer',$,IFCLABEL('FABER'),$);
#14108=IFCPROPERTYSINGLEVALUE('ModelLabel',$,IFCLABEL('STILUX 3D T2S2 BK TC LTW 90'),$);
#14109=IFCPROPERTYSET('3pCpdg$Zf8Tf2sNy4l6Q$Z',$,'Pset_ManufacturerTypeInformation',$,(#14107,#14108));
#14110=IFCCARTESIANPOINT((0.,0.,0.));
#14111=IFCDIRECTION((0.,0.,1.));
#14112=IFCDIRECTION((1.,0.,0.));
#14113=IFCAXIS2PLACEMENT3D(#14110,#14111,#14112);
#14120=IFCCARTESIANPOINTLIST3D(((0.89999985694885254,0.46000021696090698,0.),(0.89999985694885254,0.46000021696090698,0.059999998658895493),(0.89999997615814209,1.9550482477370679E-07,0.059999998658895493),(0.89999997615814209,1.9550482477370679E-07,0.),(0.,0.,0.059999998658895493),(0.,0.,0.),(-1.4988702901064244E-07,0.46000000834465027,0.059999998658895493),(-1.4988702901064244E-07,0.46000000834465027,0.)),$);
#14121=IFCINDEXEDPOLYGONALFACE((2,3,4));
#14122=IFCINDEXEDPOLYGONALFACE((2,4,1));
#14123=IFCINDEXEDPOLYGONALFACE((6,4,3));
#14124=IFCINDEXEDPOLYGONALFACE((6,3,5));
#14125=IFCINDEXEDPOLYGONALFACE((5,7,8));
#14126=IFCINDEXEDPOLYGONALFACE((5,8,6));
#14127=IFCINDEXEDPOLYGONALFACE((1,8,7));
#14128=IFCINDEXEDPOLYGONALFACE((1,7,2));
#14129=IFCINDEXEDPOLYGONALFACE((6,1,4));
#14130=IFCINDEXEDPOLYGONALFACE((8,1,6));
#14131=IFCINDEXEDPOLYGONALFACE((2,5,3));
#14132=IFCINDEXEDPOLYGONALFACE((2,7,5));
#14133=IFCPOLYGONALFACESET(#14120,$,(#14121,#14122,#14123,#14124,#14125,#14126,#14127,#14128,#14129,#14130,#14131,#14132),$);
#14134=IFCCARTESIANPOINTLIST3D(((0.59999990463256836,0.26000013947486877,0.060000002384185791),(0.59999990463256836,0.26000013947486877,0.81000000238418579),(0.60000002384185791,1.4662862213299377E-07,0.060000002384185791),(0.30000001192092896,4.8876206193426697E-08,0.060000002384185791),(0.29999992251396179,0.26000005006790161,0.060000002384185791),(0.29999992251396179,0.26000005006790161,0.81000000238418579),(0.30000001192092896,4.8876206193426697E-08,0.81000000238418579),(0.60000002384185791,1.4662862213299377E-07,0.81000000238418579)),$);
#14135=IFCINDEXEDPOLYGONALFACE((1,6,2));
#14136=IFCINDEXEDPOLYGONALFACE((2,3,1));
#14137=IFCINDEXEDPOLYGONALFACE((4,1,3));
#14138=IFCINDEXEDPOLYGONALFACE((5,1,4));
#14139=IFCINDEXEDPOLYGONALFACE((1,5,6));
#14140=IFCINDEXEDPOLYGONALFACE((7,6,5));
#14141=IFCINDEXEDPOLYGONALFACE((2,6,7));
#14142=IFCINDEXEDPOLYGONALFACE((7,5,4));
#14143=IFCINDEXEDPOLYGONALFACE((4,8,7));
#14144=IFCINDEXEDPOLYGONALFACE((2,7,8));
#14145=IFCINDEXEDPOLYGONALFACE((2,8,3));
#14146=IFCINDEXEDPOLYGONALFACE((4,3,8));
#14147=IFCPOLYGONALFACESET(#14134,$,(#14135,#14136,#14137,#14138,#14139,#14140,#14141,#14142,#14143,#14144,#14145,#14146),$);
#14148=IFCSHAPEREPRESENTATION(#11,'Body','Tessellation',(#14133,#14147));
#14149=IFCREPRESENTATIONMAP(#14113,#14148);
#14150=IFCELECTRICAPPLIANCETYPE('1mr15IAvnCQPzLBpEVmlVL',$,'Chimney_90cm',$,$,(#14109),(#14149),$,'CHIMNEY',.USERDEFINED.);
#14151=IFCSTYLEDITEM(#14133,(#14155),$);
#14152=IFCCOLOURRGB($,0.80000001192092896,0.80000001192092896,0.80000001192092896);
#14153=IFCCOLOURRGB($,0.21285253763198853,0.21285253763198853,0.21285253763198853);
#14154=IFCSURFACESTYLERENDERING(#14152,0.,#14153,$,$,$,IFCNORMALISEDRATIOMEASURE(1.),IFCSPECULARROUGHNESS(0.5),.PHYSICAL.);
#14155=IFCSURFACESTYLE('Iron.002',.BOTH.,(#14154));
#14156=IFCSTYLEDITEM(#14147,(#14155),$);
#14157=IFCCARTESIANPOINT((0.,0.,0.));
#14158=IFCDIRECTION((0.,0.,1.));
#14159=IFCDIRECTION((1.,0.,0.));
#14160=IFCAXIS2PLACEMENT3D(#14157,#14158,#14159);
#14167=IFCCARTESIANPOINTLIST3D(((0.,0.,0.),(0.60000002384185802,0.,0.),(0.,0.60000002384185802,0.),(0.60000002384185802,0.60000002384185802,0.),(0.,0.,0.84500002861022905),(0.60000002384185802,0.,0.84500002861022905),(0.,0.60000002384185802,0.84500002861022905),(0.60000002384185802,0.60000002384185802,0.84500002861022905)),$);
#14168=IFCINDEXEDPOLYGONALFACE((1,3,4,2));
#14169=IFCINDEXEDPOLYGONALFACE((5,6,8,7));
#14170=IFCINDEXEDPOLYGONALFACE((1,2,6,5));
#14171=IFCINDEXEDPOLYGONALFACE((2,4,8,6));
#14172=IFCINDEXEDPOLYGONALFACE((3,1,5,7));
#14173=IFCINDEXEDPOLYGONALFACE((4,3,7,8));
#14174=IFCPOLYGONALFACESET(#14167,$,(#14168,#14169,#14170,#14171,#14172,#14173),$);
#14175=IFCSHAPEREPRESENTATION(#11,'Body','Tessellation',(#14174));
#14176=IFCREPRESENTATIONMAP(#14160,#14175);
#14177=IFCELECTRICAPPLIANCETYPE('3Bvj48brn2aeKHpAP5QQMn',$,'Dishwasher',$,$,$,(#14176),'',$,.DISHWASHER.);
#14178=IFCCARTESIANPOINT((0.,0.,0.));
#14179=IFCDIRECTION((0.,0.,1.));
#14180=IFCDIRECTION((1.,0.,0.));
#14181=IFCAXIS2PLACEMENT3D(#14178,#14179,#14180);
#14188=IFCCARTESIANPOINTLIST3D(((0.,0.479999989271164,0.),(0.,0.,0.),(0.,0.,0.10000000149011599),(0.,0.479999989271164,0.10000000149011599),(0.89999997615814198,0.479999989271164,0.),(0.89999997615814198,0.479999989271164,0.10000000149011599),(0.89999997615814198,0.,0.),(0.89999997615814198,0.,0.10000000149011599),(0.30962961912155201,0.34262096881866499,1.05546486377716),(0.30962961912155201,0.34262096881866499,0.10000000149011599),(0.30962961912155201,0.137378990650177,0.10000000149011599),(0.30962961912155201,0.137378990650177,1.05546486377716),(0.59037035703659102,0.34262099862098699,0.10000000149011599),(0.59037029743194602,0.137379005551338,0.10000000149011599),(0.59037029743194602,0.137379005551338,1.05546486377716),(0.59037035703659102,0.34262099862098699,1.05546486377716)),$);
#14189=IFCINDEXEDPOLYGONALFACE((1,4,6,5));
#14190=IFCINDEXEDPOLYGONALFACE((5,6,8,7));
#14191=IFCINDEXEDPOLYGONALFACE((3,2,7,8));
#14192=IFCINDEXEDPOLYGONALFACE((7,2,1,5));
#14193=IFCINDEXEDPOLYGONALFACE((11,12,9,10));
#14194=IFCINDEXEDPOLYGONALFACE((4,10,13,6));
#14195=IFCINDEXEDPOLYGONALFACE((3,11,10,4));
#14196=IFCINDEXEDPOLYGONALFACE((8,14,11,3));
#14197=IFCINDEXEDPOLYGONALFACE((6,13,14,8));
#14198=IFCINDEXEDPOLYGONALFACE((16,9,12,15));
#14199=IFCINDEXEDPOLYGONALFACE((9,16,13,10));
#14200=IFCINDEXEDPOLYGONALFACE((15,12,11,14));
#14201=IFCINDEXEDPOLYGONALFACE((14,13,16,15));
#14202=IFCINDEXEDPOLYGONALFACE((4,1,2,3));
#14203=IFCPOLYGONALFACESET(#14188,.T.,(#14189,#14190,#14191,#14192,#14193,#14194,#14195,#14196,#14197,#14198,#14199,#14200,#14201,#14202),$);
#14204=IFCSHAPEREPRESENTATION(#11,'Body','Tessellation',(#14203));
#14205=IFCREPRESENTATIONMAP(#14181,#14204);
#14206=IFCCARTESIANPOINT((0.,0.,0.));
#14207=IFCDIRECTION((0.,0.,1.));
#14208=IFCDIRECTION((1.,0.,0.));
#14209=IFCAXIS2PLACEMENT3D(#14206,#14207,#14208);
#14211=IFCCARTESIANPOINT((0.,0.,0.));
#14212=IFCBOUNDINGBOX(#14211,0.89999997615814198,0.479999989271164,1.05546486377716);
#14213=IFCSHAPEREPRESENTATION(#13,'Box','BoundingBox',(#14212));
#14214=IFCREPRESENTATIONMAP(#14209,#14213);
#14215=IFCELECTRICAPPLIANCETYPE('0QtxzllJr9DAsbKMfUA$qe',$,'Faber 90cm W Electric Chimney',$,$,$,(#14205,#14214),'','ELECTRICCHIMNEY',.USERDEFINED.);
#14216=IFCSTYLEDITEM(#14203,(#10954),'Iron');
#14217=IFCPROPERTYSINGLEVALUE('Manufacturer',$,IFCLABEL('BOSCH'),$);
#14218=IFCPROPERTYSINGLEVALUE('ModelLabel',$,IFCLABEL('PIB375FB5I'),$);
#14219=IFCPROPERTYSET('36r7ziv_z1XvC4maGBzJr_',$,'Pset_ManufacturerTypeInformation',$,(#14217,#14218));
#14220=IFCCARTESIANPOINT((0.,0.,0.));
#14221=IFCDIRECTION((0.,0.,1.));
#14222=IFCDIRECTION((1.,0.,0.));
#14223=IFCAXIS2PLACEMENT3D(#14220,#14221,#14222);
#14230=IFCCARTESIANPOINTLIST3D(((0.017999999225139618,0.017999999225139618,0.),(0.28799998760223389,0.017999999225139618,0.),(0.017999999225139618,0.50900000333786011,0.),(0.28799998760223389,0.50900000333786011,0.),(0.,0.,0.0010000000474974513),(0.3059999942779541,0.,0.0010000000474974513),(0.,0.52700001001358032,0.0010000000474974513),(0.3059999942779541,0.52700001001358032,0.0010000000474974513),(0.,0.52700001001358032,0.),(0.,0.,0.),(0.3059999942779541,0.,0.),(0.3059999942779541,0.52700001001358032,0.),(0.017999999225139618,0.50900000333786011,-0.050999999046325684),(0.017999999225139618,0.017999999225139618,-0.050999999046325684),(0.28799998760223389,0.017999999225139618,-0.050999999046325684),(0.28799998760223389,0.50900000333786011,-0.050999999046325684)),$);
#14231=IFCINDEXEDPOLYGONALFACE((3,4,16,13));
#14232=IFCINDEXEDPOLYGONALFACE((5,6,8,7));
#14233=IFCINDEXEDPOLYGONALFACE((12,9,7,8));
#14234=IFCINDEXEDPOLYGONALFACE((10,11,6,5));
#14235=IFCINDEXEDPOLYGONALFACE((11,12,8,6));
#14236=IFCINDEXEDPOLYGONALFACE((9,10,5,7));
#14237=IFCINDEXEDPOLYGONALFACE((3,1,10,9));
#14238=IFCINDEXEDPOLYGONALFACE((1,2,11,10));
#14239=IFCINDEXEDPOLYGONALFACE((2,4,12,11));
#14240=IFCINDEXEDPOLYGONALFACE((4,3,9,12));
#14241=IFCINDEXEDPOLYGONALFACE((14,13,16,15));
#14242=IFCINDEXEDPOLYGONALFACE((2,1,14,15));
#14243=IFCINDEXEDPOLYGONALFACE((4,2,15,16));
#14244=IFCINDEXEDPOLYGONALFACE((1,3,13,14));
#14245=IFCPOLYGONALFACESET(#14230,$,(#14231,#14232,#14233,#14234,#14235,#14236,#14237,#14238,#14239,#14240,#14241,#14242,#14243,#14244),$);
#14246=IFCSHAPEREPRESENTATION(#11,'Body','Tessellation',(#14245));
#14247=IFCREPRESENTATIONMAP(#14223,#14246);
#14248=IFCELECTRICAPPLIANCETYPE('19SToPpyrDReYNUFWb8o13',$,'Induction_builtin',$,$,(#14219),(#14247),$,$,.ELECTRICCOOKER.);
#14249=IFCPROPERTYSINGLEVALUE('Manufacturer',$,IFCLABEL('BOSCH'),$);
#14250=IFCPROPERTYSINGLEVALUE('ModelLabel',$,IFCLABEL('SMV6HVX00I'),$);
#14251=IFCPROPERTYSET('0_slL43l18ZOU45iNOQOW7',$,'Pset_ManufacturerTypeInformation',$,(#14249,#14250));
#14252=IFCCARTESIANPOINT((0.,0.,0.));
#14253=IFCDIRECTION((0.,0.,1.));
#14254=IFCDIRECTION((1.,0.,0.));
#14255=IFCAXIS2PLACEMENT3D(#14252,#14253,#14254);
#14262=IFCCARTESIANPOINTLIST3D(((0.017533630132675171,0.11670735478401184,-0.81500005722045898),(0.0029408414848148823,0.11670739203691483,-0.81500005722045898),(-1.4901176959014606E-09,0.11990489810705185,-0.81500005722045898),(-1.4901176959014606E-09,0.52809542417526245,-0.81500005722045898),(0.0029408414848148823,0.53129291534423828,-0.81500005722045898),(0.017533630132675171,0.53129291534423828,-0.81500005722045898),(0.55000001192092896,0.11990480870008469,-0.81500005722045898),(0.54705917835235596,0.11670731008052826,-0.81500005722045898),(0.53246641159057617,0.11670731753110886,-0.81500005722045898),(0.53246641159057617,0.10319749265909195,-0.81500005722045898),(0.5295255184173584,0.099999986588954926,-0.81500011682510376),(0.020474474877119064,0.099999986588954926,-0.81500011682510376),(0.017533630132675171,0.10319749265909195,-0.81500005722045898),(0.017533630132675171,0.54480254650115967,-0.81500005722045898),(0.0029408414848148823,0.54480254650115967,-0.81500005722045898),(-1.4901176959014606E-09,0.5480000376701355,-0.81500005722045898),(0.55000001192092896,0.5480000376701355,-0.81500005722045898),(0.54705917835235596,0.54480254650115967,-0.81500005722045898),(0.53246641159057617,0.54480254650115967,-0.81500005722045898),(0.53246641159057617,0.53129291534423828,-0.81500005722045898),(0.54705917835235596,0.53129285573959351,-0.81500005722045898),(0.55000001192092896,0.52809536457061768,-0.81500005722045898),(-1.4901176959014606E-09,0.5480000376701355,-0.72500002384185791),(-1.4901176959014606E-09,0.10000001639127731,-0.81500005722045898),(-1.4901176959014606E-09,0.10000001639127731,-0.72500002384185791),(-1.4901176959014606E-09,1.1980532121924625E-08,-0.72500002384185791),(-1.4901176959014606E-09,1.1980532121924625E-08,0.),(-1.4901176959014606E-09,0.59799998998641968,0.),(-1.4901176959014606E-09,0.59799998998641968,-0.72500002384185791),(0.55000001192092896,0.59799998998641968,0.),(0.55000001192092896,1.1980532121924625E-08,0.),(0.55000001192092896,0.5480000376701355,-0.72500002384185791),(0.0029408421833068132,0.10319751501083374,-0.81500005722045898),(0.0029408414848148823,0.11670739203691483,-0.82999998331069946),(0.0029408421833068132,0.10319751501083374,-0.82999998331069946),(0.017533630132675171,0.53129291534423828,-0.82999998331069946),(0.017533630132675171,0.54480254650115967,-0.82999998331069946),(0.55000001192092896,0.59799998998641968,-0.72500002384185791),(0.55000001192092896,0.10000001639127731,-0.72500002384185791),(0.55000001192092896,0.10000001639127731,-0.81500005722045898),(0.54705917835235596,0.53129285573959351,-0.82999998331069946),(0.54705917835235596,0.54480254650115967,-0.82999998331069946),(0.54705917835235596,0.11670731008052826,-0.82999998331069946),(0.53246641159057617,0.11670731753110886,-0.82999998331069946),(0.55000001192092896,1.1980532121924625E-08,-0.72500002384185791),(0.54705917835235596,0.10319751501083374,-0.81500005722045898),(0.54705917835235596,0.10319751501083374,-0.82999998331069946),(0.53246641159057617,0.10319749265909195,-0.82999998331069946),(0.53246641159057617,0.54480254650115967,-0.82999998331069946),(0.53246641159057617,0.53129291534423828,-0.82999998331069946),(0.0029408414848148823,0.54480254650115967,-0.82999998331069946),(0.0029408414848148823,0.53129291534423828,-0.82999998331069946),(0.017533630132675171,0.11670735478401184,-0.82999998331069946),(0.017533630132675171,0.10319749265909195,-0.82999998331069946)),$);
#14263=IFCINDEXEDPOLYGONALFACE((9,7,8));
#14264=IFCINDEXEDPOLYGONALFACE((11,9,10));
#14265=IFCINDEXEDPOLYGONALFACE((6,7,9));
#14266=IFCINDEXEDPOLYGONALFACE((4,5,6));
#14267=IFCINDEXEDPOLYGONALFACE((1,9,11));
#14268=IFCINDEXEDPOLYGONALFACE((1,6,9));
#14269=IFCINDEXEDPOLYGONALFACE((12,13,1));
#14270=IFCINDEXEDPOLYGONALFACE((12,1,11));
#14271=IFCINDEXEDPOLYGONALFACE((3,4,6));
#14272=IFCINDEXEDPOLYGONALFACE((3,6,1));
#14273=IFCINDEXEDPOLYGONALFACE((2,3,1));
#14274=IFCINDEXEDPOLYGONALFACE((20,21,22));
#14275=IFCINDEXEDPOLYGONALFACE((20,22,7));
#14276=IFCINDEXEDPOLYGONALFACE((19,17,18));
#14277=IFCINDEXEDPOLYGONALFACE((6,20,7));
#14278=IFCINDEXEDPOLYGONALFACE((14,19,20));
#14279=IFCINDEXEDPOLYGONALFACE((14,20,6));
#14280=IFCINDEXEDPOLYGONALFACE((15,5,4));
#14281=IFCINDEXEDPOLYGONALFACE((16,14,15));
#14282=IFCINDEXEDPOLYGONALFACE((16,15,4));
#14283=IFCINDEXEDPOLYGONALFACE((16,17,19));
#14284=IFCINDEXEDPOLYGONALFACE((16,19,14));
#14285=IFCINDEXEDPOLYGONALFACE((23,28,29));
#14286=IFCINDEXEDPOLYGONALFACE((4,23,16));
#14287=IFCINDEXEDPOLYGONALFACE((25,27,28));
#14288=IFCINDEXEDPOLYGONALFACE((25,28,23));
#14289=IFCINDEXEDPOLYGONALFACE((3,23,4));
#14290=IFCINDEXEDPOLYGONALFACE((3,25,23));
#14291=IFCINDEXEDPOLYGONALFACE((24,25,3));
#14292=IFCINDEXEDPOLYGONALFACE((26,27,25));
#14293=IFCINDEXEDPOLYGONALFACE((30,28,27));
#14294=IFCINDEXEDPOLYGONALFACE((30,27,31));
#14295=IFCINDEXEDPOLYGONALFACE((32,17,16));
#14296=IFCINDEXEDPOLYGONALFACE((32,16,23));
#14297=IFCINDEXEDPOLYGONALFACE((33,2,34));
#14298=IFCINDEXEDPOLYGONALFACE((33,34,35));
#14299=IFCINDEXEDPOLYGONALFACE((6,36,37));
#14300=IFCINDEXEDPOLYGONALFACE((6,37,14));
#14301=IFCINDEXEDPOLYGONALFACE((30,38,29));
#14302=IFCINDEXEDPOLYGONALFACE((30,29,28));
#14303=IFCINDEXEDPOLYGONALFACE((12,25,24));
#14304=IFCINDEXEDPOLYGONALFACE((11,39,25));
#14305=IFCINDEXEDPOLYGONALFACE((11,25,12));
#14306=IFCINDEXEDPOLYGONALFACE((40,39,11));
#14307=IFCINDEXEDPOLYGONALFACE((21,41,42));
#14308=IFCINDEXEDPOLYGONALFACE((21,42,18));
#14309=IFCINDEXEDPOLYGONALFACE((24,2,33));
#14310=IFCINDEXEDPOLYGONALFACE((24,33,13));
#14311=IFCINDEXEDPOLYGONALFACE((24,13,12));
#14312=IFCINDEXEDPOLYGONALFACE((24,3,2));
#14313=IFCINDEXEDPOLYGONALFACE((43,9,8));
#14314=IFCINDEXEDPOLYGONALFACE((43,44,9));
#14315=IFCINDEXEDPOLYGONALFACE((29,38,32));
#14316=IFCINDEXEDPOLYGONALFACE((29,32,23));
#14317=IFCINDEXEDPOLYGONALFACE((45,31,27));
#14318=IFCINDEXEDPOLYGONALFACE((45,27,26));
#14319=IFCINDEXEDPOLYGONALFACE((25,45,26));
#14320=IFCINDEXEDPOLYGONALFACE((25,39,45));
#14321=IFCINDEXEDPOLYGONALFACE((32,22,17));
#14322=IFCINDEXEDPOLYGONALFACE((7,22,32));
#14323=IFCINDEXEDPOLYGONALFACE((39,40,7));
#14324=IFCINDEXEDPOLYGONALFACE((39,7,32));
#14325=IFCINDEXEDPOLYGONALFACE((30,32,38));
#14326=IFCINDEXEDPOLYGONALFACE((30,39,32));
#14327=IFCINDEXEDPOLYGONALFACE((31,45,39));
#14328=IFCINDEXEDPOLYGONALFACE((31,39,30));
#14329=IFCINDEXEDPOLYGONALFACE((17,21,18));
#14330=IFCINDEXEDPOLYGONALFACE((17,22,21));
#14331=IFCINDEXEDPOLYGONALFACE((40,46,8));
#14332=IFCINDEXEDPOLYGONALFACE((40,8,7));
#14333=IFCINDEXEDPOLYGONALFACE((10,46,40));
#14334=IFCINDEXEDPOLYGONALFACE((11,10,40));
#14335=IFCINDEXEDPOLYGONALFACE((44,43,47));
#14336=IFCINDEXEDPOLYGONALFACE((44,47,48));
#14337=IFCINDEXEDPOLYGONALFACE((50,42,41));
#14338=IFCINDEXEDPOLYGONALFACE((49,42,50));
#14339=IFCINDEXEDPOLYGONALFACE((51,37,36));
#14340=IFCINDEXEDPOLYGONALFACE((51,36,52));
#14341=IFCINDEXEDPOLYGONALFACE((35,53,54));
#14342=IFCINDEXEDPOLYGONALFACE((34,53,35));
#14343=IFCINDEXEDPOLYGONALFACE((50,20,19));
#14344=IFCINDEXEDPOLYGONALFACE((50,19,49));
#14345=IFCINDEXEDPOLYGONALFACE((36,6,5));
#14346=IFCINDEXEDPOLYGONALFACE((36,5,52));
#14347=IFCINDEXEDPOLYGONALFACE((13,54,53));
#14348=IFCINDEXEDPOLYGONALFACE((13,53,1));
#14349=IFCINDEXEDPOLYGONALFACE((53,2,1));
#14350=IFCINDEXEDPOLYGONALFACE((53,34,2));
#14351=IFCINDEXEDPOLYGONALFACE((18,42,49));
#14352=IFCINDEXEDPOLYGONALFACE((18,49,19));
#14353=IFCINDEXEDPOLYGONALFACE((48,10,9));
#14354=IFCINDEXEDPOLYGONALFACE((48,9,44));
#14355=IFCINDEXEDPOLYGONALFACE((14,37,51));
#14356=IFCINDEXEDPOLYGONALFACE((14,51,15));
#14357=IFCINDEXEDPOLYGONALFACE((46,47,43));
#14358=IFCINDEXEDPOLYGONALFACE((46,43,8));
#14359=IFCINDEXEDPOLYGONALFACE((48,46,10));
#14360=IFCINDEXEDPOLYGONALFACE((48,47,46));
#14361=IFCINDEXEDPOLYGONALFACE((52,5,15));
#14362=IFCINDEXEDPOLYGONALFACE((52,15,51));
#14363=IFCINDEXEDPOLYGONALFACE((50,21,20));
#14364=IFCINDEXEDPOLYGONALFACE((50,41,21));
#14365=IFCINDEXEDPOLYGONALFACE((35,13,33));
#14366=IFCINDEXEDPOLYGONALFACE((35,54,13));
#14367=IFCPOLYGONALFACESET(#14262,$,(#14263,#14264,#14265,#14266,#14267,#14268,#14269,#14270,#14271,#14272,#14273,#14274,#14275,#14276,#14277,#14278,#14279,#14280,#14281,#14282,#14283,#14284,#14285,#14286,#14287,#14288,#14289,#14290,#14291,#14292,#14293,#14294,#14295,#14296,#14297,#14298,#14299,#14300,#14301,#14302,#14303,#14304,#14305,#14306,#14307,#14308,#14309,#14310,#14311,#14312,#14313,#14314,#14315,#14316,#14317,#14318,#14319,#14320,#14321,#14322,#14323,#14324,#14325,#14326,#14327,#14328,#14329,#14330,#14331,#14332,#14333,#14334,#14335,#14336,#14337,#14338,#14339,#14340,#14341,#14342,#14343,#14344,#14345,#14346,#14347,#14348,#14349,#14350,#14351,#14352,#14353,#14354,#14355,#14356,#14357,#14358,#14359,#14360,#14361,#14362,#14363,#14364,#14365,#14366),$);
#14368=IFCCARTESIANPOINTLIST3D(((-1.8264008971868861E-08,0.46715614199638367,-0.66705739498138428),(-1.8452199768148603E-08,0.46551719307899475,-0.65938907861709595),(-1.7294315313165498E-08,0.46551719307899475,-0.67472571134567261),(-0.071867771446704865,0.46715611219406128,-0.66705739498138428),(-0.071867771446704865,0.46551719307899475,-0.65938907861709595),(-0.071867763996124268,0.46551719307899475,-0.67472571134567261),(-0.071867763996124268,0.46088379621505737,-0.68106812238693237),(-0.071867763996124268,0.45405706763267517,-0.68498790264129639),(-1.5710789114109502E-08,0.46088379621505737,-0.68106812238693237),(-1.3787232688855511E-08,0.45405706763267517,-0.68498790264129639),(-1.1856250203834406E-08,0.44621744751930237,-0.68580740690231323),(-1.0251724802401441E-08,0.43872043490409851,-0.68338483572006226),(-0.071867763996124268,0.44621741771697998,-0.68580740690231323),(-0.071867763996124268,0.43872043490409851,-0.68338483572006226),(-0.071867756545543671,0.43286234140396118,-0.6781390905380249),(-0.071867756545543671,0.42965611815452576,-0.67097723484039307),(-9.2510932248046629E-09,0.43286237120628357,-0.6781390905380249),(-9.0273735153800772E-09,0.42965611815452576,-0.67097723484039307),(-9.6192493970193027E-09,0.42965611815452576,-0.66313755512237549),(-1.0924380511312393E-08,0.43286237120628357,-0.65597569942474365),(-0.071867756545543671,0.42965611815452576,-0.66313755512237549),(-0.071867763996124268,0.43286234140396118,-0.65597569942474365),(-0.071867763996124268,0.43872043490409851,-0.6507299542427063),(-0.071867763996124268,0.44621741771697998,-0.64830738306045532),(-1.27170967090251E-08,0.43872043490409851,-0.6507299542427063),(-1.4687421945325241E-08,0.44621744751930237,-0.64830738306045532),(-1.6494668741984242E-08,0.45405706763267517,-0.64912688732147217),(-1.7826348397420588E-08,0.46088379621505737,-0.65304666757583618),(-0.071867763996124268,0.45405706763267517,-0.64912688732147217),(-0.071867771446704865,0.46088379621505737,-0.65304666757583618)),$);
#14369=IFCINDEXEDPOLYGONALFACE((1,2,5,4));
#14370=IFCINDEXEDPOLYGONALFACE((2,1,3,9,10,11,12,17,18,19,20,25,26,27,28));
#14371=IFCINDEXEDPOLYGONALFACE((3,1,4,6));
#14372=IFCINDEXEDPOLYGONALFACE((5,30,29,24,23,22,21,16,15,14,13,8,7,6,4));
#14373=IFCINDEXEDPOLYGONALFACE((9,3,6,7));
#14374=IFCINDEXEDPOLYGONALFACE((10,9,7,8));
#14375=IFCINDEXEDPOLYGONALFACE((11,10,8,13));
#14376=IFCINDEXEDPOLYGONALFACE((12,11,13,14));
#14377=IFCINDEXEDPOLYGONALFACE((17,12,14,15));
#14378=IFCINDEXEDPOLYGONALFACE((18,17,15,16));
#14379=IFCINDEXEDPOLYGONALFACE((19,18,16,21));
#14380=IFCINDEXEDPOLYGONALFACE((20,19,21,22));
#14381=IFCINDEXEDPOLYGONALFACE((25,20,22,23));
#14382=IFCINDEXEDPOLYGONALFACE((26,25,23,24));
#14383=IFCINDEXEDPOLYGONALFACE((27,26,24,29));
#14384=IFCINDEXEDPOLYGONALFACE((28,27,29,30));
#14385=IFCINDEXEDPOLYGONALFACE((2,28,30,5));
#14386=IFCPOLYGONALFACESET(#14368,$,(#14369,#14370,#14371,#14372,#14373,#14374,#14375,#14376,#14377,#14378,#14379,#14380,#14381,#14382,#14383,#14384,#14385),$);
#14387=IFCCARTESIANPOINTLIST3D(((-1.6757430998382006E-08,0.46083709597587585,-0.75393348932266235),(-1.6882891529235167E-08,0.45974448323249817,-0.74882125854492188),(-1.611096855924643E-08,0.45974448323249817,-0.75904572010040283),(-0.071867763996124268,0.46083706617355347,-0.75393348932266235),(-0.071867763996124268,0.45974445343017578,-0.74882125854492188),(-0.071867763996124268,0.45974445343017578,-0.75904572010040283),(-0.071867763996124268,0.45665553212165833,-0.76327395439147949),(-0.071867763996124268,0.4521043598651886,-0.76588720083236694),(-1.505528501866138E-08,0.45665553212165833,-0.76327395439147949),(-1.3772914364551525E-08,0.45210438966751099,-0.76588720083236694),(-1.2485593003930262E-08,0.44687795639038086,-0.7664334774017334),(-1.1415909106915478E-08,0.44187995791435242,-0.76481842994689941),(-0.071867763996124268,0.44687795639038086,-0.7664334774017334),(-0.071867763996124268,0.44187995791435242,-0.76481842994689941),(-0.071867763996124268,0.43797457218170166,-0.7613213062286377),(-0.071867763996124268,0.43583706021308899,-0.75654667615890503),(-1.0748820500339207E-08,0.43797457218170166,-0.76132124662399292),(-1.0599674915567903E-08,0.43583709001541138,-0.75654667615890503),(-1.099425883666072E-08,0.43583709001541138,-0.75132030248641968),(-1.1864345950129973E-08,0.43797457218170166,-0.74654573202133179),(-0.071867763996124268,0.43583706021308899,-0.75132030248641968),(-0.071867763996124268,0.43797457218170166,-0.74654573202133179),(-0.071867763996124268,0.44187995791435242,-0.74304854869842529),(-0.071867763996124268,0.44687795639038086,-0.74143350124359131),(-1.3059490377997918E-08,0.44187995791435242,-0.74304854869842529),(-1.4373040535531345E-08,0.44687795639038086,-0.74143350124359131),(-1.5577871437244539E-08,0.45210438966751099,-0.74197977781295776),(-1.6465657282083157E-08,0.45665553212165833,-0.74459302425384521),(-0.071867763996124268,0.4521043598651886,-0.74197977781295776),(-0.071867763996124268,0.45665553212165833,-0.74459302425384521)),$);
#14388=IFCINDEXEDPOLYGONALFACE((1,2,5,4));
#14389=IFCINDEXEDPOLYGONALFACE((2,1,3,9,10,11,12,17,18,19,20,25,26,27,28));
#14390=IFCINDEXEDPOLYGONALFACE((3,1,4,6));
#14391=IFCINDEXEDPOLYGONALFACE((5,30,29,24,23,22,21,16,15,14,13,8,7,6,4));
#14392=IFCINDEXEDPOLYGONALFACE((9,3,6,7));
#14393=IFCINDEXEDPOLYGONALFACE((10,9,7,8));
#14394=IFCINDEXEDPOLYGONALFACE((11,10,8,13));
#14395=IFCINDEXEDPOLYGONALFACE((12,11,13,14));
#14396=IFCINDEXEDPOLYGONALFACE((17,12,14,15));
#14397=IFCINDEXEDPOLYGONALFACE((18,17,15,16));
#14398=IFCINDEXEDPOLYGONALFACE((19,18,16,21));
#14399=IFCINDEXEDPOLYGONALFACE((20,19,21,22));
#14400=IFCINDEXEDPOLYGONALFACE((25,20,22,23));
#14401=IFCINDEXEDPOLYGONALFACE((26,25,23,24));
#14402=IFCINDEXEDPOLYGONALFACE((27,26,24,29));
#14403=IFCINDEXEDPOLYGONALFACE((28,27,29,30));
#14404=IFCINDEXEDPOLYGONALFACE((2,28,30,5));
#14405=IFCPOLYGONALFACESET(#14387,$,(#14388,#14389,#14390,#14391,#14392,#14393,#14394,#14395,#14396,#14397,#14398,#14399,#14400,#14401,#14402,#14403,#14404),$);
#14406=IFCSHAPEREPRESENTATION(#11,'Body','Tessellation',(#14367,#14386,#14405));
#14407=IFCREPRESENTATIONMAP(#14255,#14406);
#14408=IFCELECTRICAPPLIANCETYPE('3K_nKMCRX0ivb1mJEPYEBS',$,'Builtin_Dishwasher',$,$,(#14251),(#14407),$,$,.DISHWASHER.);
#14409=IFCCARTESIANPOINT((0.,0.,0.));
#14410=IFCDIRECTION((0.,0.,1.));
#14411=IFCDIRECTION((1.,0.,0.));
#14412=IFCAXIS2PLACEMENT3D(#14409,#14410,#14411);
#14419=IFCCARTESIANPOINTLIST3D(((0.079266563057899503,-0.0042665638029575296,-0.28487756848335299),(0.079266563057899503,-0.0042665638029575296,-0.307252287864685),(0.070780128240585299,-0.0359383411705494,-0.28487756848335299),(0.070780128240585299,-0.0359383411705494,-0.307252287864685),(0.467030018568039,-0.10259504616260499,-0.29236364364624001),(0.467030018568039,-0.10259504616260499,-0.29976621270179699),(0.45575737953186002,-0.144665211439133,-0.29236364364624001),(0.45575737953186002,-0.144665211439133,-0.29976621270179699),(0.18137893080711401,0.012321628630161299,-0.30529105663299599),(0.15091791749000499,-0.101360380649567,-0.30529105663299599),(0.15091791749000499,-0.101360380649567,-0.286838889122009),(0.18137893080711401,0.012321628630161299,-0.286838889122009)),$);
#14420=IFCINDEXEDPOLYGONALFACE((10,9,6,8));
#14421=IFCINDEXEDPOLYGONALFACE((6,5,7,8));
#14422=IFCINDEXEDPOLYGONALFACE((11,10,8,7));
#14423=IFCINDEXEDPOLYGONALFACE((9,12,5,6));
#14424=IFCINDEXEDPOLYGONALFACE((12,11,7,5));
#14425=IFCINDEXEDPOLYGONALFACE((1,3,11,12));
#14426=IFCINDEXEDPOLYGONALFACE((2,1,12,9));
#14427=IFCINDEXEDPOLYGONALFACE((3,4,10,11));
#14428=IFCINDEXEDPOLYGONALFACE((4,2,9,10));
#14429=IFCPOLYGONALFACESET(#14419,$,(#14420,#14421,#14422,#14423,#14424,#14425,#14426,#14427,#14428),$);
#14430=IFCCARTESIANPOINTLIST3D(((0.0153549760580063,0.0038040350191295099,-0.249999985098839),(0.0130373071879148,0.012453692033886901,-0.249999985098839),(0.0153549760580063,-0.0038040326908230799,-0.249999985098839),(0.075000010430812794,0.0116564445197582,-0.26785212755203203),(0.0153549760580063,0.0038040350191295099,-0.073406957089900998),(0.0130373071879148,0.012453692033886901,-0.073406957089900998),(0.0153549760580063,-0.0038040326908230799,-0.073406957089900998),(0.075251109898090404,0.018642667680978799,2.1965480101471301E-08),(0.063892759382724804,0.061032596975564998,2.1965480101471301E-08),(0.075251109898090404,-0.018642671406269101,2.1965480101471301E-08),(0.063892729580402402,-0.061032567173242597,2.1965480101471301E-08),(0.061032596975564998,-0.063892759382724804,2.1965480101471301E-08),(0.013037301599979401,-0.0124536864459515,-0.073406957089900998),(0.0124536901712418,-0.0130373062565923,-0.073406957089900998),(0.013037301599979401,-0.0124536864459515,-0.249999985098839),(0.0124536901712418,-0.0130373062565923,-0.249999985098839),(0.066513575613498702,-0.043328225612640402,-0.26785212755203203),(0.043328225612640402,-0.066513583064079299,-0.26785212755203203),(0.066513575613498702,-0.043328225612640402,-0.28487756848335299),(0.075000002980232197,-0.0116564501076937,-0.26785212755203203),(0.075000002980232197,-0.0116564501076937,-0.28487756848335299),(0.075000002980232197,-0.0116564501076937,-0.307252287864685),(0.075000010430812794,0.0116564445197582,-0.28487756848335299),(0.075000010430812794,0.0116564445197582,-0.307252287864685),(0.066513583064079299,0.043328225612640402,-0.28487756848335299),(0.066513583064079299,0.043328225612640402,-0.26785212755203203),(0.066513583064079299,0.043328225612640402,-0.307252287864685),(0.043328225612640402,0.066513575613498702,-0.28487756848335299),(0.043328225612640402,0.066513575613498702,-0.26785212755203203),(0.043328225612640402,0.066513575613498702,-0.307252287864685),(0.0116564501076937,0.075000002980232197,-0.28487756848335299),(0.0116564501076937,0.075000002980232197,-0.26785212755203203),(0.0116564501076937,0.075000002980232197,-0.307252287864685),(-0.0116564445197582,0.075000002980232197,-0.28487756848335299),(-0.0116564445197582,0.075000002980232197,-0.26785212755203203),(-0.0116564445197582,0.075000002980232197,-0.307252287864685),(-0.043328225612640402,0.066513583064079299,-0.28487756848335299),(-0.043328225612640402,0.066513583064079299,-0.26785212755203203),(-0.043328225612640402,0.066513583064079299,-0.307252287864685),(-0.066513575613498702,0.043328225612640402,-0.28487756848335299),(-0.066513575613498702,0.043328225612640402,-0.26785212755203203),(-0.066513575613498702,0.043328225612640402,-0.307252287864685),(-0.075000002980232197,0.011656451970338801,-0.28487756848335299),(-0.075000002980232197,0.011656451970338801,-0.26785212755203203),(-0.075000002980232197,0.011656451970338801,-0.307252287864685),(-0.075000002980232197,-0.0116564445197582,-0.28487756848335299),(-0.075000002980232197,-0.0116564445197582,-0.26785212755203203),(-0.075000002980232197,-0.0116564445197582,-0.307252287864685),(-0.066513583064079299,-0.043328225612640402,-0.28487756848335299),(-0.066513583064079299,-0.043328225612640402,-0.26785212755203203),(-0.066513583064079299,-0.043328225612640402,-0.307252287864685),(-0.043328225612640402,-0.066513575613498702,-0.28487756848335299),(-0.16323961317539201,-0.080018572509288802,-0.286838889122009),(-0.35316240787506098,-0.32236486673355103,-0.29236364364624001),(-0.0800186097621918,-0.16323959827423101,-0.286838889122009),(-0.16323961317539201,-0.080018572509288802,-0.30529105663299599),(-0.35316240787506098,-0.32236486673355103,-0.29976621270179699),(-0.0800186097621918,-0.16323959827423101,-0.30529105663299599),(-0.32236489653587302,-0.35316237807273898,-0.29976621270179699),(-0.043328225612640402,-0.066513575613498702,-0.307252287864685),(-0.043328225612640402,-0.066513575613498702,-0.322774797677994),(-0.0116564501076937,-0.075000002980232197,-0.307252287864685),(-0.0116564501076937,-0.075000002980232197,-0.322774797677994),(-0.0116564501076937,-0.075000002980232197,-0.28487756848335299),(0.0116564445197582,-0.075000002980232197,-0.307252287864685),(0.0116564445197582,-0.075000002980232197,-0.322774797677994),(0.0116564445197582,-0.075000002980232197,-0.28487756848335299),(0.043328225612640402,-0.066513583064079299,-0.307252287864685),(0.043328225612640402,-0.066513583064079299,-0.322774797677994),(0.043328225612640402,-0.066513583064079299,-0.28487756848335299),(0.066513575613498702,-0.043328225612640402,-0.307252287864685),(0.066513575613498702,-0.043328225612640402,-0.322774797677994),(0.075000002980232197,-0.0116564501076937,-0.322774797677994),(0.044499576091766399,-0.030618447810411498,-0.33416011929512002),(0.030618436634540599,-0.044499583542347003,-0.33416011929512002),(0.050446581095457098,-0.0084239318966865505,-0.33416011929512002),(0.050446584820747403,0.0084239281713962607,-0.33416011929512002),(0.044499583542347003,0.030618436634540599,-0.33416011929512002),(0.075000010430812794,0.0116564445197582,-0.322774797677994),(0.066513583064079299,0.043328225612640402,-0.322774797677994),(0.043328225612640402,0.066513575613498702,-0.322774797677994),(0.0116564501076937,0.075000002980232197,-0.322774797677994),(0.030618447810411498,0.044499576091766399,-0.33416011929512002),(0.0084239318966865505,0.050446581095457098,-0.33416011929512002),(-0.0084239263087511097,0.050446577370166799,-0.33416011929512002),(-0.030618436634540599,0.044499583542347003,-0.33416011929512002),(-0.0116564445197582,0.075000002980232197,-0.322774797677994),(-0.043328225612640402,0.066513583064079299,-0.322774797677994),(-0.066513575613498702,0.043328225612640402,-0.322774797677994),(-0.075000002980232197,0.011656451970338801,-0.322774797677994),(-0.044499576091766399,0.030618447810411498,-0.33416011929512002),(-0.050446577370166799,0.0084239356219768507,-0.33416011929512002),(-0.050446577370166799,-0.0084239244461059605,-0.33416011929512002),(-0.044499579817056698,-0.030618436634540599,-0.33416011929512002),(-0.075000002980232197,-0.0116564445197582,-0.322774797677994),(-0.066513583064079299,-0.043328225612640402,-0.322774797677994),(-0.0306184440851212,-0.044499583542347003,-0.33416011929512002),(-0.0084239318966865505,-0.050446581095457098,-0.33416011929512002),(0.0084239244461059605,-0.050446577370166799,-0.33416011929512002),(0.0116564445197582,-0.075000002980232197,-0.26785212755203203),(-0.0116564501076937,-0.075000002980232197,-0.26785212755203203),(0.0038040331564843698,-0.0153549760580063,-0.249999985098839),(-0.0038040350191295099,-0.015354974195361099,-0.249999985098839),(0.0038040331564843698,-0.0153549760580063,-0.073406957089900998),(-0.0038040350191295099,-0.015354974195361099,-0.073406957089900998),(0.0186426695436239,-0.075251109898090404,2.1965480101471301E-08),(-0.018642671406269101,-0.075251109898090404,2.1965480101471301E-08),(-0.061032600700855297,-0.063892751932144207,2.1965480101471301E-08),(-0.063892737030982999,-0.061032563447952298,2.1965480101471301E-08),(-0.012453692033886901,-0.013037305325269701,-0.073406957089900998),(-0.0130373034626245,-0.0124536845833063,-0.073406957089900998),(-0.012453692033886901,-0.013037305325269701,-0.249999985098839),(-0.0130373034626245,-0.0124536845833063,-0.249999985098839),(-0.043328225612640402,-0.066513575613498702,-0.26785212755203203),(-0.0153549760580063,-0.00380403222516179,-0.249999985098839),(-0.0153549760580063,0.0038040350191295099,-0.249999985098839),(-0.0153549760580063,-0.00380403222516179,-0.073406957089900998),(-0.0153549760580063,0.0038040350191295099,-0.073406957089900998),(-0.075251109898090404,-0.018642667680978799,2.1965480101471301E-08),(-0.075251109898090404,0.018642671406269101,2.1965480101471301E-08),(-0.063892729580402402,0.061032567173242597,2.1965480101471301E-08),(-0.061032596975564998,0.063892759382724804,2.1965480101471301E-08),(-0.013037301599979401,0.012453688308596601,-0.073406957089900998),(-0.012453692033886901,0.013037309050559999,-0.073406957089900998),(-0.013037301599979401,0.012453688308596601,-0.249999985098839),(-0.012453692033886901,0.013037309050559999,-0.249999985098839),(-0.00380403455346823,0.015354977920651399,-0.249999985098839),(0.0038040340878069401,0.015354976989328899,-0.249999985098839),(-0.00380403455346823,0.015354977920651399,-0.073406957089900998),(0.0038040340878069401,0.015354976989328899,-0.073406957089900998),(-0.018642665818333602,0.075251109898090404,2.1965480101471301E-08),(0.018642678856849702,0.075251102447509793,2.1965480101471301E-08),(0.061032567173242597,0.063892729580402402,2.1965480101471301E-08),(0.0124536864459515,0.0130373034626245,-0.073406957089900998),(0.0124536864459515,0.0130373034626245,-0.249999985098839),(-0.32236489653587302,-0.35316237807273898,-0.29236364364624001)),$);
#14431=IFCINDEXEDPOLYGONALFACE((1,2,6,5));
#14432=IFCINDEXEDPOLYGONALFACE((2,1,4,26));
#14433=IFCINDEXEDPOLYGONALFACE((3,1,5,7));
#14434=IFCINDEXEDPOLYGONALFACE((1,3,20,4));
#14435=IFCINDEXEDPOLYGONALFACE((5,6,9,8));
#14436=IFCINDEXEDPOLYGONALFACE((7,5,8,10));
#14437=IFCINDEXEDPOLYGONALFACE((8,9,133,132,131,122,121,120,119,109,108,107,106,12,11,10));
#14438=IFCINDEXEDPOLYGONALFACE((13,7,10,11));
#14439=IFCINDEXEDPOLYGONALFACE((14,13,11,12));
#14440=IFCINDEXEDPOLYGONALFACE((16,15,13,14));
#14441=IFCINDEXEDPOLYGONALFACE((15,3,7,13));
#14442=IFCINDEXEDPOLYGONALFACE((15,16,18,17));
#14443=IFCINDEXEDPOLYGONALFACE((3,15,17,20));
#14444=IFCINDEXEDPOLYGONALFACE((18,70,19,17));
#14445=IFCINDEXEDPOLYGONALFACE((17,19,21,20));
#14446=IFCINDEXEDPOLYGONALFACE((23,4,20,21));
#14447=IFCINDEXEDPOLYGONALFACE((24,23,21,22));
#14448=IFCINDEXEDPOLYGONALFACE((19,71,22,21));
#14449=IFCINDEXEDPOLYGONALFACE((4,23,25,26));
#14450=IFCINDEXEDPOLYGONALFACE((23,24,27,25));
#14451=IFCINDEXEDPOLYGONALFACE((26,25,28,29));
#14452=IFCINDEXEDPOLYGONALFACE((25,27,30,28));
#14453=IFCINDEXEDPOLYGONALFACE((29,28,31,32));
#14454=IFCINDEXEDPOLYGONALFACE((28,30,33,31));
#14455=IFCINDEXEDPOLYGONALFACE((34,35,32,31));
#14456=IFCINDEXEDPOLYGONALFACE((36,34,31,33));
#14457=IFCINDEXEDPOLYGONALFACE((35,34,37,38));
#14458=IFCINDEXEDPOLYGONALFACE((34,36,39,37));
#14459=IFCINDEXEDPOLYGONALFACE((38,37,40,41));
#14460=IFCINDEXEDPOLYGONALFACE((37,39,42,40));
#14461=IFCINDEXEDPOLYGONALFACE((41,40,43,44));
#14462=IFCINDEXEDPOLYGONALFACE((40,42,45,43));
#14463=IFCINDEXEDPOLYGONALFACE((46,47,44,43));
#14464=IFCINDEXEDPOLYGONALFACE((48,46,43,45));
#14465=IFCINDEXEDPOLYGONALFACE((49,50,47,46));
#14466=IFCINDEXEDPOLYGONALFACE((51,49,46,48));
#14467=IFCINDEXEDPOLYGONALFACE((52,114,50,49));
#14468=IFCINDEXEDPOLYGONALFACE((49,51,56,53));
#14469=IFCINDEXEDPOLYGONALFACE((52,49,53,55));
#14470=IFCINDEXEDPOLYGONALFACE((55,53,54,136));
#14471=IFCINDEXEDPOLYGONALFACE((53,56,57,54));
#14472=IFCINDEXEDPOLYGONALFACE((51,60,58,56));
#14473=IFCINDEXEDPOLYGONALFACE((56,58,59,57));
#14474=IFCINDEXEDPOLYGONALFACE((58,55,136,59));
#14475=IFCINDEXEDPOLYGONALFACE((60,52,55,58));
#14476=IFCINDEXEDPOLYGONALFACE((63,62,60,61));
#14477=IFCINDEXEDPOLYGONALFACE((61,60,51,96));
#14478=IFCINDEXEDPOLYGONALFACE((62,64,52,60));
#14479=IFCINDEXEDPOLYGONALFACE((66,65,62,63));
#14480=IFCINDEXEDPOLYGONALFACE((65,67,64,62));
#14481=IFCINDEXEDPOLYGONALFACE((65,66,69,68));
#14482=IFCINDEXEDPOLYGONALFACE((67,65,68,70));
#14483=IFCINDEXEDPOLYGONALFACE((68,69,72,71));
#14484=IFCINDEXEDPOLYGONALFACE((70,68,71,19));
#14485=IFCINDEXEDPOLYGONALFACE((71,72,73,22));
#14486=IFCINDEXEDPOLYGONALFACE((75,74,72,69));
#14487=IFCINDEXEDPOLYGONALFACE((74,76,73,72));
#14488=IFCINDEXEDPOLYGONALFACE((92,91,86,85,84,83,78,77,76,74,75,99,98,97,94,93));
#14489=IFCINDEXEDPOLYGONALFACE((76,77,79,73));
#14490=IFCINDEXEDPOLYGONALFACE((77,78,80,79));
#14491=IFCINDEXEDPOLYGONALFACE((79,24,22,73));
#14492=IFCINDEXEDPOLYGONALFACE((24,79,80,27));
#14493=IFCINDEXEDPOLYGONALFACE((78,83,81,80));
#14494=IFCINDEXEDPOLYGONALFACE((27,80,81,30));
#14495=IFCINDEXEDPOLYGONALFACE((83,84,82,81));
#14496=IFCINDEXEDPOLYGONALFACE((30,81,82,33));
#14497=IFCINDEXEDPOLYGONALFACE((84,85,87,82));
#14498=IFCINDEXEDPOLYGONALFACE((85,86,88,87));
#14499=IFCINDEXEDPOLYGONALFACE((87,36,33,82));
#14500=IFCINDEXEDPOLYGONALFACE((36,87,88,39));
#14501=IFCINDEXEDPOLYGONALFACE((86,91,89,88));
#14502=IFCINDEXEDPOLYGONALFACE((39,88,89,42));
#14503=IFCINDEXEDPOLYGONALFACE((91,92,90,89));
#14504=IFCINDEXEDPOLYGONALFACE((42,89,90,45));
#14505=IFCINDEXEDPOLYGONALFACE((92,93,95,90));
#14506=IFCINDEXEDPOLYGONALFACE((93,94,96,95));
#14507=IFCINDEXEDPOLYGONALFACE((96,51,48,95));
#14508=IFCINDEXEDPOLYGONALFACE((95,48,45,90));
#14509=IFCINDEXEDPOLYGONALFACE((94,97,61,96));
#14510=IFCINDEXEDPOLYGONALFACE((97,98,63,61));
#14511=IFCINDEXEDPOLYGONALFACE((98,99,66,63));
#14512=IFCINDEXEDPOLYGONALFACE((99,75,69,66));
#14513=IFCINDEXEDPOLYGONALFACE((100,67,70,18));
#14514=IFCINDEXEDPOLYGONALFACE((67,100,101,64));
#14515=IFCINDEXEDPOLYGONALFACE((16,102,100,18));
#14516=IFCINDEXEDPOLYGONALFACE((102,103,101,100));
#14517=IFCINDEXEDPOLYGONALFACE((102,16,14,104));
#14518=IFCINDEXEDPOLYGONALFACE((103,102,104,105));
#14519=IFCINDEXEDPOLYGONALFACE((104,14,12,106));
#14520=IFCINDEXEDPOLYGONALFACE((105,104,106,107));
#14521=IFCINDEXEDPOLYGONALFACE((110,105,107,108));
#14522=IFCINDEXEDPOLYGONALFACE((111,110,108,109));
#14523=IFCINDEXEDPOLYGONALFACE((112,103,105,110));
#14524=IFCINDEXEDPOLYGONALFACE((113,112,110,111));
#14525=IFCINDEXEDPOLYGONALFACE((103,112,114,101));
#14526=IFCINDEXEDPOLYGONALFACE((112,113,50,114));
#14527=IFCINDEXEDPOLYGONALFACE((64,101,114,52));
#14528=IFCINDEXEDPOLYGONALFACE((115,113,111,117));
#14529=IFCINDEXEDPOLYGONALFACE((113,115,47,50));
#14530=IFCINDEXEDPOLYGONALFACE((116,115,117,118));
#14531=IFCINDEXEDPOLYGONALFACE((115,116,44,47));
#14532=IFCINDEXEDPOLYGONALFACE((117,111,109,119));
#14533=IFCINDEXEDPOLYGONALFACE((118,117,119,120));
#14534=IFCINDEXEDPOLYGONALFACE((123,118,120,121));
#14535=IFCINDEXEDPOLYGONALFACE((124,123,121,122));
#14536=IFCINDEXEDPOLYGONALFACE((126,125,123,124));
#14537=IFCINDEXEDPOLYGONALFACE((125,116,118,123));
#14538=IFCINDEXEDPOLYGONALFACE((125,126,38,41));
#14539=IFCINDEXEDPOLYGONALFACE((116,125,41,44));
#14540=IFCINDEXEDPOLYGONALFACE((127,126,124,129));
#14541=IFCINDEXEDPOLYGONALFACE((126,127,35,38));
#14542=IFCINDEXEDPOLYGONALFACE((128,127,129,130));
#14543=IFCINDEXEDPOLYGONALFACE((127,128,32,35));
#14544=IFCINDEXEDPOLYGONALFACE((129,124,122,131));
#14545=IFCINDEXEDPOLYGONALFACE((130,129,131,132));
#14546=IFCINDEXEDPOLYGONALFACE((134,130,132,133));
#14547=IFCINDEXEDPOLYGONALFACE((6,134,133,9));
#14548=IFCINDEXEDPOLYGONALFACE((2,135,134,6));
#14549=IFCINDEXEDPOLYGONALFACE((135,128,130,134));
#14550=IFCINDEXEDPOLYGONALFACE((135,2,26,29));
#14551=IFCINDEXEDPOLYGONALFACE((128,135,29,32));
#14552=IFCINDEXEDPOLYGONALFACE((59,136,54,57));
#14553=IFCPOLYGONALFACESET(#14430,$,(#14431,#14432,#14433,#14434,#14435,#14436,#14437,#14438,#14439,#14440,#14441,#14442,#14443,#14444,#14445,#14446,#14447,#14448,#14449,#14450,#14451,#14452,#14453,#14454,#14455,#14456,#14457,#14458,#14459,#14460,#14461,#14462,#14463,#14464,#14465,#14466,#14467,#14468,#14469,#14470,#14471,#14472,#14473,#14474,#14475,#14476,#14477,#14478,#14479,#14480,#14481,#14482,#14483,#14484,#14485,#14486,#14487,#14488,#14489,#14490,#14491,#14492,#14493,#14494,#14495,#14496,#14497,#14498,#14499,#14500,#14501,#14502,#14503,#14504,#14505,#14506,#14507,#14508,#14509,#14510,#14511,#14512,#14513,#14514,#14515,#14516,#14517,#14518,#14519,#14520,#14521,#14522,#14523,#14524,#14525,#14526,#14527,#14528,#14529,#14530,#14531,#14532,#14533,#14534,#14535,#14536,#14537,#14538,#14539,#14540,#14541,#14542,#14543,#14544,#14545,#14546,#14547,#14548,#14549,#14550,#14551,#14552),$);
#14554=IFCCARTESIANPOINTLIST3D(((-0.035938326269388199,0.070780143141746493,-0.28487756848335299),(-0.035938326269388199,0.070780143141746493,-0.307252287864685),(-0.0042665437795221797,0.079266563057899503,-0.28487756848335299),(-0.101360306143761,0.15091794729232799,-0.286838889122009),(-0.144665122032166,0.45575737953186002,-0.29236364364624001),(0.0123217031359673,0.18137894570827501,-0.286838889122009),(-0.101360306143761,0.15091794729232799,-0.30529105663299599),(-0.144665122032166,0.45575737953186002,-0.29976621270179699),(0.0123217031359673,0.18137894570827501,-0.30529105663299599),(-0.0042665437795221797,0.079266563057899503,-0.307252287864685),(-0.102594926953316,0.46703010797500599,-0.29976621270179699),(-0.102594926953316,0.46703010797500599,-0.29236364364624001)),$);
#14555=IFCINDEXEDPOLYGONALFACE((2,1,4,7));
#14556=IFCINDEXEDPOLYGONALFACE((1,3,6,4));
#14557=IFCINDEXEDPOLYGONALFACE((4,6,12,5));
#14558=IFCINDEXEDPOLYGONALFACE((7,4,5,8));
#14559=IFCINDEXEDPOLYGONALFACE((9,7,8,11));
#14560=IFCINDEXEDPOLYGONALFACE((10,2,7,9));
#14561=IFCINDEXEDPOLYGONALFACE((3,10,9,6));
#14562=IFCINDEXEDPOLYGONALFACE((6,9,11,12));
#14563=IFCINDEXEDPOLYGONALFACE((8,5,12,11));
#14564=IFCPOLYGONALFACESET(#14554,$,(#14555,#14556,#14557,#14558,#14559,#14560,#14561,#14562,#14563),$);
#14565=IFCSHAPEREPRESENTATION(#11,'Body','Tessellation',(#14429,#14553,#14564));
#14566=IFCREPRESENTATIONMAP(#14412,#14565);
#14567=IFCCARTESIANPOINT((0.,0.,0.));
#14568=IFCDIRECTION((0.,0.,1.));
#14569=IFCDIRECTION((1.,0.,0.));
#14570=IFCAXIS2PLACEMENT3D(#14567,#14568,#14569);
#14576=IFCCARTESIANPOINTLIST2D(((0.079266563057899503,-0.0042665638029575296),(0.18137893080711401,0.012321628630161299),(0.467030018568039,-0.10259504616260499),(0.45575737953186002,-0.144665211439133),(0.15091791749000499,-0.101360380649567),(0.070780128240585299,-0.0359383411705494),(0.079266563057899503,-0.0042665638029575296)),$);
#14577=IFCINDEXEDPOLYCURVE(#14576,$,$);
#14578=IFCCARTESIANPOINTLIST2D(((-0.101360306143761,0.15091794729232799),(-0.144665122032166,0.45575737953186002),(-0.102594926953316,0.46703010797500599),(0.0123217031359673,0.18137894570827501),(-0.0042665437795221797,0.079266563057899503),(-0.035938326269388199,0.070780143141746493),(-0.101360306143761,0.15091794729232799)),$);
#14579=IFCINDEXEDPOLYCURVE(#14578,$,$);
#14580=IFCCARTESIANPOINTLIST2D(((-0.16323961317539201,-0.080018572509288802),(-0.066513583064079299,-0.043328225612640402),(-0.043328225612640402,-0.066513575613498702),(-0.0800186097621918,-0.16323959827423101),(-0.32236489653587302,-0.35316237807273898),(-0.35316240787506098,-0.32236486673355103)),$);
#14581=IFCINDEXEDPOLYCURVE(#14580,(IFCLINEINDEX((1,2,3,4,5,6,1))),$);
#14582=IFCCARTESIANPOINTLIST2D(((-0.075251109898090404,-0.018642667680978799),(-0.075251109898090404,0.018642671406269101),(-0.063892729580402402,0.061032567173242597),(-0.061032596975564998,0.063892759382724804),(-0.018642665818333602,0.075251109898090404),(0.018642678856849702,0.075251102447509793),(0.061032567173242597,0.063892729580402402),(0.063892759382724804,0.061032596975564998),(0.075251109898090404,0.018642667680978799),(0.075251109898090404,-0.018642671406269101),(0.063892729580402402,-0.061032567173242597),(0.061032596975564998,-0.063892759382724804),(0.0186426695436239,-0.075251109898090404),(-0.018642671406269101,-0.075251109898090404),(-0.061032600700855297,-0.063892751932144207),(-0.063892737030982999,-0.061032563447952298)),$);
#14583=IFCINDEXEDPOLYCURVE(#14582,(IFCLINEINDEX((1,2,3,4,5,6,7,8,9,10,11,12,13,14,15,16,1))),$);
#14584=IFCGEOMETRICCURVESET((#14577,#14579,#14581,#14583));
#14585=IFCSHAPEREPRESENTATION(#24,'Body','GeometricSet',(#14584));
#14586=IFCREPRESENTATIONMAP(#14570,#14585);
#14587=IFCELECTRICAPPLIANCETYPE('1mNDPdzFnB7vFHe0jtNMMs',$,'BLDC_CFAN',$,$,$,(#14566,#14586),$,'CEILINGFAN',.USERDEFINED.);
#14588=IFCPROPERTYSINGLEVALUE('NominalPowerConsumption',$,IFCPOWERMEASURE(140.),$);
#14589=IFCPROPERTYSET('3Vmp0sRInBkxGaQS37pTMf',$,'Pset_ElectricalDeviceCommon',$,(#14588));
#14590=IFCCARTESIANPOINT((0.,0.,0.));
#14591=IFCDIRECTION((0.,0.,1.));
#14592=IFCDIRECTION((1.,0.,0.));
#14593=IFCAXIS2PLACEMENT3D(#14590,#14591,#14592);
#14600=IFCCARTESIANPOINTLIST3D(((-0.409008979797363,0.,-0.17128248512744901),(0.409008979797363,0.,-0.17128248512744901),(-0.55000001192092896,0.029999999329447701,-0.30000001192092901),(0.55000001192092896,0.029999999329447701,-0.30000001192092901),(-0.409008979797363,0.,0.17128248512744901),(0.409008979797363,0.,0.17128248512744901),(-0.55000001192092896,0.029999999329447701,0.30000001192092901),(0.55000001192092896,0.029999999329447701,0.30000001192092901),(-0.55000001192092896,0.014999999664723899,-0.30000001192092901),(0.55000001192092896,0.014999999664723899,-0.30000001192092901),(-0.55000001192092896,0.014999999664723899,0.30000001192092901),(0.55000001192092896,0.014999999664723899,0.30000001192092901)),$);
#14601=IFCINDEXEDPOLYGONALFACE((9,3,4,10));
#14602=IFCINDEXEDPOLYGONALFACE((11,12,8,7));
#14603=IFCINDEXEDPOLYGONALFACE((4,3,7,8));
#14604=IFCINDEXEDPOLYGONALFACE((1,2,6,5));
#14605=IFCINDEXEDPOLYGONALFACE((10,4,8,12));
#14606=IFCINDEXEDPOLYGONALFACE((9,1,5,11));
#14607=IFCINDEXEDPOLYGONALFACE((3,9,11,7));
#14608=IFCINDEXEDPOLYGONALFACE((2,10,12,6));
#14609=IFCINDEXEDPOLYGONALFACE((5,6,12,11));
#14610=IFCINDEXEDPOLYGONALFACE((1,9,10,2));
#14611=IFCPOLYGONALFACESET(#14600,$,(#14601,#14602,#14603,#14604,#14605,#14606,#14607,#14608,#14609,#14610),$);
#14612=IFCSHAPEREPRESENTATION(#11,'Body','Tessellation',(#14611));
#14613=IFCREPRESENTATIONMAP(#14593,#14612);
#14614=IFCELECTRICAPPLIANCETYPE('3auodc56P2zg2emmV8qun3',$,'50inch TV',$,$,(#14589),(#14613),$,'TELEVISION',.USERDEFINED.);
#14615=IFCCARTESIANPOINT((0.,0.,0.));
#14616=IFCDIRECTION((0.,0.,1.));
#14617=IFCDIRECTION((1.,0.,0.));
#14618=IFCAXIS2PLACEMENT3D(#14615,#14616,#14617);
#14625=IFCCARTESIANPOINTLIST3D(((0.59500002861022905,0.00500009302049875,0.59500002861022905),(0.0149999987334013,0.0050001186318695502,0.58000004291534402),(0.0149999987334013,0.0050001186318695502,0.0149999987334013),(0.58000004291534402,0.0050000939518213298,0.0149999987334013),(0.59500002861022905,0.00500009302049875,0.),(2.1856214060811399E-10,0.0050001190975308401,0.),(2.1856214060811399E-10,0.0050001190975308401,0.59500002861022905),(0.015000023879110799,0.56500011682510398,0.58000004291534402),(0.015000023879110799,0.56500011682510398,0.0149999987334013),(0.58000004291534402,0.56500011682510398,0.0149999987334013),(0.,0.,0.59500002861022905),(0.59500002861022905,-2.6008276421407599E-08,0.59500002861022905),(0.54128378629684404,-2.3660266634806199E-08,0.46273136138915999),(0.053716234862804399,-2.3480111188689501E-09,0.46273136138915999),(0.053716234862804399,0.0050001167692244096,0.46273136138915999),(0.54128378629684404,0.00500009534880519,0.46273136138915999),(0.58000004291534402,0.0050000939518213298,0.58000004291534402),(0.59500002861022905,-2.6008276421407599E-08,0.),(0.,0.,0.),(0.58000004291534402,0.56500011682510398,0.58000004291534402),(0.053716234862804399,-2.3480111188689501E-09,0.053716234862804399),(0.54128378629684404,-2.3660266634806199E-08,0.053716234862804399),(0.54128378629684404,0.00500009534880519,0.053716234862804399),(0.053716234862804399,0.0050001167692244096,0.053716234862804399)),$);
#14626=IFCINDEXEDPOLYGONALFACE((9,3,2,8));
#14627=IFCINDEXEDPOLYGONALFACE((6,5,18,19));
#14628=IFCINDEXEDPOLYGONALFACE((2,3,7,1,17));
#14629=IFCINDEXEDPOLYGONALFACE((10,20,17,4));
#14630=IFCINDEXEDPOLYGONALFACE((11,12,1,7));
#14631=IFCINDEXEDPOLYGONALFACE((5,1,12,18));
#14632=IFCINDEXEDPOLYGONALFACE((6,19,11,7));
#14633=IFCINDEXEDPOLYGONALFACE((24,15,14,21));
#14634=IFCINDEXEDPOLYGONALFACE((14,13,22,18,12,11,19,21));
#14635=IFCINDEXEDPOLYGONALFACE((16,23,22,13));
#14636=IFCINDEXEDPOLYGONALFACE((3,4,17,1,5,6,7));
#14637=IFCINDEXEDPOLYGONALFACE((9,10,4,3));
#14638=IFCINDEXEDPOLYGONALFACE((15,16,13,14));
#14639=IFCINDEXEDPOLYGONALFACE((9,8,20,10));
#14640=IFCINDEXEDPOLYGONALFACE((21,22,23,24));
#14641=IFCINDEXEDPOLYGONALFACE((18,22,21,19));
#14642=IFCINDEXEDPOLYGONALFACE((20,8,2,17));
#14643=IFCPOLYGONALFACESET(#14625,$,(#14626,#14627,#14628,#14629,#14630,#14631,#14632,#14633,#14634,#14635,#14636,#14637,#14638,#14639,#14640,#14641,#14642),$);
#14644=IFCCARTESIANPOINTLIST3D(((0.54128378629684404,0.00500009534880519,0.46273136138915999),(0.053716234862804399,0.0050001167692244096,0.46273136138915999),(0.54128378629684404,0.00500009534880519,0.053716234862804399),(0.053716234862804399,0.0050001167692244096,0.053716234862804399)),$);
#14645=IFCINDEXEDPOLYGONALFACE((4,3,1,2));
#14646=IFCPOLYGONALFACESET(#14644,$,(#14645),$);
#14647=IFCSHAPEREPRESENTATION(#11,'Body','Tessellation',(#14643,#14646));
#14648=IFCREPRESENTATIONMAP(#14618,#14647);
#14649=IFCELECTRICAPPLIANCETYPE('33wstZreDCd8fH4LVvbKzQ',$,'Builtin Oven',$,$,$,(#14648),$,'OVEN',.USERDEFINED.);
#14650=IFCSTYLEDITEM(#14643,(#10954),$);
#14651=IFCSTYLEDITEM(#14646,(#14654),$);
#14652=IFCCOLOURRGB($,0.75986146926879905,0.94929796457290605,0.94929796457290605);
#14653=IFCSURFACESTYLERENDERING(#14652,0.89999997615814198,$,$,$,$,$,$,.PHYSICAL.);
#14654=IFCSURFACESTYLE('Glass.001',.BOTH.,(#14653));
#14655=IFCCARTESIANPOINT((0.,0.,0.));
#14656=IFCDIRECTION((0.,0.,1.));
#14657=IFCDIRECTION((1.,0.,0.));
#14658=IFCAXIS2PLACEMENT3D(#14655,#14656,#14657);
#14665=IFCCARTESIANPOINTLIST3D(((1.5298986966172379E-08,0.35000002384185791,0.),(1.5298986966172379E-08,0.35000002384185791,0.057999998331069946),(0.29000002145767212,0.35000002384185791,0.),(0.29000002145767212,0.35000002384185791,0.057999998331069946),(6.5135044286754621E-16,1.4901161193847656E-08,0.),(6.5135044286754621E-16,1.4901161193847656E-08,0.057999998331069946),(0.28999999165534973,2.2248585196393833E-09,0.),(0.28999999165534973,2.2248585196393833E-09,0.057999998331069946)),$);
#14666=IFCINDEXEDPOLYGONALFACE((1,2,4,3));
#14667=IFCINDEXEDPOLYGONALFACE((3,4,8,7));
#14668=IFCINDEXEDPOLYGONALFACE((7,8,6,5));
#14669=IFCINDEXEDPOLYGONALFACE((5,6,2,1));
#14670=IFCINDEXEDPOLYGONALFACE((3,7,5,1));
#14671=IFCINDEXEDPOLYGONALFACE((8,4,2,6));
#14672=IFCPOLYGONALFACESET(#14665,$,(#14666,#14667,#14668,#14669,#14670,#14671),$);
#14673=IFCSHAPEREPRESENTATION(#11,'Body','Tessellation',(#14672));
#14674=IFCREPRESENTATIONMAP(#14658,#14673);
#14675=IFCELECTRICAPPLIANCETYPE('3EH57yMzP5M8K3LE9u1Lsb',$,'INDUCTION COOKER',$,$,$,(#14674),$,$,.ELECTRICCOOKER.);
#14676=IFCRELDEFINESBYTYPE('1ZBDOGj89Egxn_x$bO2qwM',$,$,$,(#11357),#14150);
#14677=IFCCARTESIANPOINT((0.,0.,0.));
#14678=IFCDIRECTION((1.,0.,0.));
#14679=IFCDIRECTION((0.,1.,0.));
#14680=IFCDIRECTION((0.,0.,1.));
#14681=IFCCARTESIANTRANSFORMATIONOPERATOR3D(#14678,#14679,#14677,1.,#14680);
#14682=IFCMAPPEDITEM(#14149,#14681);
#14683=IFCSHAPEREPRESENTATION(#11,'Body','MappedRepresentation',(#14682));
#14684=IFCPRODUCTDEFINITIONSHAPE($,$,(#14683));
#14694=IFCCOVERING('21sPrKySj90eC6hJIDkyB7',$,'Covering',$,$,#17790,#14711,$,$);
#14700=IFCRELASSOCIATESMATERIAL('00bjgzNDz4aPrDty9EA$1S',$,$,$,(#14694),#14701);
#14701=IFCMATERIALLAYERSETUSAGE(#11147,.AXIS3.,.POSITIVE.,0.,$);
#14703=IFCRELDEFINESBYPROPERTIES('06LmjFRdH1CgBTZMgC7XhM',$,$,$,(#14694),#14704);
#14704=IFCELEMENTQUANTITY('27Mew9zub0t8J1QE3zBebB',$,'Qto_CoveringBaseQuantities',$,$,(#14705,#14706,#14707));
#14705=IFCQUANTITYAREA('GrossArea',$,$,3.68381273103609,$);
#14706=IFCQUANTITYLENGTH('Width',$,$,0.012000000104308101,$);
#14707=IFCQUANTITYAREA('NetArea',$,$,2.65481488469291,$);
#14708=IFCRELDEFINESBYPROPERTIES('0tN_elR61EghtFu$ctSvlU',$,$,$,(#14694),#14709);
#14709=IFCPROPERTYSET('2deFdE7Gz48BwDrht44ing',$,'EPset_Parametric',$,(#14710));
#14710=IFCPROPERTYSINGLEVALUE('Engine',$,IFCLABEL('Bonsai.DumbLayer3'),$);
#14711=IFCPRODUCTDEFINITIONSHAPE($,$,(#14712));
#14712=IFCSHAPEREPRESENTATION(#11,'Body','SweptSolid',(#14713));
#14713=IFCEXTRUDEDAREASOLID(#16040,$,#14717,0.012000000104308101);
#14717=IFCDIRECTION((0.,0.,1.));
#14721=IFCCOVERING('3Bj$w8TEr01gz2zL_5dCDN',$,'Covering',$,$,#17795,#14738,$,$);
#14727=IFCRELASSOCIATESMATERIAL('2s7141BYTB0xTv7_VAqxfV',$,$,$,(#14721),#14728);
#14728=IFCMATERIALLAYERSETUSAGE(#11147,.AXIS3.,.POSITIVE.,0.,$);
#14730=IFCRELDEFINESBYPROPERTIES('31tt9VW15E$fQbJkxLBZdb',$,$,$,(#14721),#14731);
#14731=IFCELEMENTQUANTITY('0AobgRyCrEVxsAJLYpWCyT',$,'Qto_CoveringBaseQuantities',$,$,(#14732,#14733,#14734));
#14732=IFCQUANTITYAREA('GrossArea',$,$,3.68381273103609,$);
#14733=IFCQUANTITYLENGTH('Width',$,$,0.012000000104308101,$);
#14734=IFCQUANTITYAREA('NetArea',$,$,2.65481488469291,$);
#14735=IFCRELDEFINESBYPROPERTIES('0ZiXgHhOj6NROeZO2$jEVc',$,$,$,(#14721),#14736);
#14736=IFCPROPERTYSET('1uCapyn5nAPxtkMAQMOX7t',$,'EPset_Parametric',$,(#14737));
#14737=IFCPROPERTYSINGLEVALUE('Engine',$,IFCLABEL('Bonsai.DumbLayer3'),$);
#14738=IFCPRODUCTDEFINITIONSHAPE($,$,(#14739));
#14739=IFCSHAPEREPRESENTATION(#11,'Body','SweptSolid',(#14740));
#14740=IFCEXTRUDEDAREASOLID(#15901,$,#14744,0.012000000104308101);
#14744=IFCDIRECTION((0.,0.,1.));
#14748=IFCCARTESIANPOINT((7.0555791854858398,14.342982292175293,1.6119999885559082));
#14749=IFCDIRECTION((0.,0.,1.));
#14750=IFCDIRECTION((1.,2.384185791015625E-07,0.));
#14751=IFCAXIS2PLACEMENT3D(#14748,#14749,#14750);
#14752=IFCLOCALPLACEMENT(#11392,#14751);
#14778=IFCCARTESIANPOINTLIST3D(((0.,0.,0.),(0.,0.,1.6299999952316284),(0.,0.67000001668930054,0.),(0.,0.67000001668930054,1.6299999952316284),(0.60000002384185791,0.,0.),(0.60000002384185791,0.,1.6299999952316284),(0.60000002384185791,0.67000001668930054,0.),(0.60000002384185791,0.67000001668930054,1.6299999952316284),(0.,0.,1.0299999713897705),(0.60000002384185791,0.,1.0299999713897705),(0.,0.,1.0630719661712646),(0.60000002384185791,0.,1.0630719661712646),(0.60000002384185791,0.023638783022761345,1.0630719661712646),(0.60000002384185791,0.023638783022761345,1.0299999713897705),(0.,0.023638783022761345,1.0299999713897705),(0.,0.023638783022761345,1.0630719661712646)),$);
#14779=IFCINDEXEDPOLYGONALFACE((3,1,9,15,16,11,2,4));
#14780=IFCINDEXEDPOLYGONALFACE((12,6,2,11));
#14781=IFCINDEXEDPOLYGONALFACE((3,7,5,1));
#14782=IFCINDEXEDPOLYGONALFACE((8,4,2,6));
#14783=IFCINDEXEDPOLYGONALFACE((5,10,9,1));
#14784=IFCINDEXEDPOLYGONALFACE((3,4,8,7));
#14785=IFCINDEXEDPOLYGONALFACE((7,8,6,12,13,14,10,5));
#14786=IFCINDEXEDPOLYGONALFACE((9,10,14,15));
#14787=IFCINDEXEDPOLYGONALFACE((14,13,16,15));
#14788=IFCINDEXEDPOLYGONALFACE((12,11,16,13));
#14789=IFCPOLYGONALFACESET(#14778,$,(#14779,#14780,#14781,#14782,#14783,#14784,#14785,#14786,#14787,#14788),$);
#14790=IFCSHAPEREPRESENTATION(#11,'Body','Tessellation',(#14789));
#14791=IFCELECTRICAPPLIANCETYPE('1TGq0dl7r5lP34n7ihuSdW',$,'Samsung Refrigerator',$,$,$,(#14796),$,$,.FRIDGE_FREEZER.);
#14792=IFCCARTESIANPOINT((0.,0.,0.));
#14793=IFCDIRECTION((1.,0.,0.));
#14794=IFCDIRECTION((0.,0.,1.));
#14795=IFCAXIS2PLACEMENT3D(#14792,#14794,#14793);
#14796=IFCREPRESENTATIONMAP(#14795,#14790);
#14814=IFCCARTESIANPOINTLIST3D(((96.342071533203125,38.621284484863281,0.),(96.341239929199219,38.507068634033203,0.),(96.355377197265625,38.396408081054688,0.),(96.383560180664062,38.290378570556641,0.),(96.424873352050781,38.190048217773438,0.),(96.478385925292969,38.096488952636719,0.),(96.543174743652344,38.010776519775391,0.),(96.618324279785156,37.933979034423828,0.),(96.702903747558594,37.867172241210938,0.),(96.795989990234375,37.811428070068359,0.),(96.896659851074219,37.767814636230469,0.),(97.003997802734375,37.737407684326172,0.),(97.117073059082031,37.721282958984375,0.),(97.127906799316406,37.720531463623047,0.),(97.138511657714844,37.719917297363281,0.),(97.148933410644531,37.719440460205078,0.),(97.159217834472656,37.719100952148438,0.),(97.169410705566406,37.718894958496094,0.),(97.179557800292969,37.718826293945312,0.),(97.189704895019531,37.718894958496094,0.),(97.199897766113281,37.719100952148438,0.),(97.210182189941406,37.719440460205078,0.),(97.220603942871094,37.719917297363281,0.),(97.231208801269531,37.720531463623047,0.),(97.242073059082031,37.721282958984375,0.),(97.242073059082031,38.621284484863281,0.),(97.292068481445312,38.621284484863281,0.),(97.292068481445312,37.721282958984375,0.),(97.242073059082031,37.721282958984375,0.)),$);
#14815=IFCINDEXEDPOLYCURVE(#14814,$,$);
#14816=IFCCARTESIANPOINTLIST3D(((97.467071533203125,36.496284484863281,0.),(97.352859497070312,36.497119903564453,0.),(97.242202758789062,36.482982635498047,0.),(97.13616943359375,36.454795837402344,0.),(97.035835266113281,36.413482666015625,0.),(96.942276000976562,36.359970092773438,0.),(96.856559753417969,36.295177459716797,0.),(96.779762268066406,36.220027923583984,0.),(96.71295166015625,36.135448455810547,0.),(96.657203674316406,36.0423583984375,0.),(96.613594055175781,35.941684722900391,0.),(96.58319091796875,35.8343505859375,0.),(96.567070007324219,35.721282958984375,0.),(96.566322326660156,35.710445404052734,0.),(96.565711975097656,35.699836730957031,0.),(96.565231323242188,35.689411163330078,0.),(96.564888000488281,35.679122924804688,0.),(96.564682006835938,35.668926239013672,0.),(96.564613342285156,35.658775329589844,0.),(96.564682006835938,35.648624420166016,0.),(96.564888000488281,35.638427734375,0.),(96.565231323242188,35.628139495849609,0.),(96.565711975097656,35.617713928222656,0.),(96.566322326660156,35.607105255126953,0.),(96.567070007324219,35.596282958984375,0.),(97.467071533203125,35.596282958984375,0.),(97.467071533203125,35.546283721923828,0.),(96.567070007324219,35.546283721923828,0.),(96.567070007324219,35.596282958984375,0.)),$);
#14817=IFCINDEXEDPOLYCURVE(#14816,$,$);
#14818=IFCCARTESIANPOINTLIST3D(((99.842071533203125,26.496284484863281,0.),(99.842071533203125,28.996284484863281,0.),(99.842071533203125,29.246284484863281,0.)),$);
#14819=IFCINDEXEDPOLYCURVE(#14818,$,$);
#14820=IFCCARTESIANPOINTLIST3D(((101.39207458496094,22.896284103393555,0.),(102.49207305908203,22.896284103393555,0.),(102.49207305908203,23.096284866333008,0.),(101.94207000732422,23.096284866333008,0.),(101.94207000732422,23.396284103393555,0.),(97.742073059082031,23.396284103393555,0.),(97.742073059082031,23.096284866333008,0.),(97.192070007324219,23.096284866333008,0.),(97.192070007324219,22.896284103393555,0.),(98.30828857421875,22.896284103393555,0.),(98.567398071289062,22.816411972045898,0.),(98.824607849121094,22.751062393188477,0.),(99.080299377441406,22.700235366821289,0.),(99.334854125976562,22.663930892944336,0.),(99.588653564453125,22.642147064208984,0.),(99.842071533203125,22.634885787963867,0.),(100.09548950195312,22.642147064208984,0.),(100.34928894042969,22.663930892944336,0.),(100.60384368896484,22.700235366821289,0.),(100.85953521728516,22.751062393188477,0.),(101.11674499511719,22.816411972045898,0.),(101.3758544921875,22.896284103393555,0.),(102.49207305908203,22.896284103393555,0.)),$);
#14821=IFCINDEXEDPOLYCURVE(#14820,$,$);
#14822=IFCCARTESIANPOINTLIST3D(((101.84207153320312,34.746284484863281,0.),(101.59207153320312,34.746284484863281,0.),(101.59207153320312,35.246284484863281,0.),(99.342071533203125,35.246284484863281,0.),(99.342071533203125,35.496284484863281,0.),(103.09207153320312,35.496284484863281,0.),(103.09207153320312,38.746284484863281,0.),(103.34207153320312,38.746284484863281,0.)),$);
#14823=IFCINDEXEDPOLYCURVE(#14822,$,$);
#14824=IFCCARTESIANPOINTLIST3D(((92.092071533203125,37.771282196044922,0.),(92.342071533203125,37.771282196044922,0.),(92.342071533203125,38.021282196044922,0.),(92.592071533203125,38.021282196044922,0.),(92.592071533203125,38.271282196044922,0.),(93.592071533203125,38.271282196044922,0.)),$);
#14825=IFCINDEXEDPOLYCURVE(#14824,$,$);
#14826=IFCCARTESIANPOINTLIST3D(((110.11338043212891,4.2203731536865234,0.),(110.11338043212891,0.92037302255630493,0.),(110.11338043212891,1.0703730583190918,0.),(109.86338043212891,1.0703730583190918,0.),(109.86338043212891,1.2203730344772339,0.),(96.363380432128906,1.2203730344772339,0.)),$);
#14827=IFCINDEXEDPOLYCURVE(#14826,$,$);
#14828=IFCCARTESIANPOINTLIST3D(((98.154922485351562,3.2867729663848877,0.),(98.113380432128906,3.2867729663848877,0.),(98.113380432128906,3.1145730018615723,0.),(97.863380432128906,3.1145730018615723,0.),(97.863380432128906,2.9423730373382568,0.),(97.613380432128906,2.9423730373382568,0.),(97.613380432128906,2.597973108291626,0.),(97.863380432128906,2.597973108291626,0.),(97.863380432128906,2.4257729053497314,0.),(98.113380432128906,2.4257729053497314,0.),(98.113380432128906,2.253572940826416,0.),(98.363380432128906,2.253572940826416,0.),(98.363380432128906,2.0813729763031006,0.),(98.613380432128906,2.0813729763031006,0.),(98.613380432128906,1.9091730117797852,0.),(98.863380432128906,1.9091730117797852,0.),(98.863380432128906,1.7369730472564697,0.),(99.113380432128906,1.7369730472564697,0.),(99.113380432128906,1.5647729635238647,0.),(99.363380432128906,1.5647729635238647,0.),(99.363380432128906,1.3925729990005493,0.),(99.613380432128906,1.3925729990005493,0.),(99.613380432128906,3.4102010726928711,0.)),$);
#14829=IFCINDEXEDPOLYCURVE(#14828,$,$);
#14830=IFCCARTESIANPOINTLIST3D(((93.842071533203125,33.696285247802734,0.),(93.842071533203125,33.496284484863281,0.),(93.842071533203125,31.846284866333008,0.),(94.692070007324219,31.846284866333008,0.),(94.692070007324219,31.746284484863281,0.),(94.692070007324219,31.246284484863281,0.),(94.592071533203125,31.246284484863281,0.),(94.592071533203125,31.746284484863281,0.),(93.842071533203125,31.746284484863281,0.),(93.842071533203125,28.246284484863281,0.),(96.988517761230469,28.246284484863281,0.),(97.842071533203125,29.099836349487305,0.),(97.842071533203125,31.246284484863281,0.),(96.842071533203125,31.246284484863281,0.),(96.842071533203125,31.496284484863281,0.),(98.092071533203125,31.496284484863281,0.),(98.092071533203125,28.996284484863281,0.),(97.092071533203125,27.996284484863281,0.),(93.592071533203125,27.996284484863281,0.),(93.592071533203125,33.696285247802734,0.),(95.842071533203125,33.696285247802734,0.),(95.842071533203125,31.246284484863281,0.),(95.592071533203125,31.246284484863281,0.),(95.592071533203125,33.446285247802734,0.),(93.842071533203125,33.446285247802734,0.)),$);
#14831=IFCINDEXEDPOLYCURVE(#14830,$,$);
#14832=IFCCARTESIANPOINTLIST3D(((93.592071533203125,27.996284484863281,0.),(93.592071533203125,27.121284484863281,0.),(93.592071533203125,26.496284484863281,0.),(92.842071533203125,26.496284484863281,0.),(92.842071533203125,28.596284866333008,0.)),$);
#14833=IFCINDEXEDPOLYCURVE(#14832,$,$);
#14834=IFCCARTESIANPOINTLIST3D(((92.842071533203125,38.246284484863281,0.),(92.842071533203125,41.246284484863281,0.),(104.09207153320312,41.246284484863281,0.),(104.09207153320312,26.746284484863281,0.),(103.34207153320312,26.746284484863281,0.),(103.34207153320312,22.796283721923828,0.),(102.59207153320312,22.796283721923828,0.),(101.39207458496094,22.796283721923828,0.),(101.13008117675781,22.716398239135742,0.),(100.87007904052734,22.651037216186523,0.),(100.61167907714844,22.600200653076172,0.),(100.35447692871094,22.563888549804688,0.),(100.09807586669922,22.54210090637207,0.),(99.842079162597656,22.53483772277832,0.),(99.586082458496094,22.54210090637207,0.),(99.329681396484375,22.563888549804688,0.),(99.072479248046875,22.600200653076172,0.),(98.814079284667969,22.651037216186523,0.),(98.5540771484375,22.716398239135742,0.),(98.292076110839844,22.796283721923828,0.),(97.092071533203125,22.796283721923828,0.),(97.092071533203125,26.496284484863281,0.),(97.092071533203125,27.121284484863281,0.),(97.092071533203125,27.996284484863281,0.)),$);
#14835=IFCINDEXEDPOLYCURVE(#14834,$,$);
#14836=IFCCARTESIANPOINTLIST3D(((100.09207153320312,27.496284484863281,0.),(100.09207153320312,26.746284484863281,0.),(102.34207153320312,26.746284484863281,0.),(102.34207153320312,27.496284484863281,0.)),$);
#14837=IFCINDEXEDPOLYCURVE(#14836,$,$);
#14838=IFCCARTESIANPOINTLIST3D(((101.84207153320312,31.246284484863281,0.),(101.84207153320312,31.496284484863281,0.),(103.09207153320312,31.496284484863281,0.),(103.09207153320312,35.246284484863281,0.),(101.84207153320312,35.246284484863281,0.),(101.84207153320312,31.496284484863281,0.)),$);
#14839=IFCINDEXEDPOLYCURVE(#14838,$,$);
#14840=IFCCARTESIANPOINTLIST3D(((113.36338043212891,3.4203729629516602,0.),(113.36338043212891,4.3203730583190918,0.),(110.36338043212891,4.3203730583190918,0.),(105.36338043212891,4.3203730583190918,0.),(105.36338043212891,6.4203729629516602,0.),(105.36338043212891,6.8134880065917969,0.),(103.48838043212891,8.0311269760131836,0.),(101.61338043212891,6.8134880065917969,0.),(101.61338043212891,6.4203729629516602,0.),(101.61338043212891,4.2203731536865234,0.),(99.895065307617188,4.2203731536865234,0.),(98.364921569824219,3.1664090156555176,0.)),$);
#14841=IFCINDEXEDPOLYCURVE(#14840,$,$);
#14842=IFCCARTESIANPOINTLIST3D(((105.36338043212891,6.4203729629516602,0.),(106.09730529785156,6.4203729629516602,0.),(106.09730529785156,6.5203728675842285,0.),(106.16337585449219,6.5203728675842285,0.),(107.16337585449219,6.5203728675842285,0.),(107.16337585449219,6.5703725814819336,0.),(106.21337890625,6.5703725814819336,0.),(106.21337890625,6.5203728675842285,0.)),$);
#14843=IFCINDEXEDPOLYCURVE(#14842,$,$);
#14844=IFCCARTESIANPOINTLIST3D(((101.61338043212891,3.8203730583190918,0.),(101.61338043212891,4.2203731536865234,0.)),$);
#14845=IFCINDEXEDPOLYCURVE(#14844,$,$);
#14846=IFCCARTESIANPOINTLIST3D(((97.592071533203125,37.246284484863281,0.),(98.592071533203125,37.246284484863281,0.),(99.592071533203125,37.246284484863281,0.)),$);
#14847=IFCINDEXEDPOLYCURVE(#14846,$,$);
#14848=IFCCARTESIANPOINTLIST3D(((99.488380432128906,2.3397290706634521,0.),(99.488380432128906,2.3925731182098389,0.),(99.488380432128906,1.3925729990005493,0.)),$);
#14849=IFCINDEXEDPOLYCURVE(#14848,$,$);
#14850=IFCCARTESIANPOINTLIST3D(((116.73646545410156,35.596282958984375,0.),(115.83646392822266,35.596282958984375,0.),(115.83646392822266,35.546283721923828,0.),(116.73646545410156,35.546283721923828,0.),(116.73646545410156,35.596282958984375,0.),(116.73729705810547,35.710498809814453,0.),(116.72315979003906,35.821159362792969,0.),(116.69497680664062,35.927188873291016,0.),(116.65366363525391,36.027519226074219,0.),(116.60015106201172,36.121078491210938,0.),(116.53536224365234,36.206790924072266,0.),(116.46021270751953,36.283588409423828,0.),(116.37563323974609,36.350395202636719,0.),(116.28254699707031,36.406139373779297,0.),(116.18187713623047,36.449752807617188,0.),(116.07453918457031,36.480159759521484,0.),(115.96146392822266,36.496284484863281,0.),(115.71146392822266,36.496284484863281,0.),(115.71146392822266,40.246284484863281,0.),(113.71146392822266,40.246284484863281,0.),(113.71146392822266,36.496284484863281,0.),(113.46146392822266,36.496284484863281,0.),(113.46146392822266,40.246284484863281,0.),(109.96146392822266,40.246284484863281,0.),(109.96146392822266,40.496284484863281,0.)),$);
#14851=IFCINDEXEDPOLYCURVE(#14850,$,$);
#14852=IFCCARTESIANPOINTLIST3D(((114.21146392822266,31.496284484863281,0.),(114.21146392822266,35.246284484863281,0.),(115.71146392822266,35.246284484863281,0.),(115.71146392822266,35.496284484863281,0.),(119.46146392822266,35.496284484863281,0.)),$);
#14853=IFCINDEXEDPOLYCURVE(#14852,$,$);
#14854=IFCCARTESIANPOINTLIST3D(((117.96146392822266,31.396884918212891,0.),(119.36146545410156,31.396884918212891,0.),(119.36146545410156,27.596284866333008,0.),(116.05950927734375,27.596284866333008,0.),(116.05950927734375,28.096284866333008,0.),(115.95951080322266,28.096284866333008,0.),(115.95951080322266,27.496284484863281,0.),(119.46146392822266,27.496284484863281,0.),(119.46146392822266,31.496883392333984,0.),(119.46146392822266,40.496284484863281,0.),(109.71146392822266,40.496284484863281,0.),(109.71146392822266,35.246284484863281,0.),(112.46146392822266,35.246284484863281,0.),(112.46146392822266,37.096282958984375,0.),(112.36146545410156,37.096282958984375,0.),(112.36146545410156,35.496284484863281,0.),(109.96146392822266,35.496284484863281,0.),(109.96146392822266,40.246284484863281,0.)),$);
#14855=IFCINDEXEDPOLYCURVE(#14854,$,$);
#14856=IFCCARTESIANPOINTLIST3D(((117.96146392822266,31.496284484863281,0.),(111.71146392822266,31.496284484863281,0.),(111.71146392822266,31.246284484863281,0.),(117.95850372314453,31.246284484863281,0.),(117.95850372314453,35.246284484863281,0.),(117.96146392822266,35.246284484863281,0.),(119.46146392822266,35.246284484863281,0.)),$);
#14857=IFCINDEXEDPOLYCURVE(#14856,$,$);
#14858=IFCCARTESIANPOINTLIST3D(((116.35316467285156,27.496284484863281,0.),(116.35316467285156,26.746284484863281,0.),(118.32015991210938,26.746284484863281,0.),(118.46146392822266,26.746284484863281,0.),(118.46146392822266,27.496284484863281,0.)),$);
#14859=IFCINDEXEDPOLYCURVE(#14858,$,$);
#14860=IFCCARTESIANPOINTLIST3D(((118.71146392822266,26.746284484863281,0.),(118.71146392822266,27.496284484863281,0.),(118.71146392822266,22.996284484863281,0.),(113.21146392822266,22.996284484863281,0.),(113.21146392822266,27.996284484863281,0.),(115.96146392822266,27.996284484863281,0.)),$);
#14861=IFCINDEXEDPOLYCURVE(#14860,$,$);
#14862=IFCCARTESIANPOINTLIST3D(((115.71146392822266,37.496284484863281,0.),(114.71146392822266,37.496284484863281,0.),(114.71146392822266,39.246284484863281,0.),(115.71146392822266,39.246284484863281,0.),(115.71146392822266,38.996284484863281,0.),(114.71146392822266,38.996284484863281,0.),(113.71146392822266,38.996284484863281,0.)),$);
#14863=IFCINDEXEDPOLYCURVE(#14862,$,$);
#14864=IFCCARTESIANPOINTLIST3D(((106.21337890625,6.5703725814819336,0.),(106.22929382324219,6.5751767158508301,0.),(106.24407196044922,6.5819096565246582,0.),(106.25759887695312,6.5903964042663574,0.),(106.26976776123047,6.6004629135131836,0.),(106.28047180175781,6.6119346618652344,0.),(106.28959655761719,6.6246366500854492,0.),(106.29703521728516,6.6383943557739258,0.),(106.30268096923828,6.6530332565307617,0.),(106.30641937255859,6.6683788299560547,0.),(106.30814361572266,6.6842565536499023,0.),(106.30774688720703,6.7004914283752441,0.),(106.30513763427734,6.7169089317321777,0.),(106.30506896972656,6.7172107696533203,0.),(106.30500030517578,6.717505931854248,0.),(106.304931640625,6.7177953720092773,0.),(106.30486297607422,6.7180805206298828,0.),(106.30479431152344,6.7183632850646973,0.),(106.30472564697266,6.7186441421508789,0.),(106.30465698242188,6.7189249992370605,0.),(106.30458831787109,6.7192068099975586,0.),(106.30451965332031,6.7194914817810059,0.),(106.304443359375,6.7197794914245605,0.),(106.30436706542969,6.7200727462768555,0.),(106.30429077148438,6.7203726768493652,0.)),$);
#14865=IFCINDEXEDPOLYCURVE(#14864,$,$);
#14866=IFCCARTESIANPOINTLIST3D(((98.192070007324219,30.021284103393555,0.),(98.192070007324219,29.121284484863281,0.),(98.142074584960938,29.121284484863281,0.),(98.142074584960938,30.021284103393555,0.),(98.192070007324219,30.021284103393555,0.),(98.202934265136719,30.02203369140625,0.),(98.213539123535156,30.022647857666016,0.),(98.223960876464844,30.023124694824219,0.),(98.234245300292969,30.023466110229492,0.),(98.244438171386719,30.023670196533203,0.),(98.254585266113281,30.023738861083984,0.),(98.264732360839844,30.023670196533203,0.),(98.274925231933594,30.023466110229492,0.),(98.285209655761719,30.023124694824219,0.),(98.295631408691406,30.022647857666016,0.),(98.306236267089844,30.02203369140625,0.),(98.317070007324219,30.021284103393555,0.),(98.430145263671875,30.005159378051758,0.),(98.537483215332031,29.974754333496094,0.),(98.638153076171875,29.931142807006836,0.),(98.731239318847656,29.875396728515625,0.),(98.815818786621094,29.808589935302734,0.),(98.890968322753906,29.731792449951172,0.),(98.955757141113281,29.646078109741211,0.),(99.009269714355469,29.552518844604492,0.),(99.050582885742188,29.452188491821289,0.),(99.078765869140625,29.346157073974609,0.),(99.092903137207031,29.235498428344727,0.),(99.092071533203125,29.121284484863281,0.),(99.842071533203125,29.121284484863281,0.)),$);
#14867=IFCINDEXEDPOLYCURVE(#14866,$,$);
#14868=IFCCARTESIANPOINTLIST3D(((100.61707305908203,35.596282958984375,0.),(99.717071533203125,35.596282958984375,0.),(99.717071533203125,35.546283721923828,0.),(100.61707305908203,35.546283721923828,0.),(100.61707305908203,35.596282958984375,0.),(100.61790466308594,35.710498809814453,0.),(100.60376739501953,35.821159362792969,0.),(100.57558441162109,35.927188873291016,0.),(100.53427124023438,36.027519226074219,0.),(100.48075866699219,36.121078491210938,0.),(100.41596984863281,36.206790924072266,0.),(100.3408203125,36.283588409423828,0.),(100.25624084472656,36.350395202636719,0.),(100.16315460205078,36.406139373779297,0.),(100.06248474121094,36.449752807617188,0.),(99.955146789550781,36.480159759521484,0.),(99.842071533203125,36.496284484863281,0.),(99.592071533203125,36.496284484863281,0.),(99.592071533203125,40.496284484863281,0.),(103.34207153320312,40.496284484863281,0.),(103.34207153320312,35.246284484863281,0.),(103.34207153320312,34.446285247802734,0.),(103.34207153320312,27.496284484863281,0.),(103.34207153320312,27.746284484863281,0.)),$);
#14869=IFCINDEXEDPOLYCURVE(#14868,$,$);
#14870=IFCCARTESIANPOINTLIST3D(((103.09207153320312,39.996284484863281,0.),(103.09207153320312,40.246284484863281,0.),(101.44207000732422,40.246284484863281,0.),(101.44207000732422,39.746284484863281,0.),(101.34207153320312,39.746284484863281,0.),(101.34207153320312,40.246284484863281,0.),(99.842071533203125,40.246284484863281,0.),(99.842071533203125,36.496284484863281,0.),(99.83123779296875,36.497035980224609,0.),(99.820632934570312,36.497650146484375,0.),(99.810211181640625,36.498126983642578,0.),(99.7999267578125,36.498466491699219,0.),(99.78973388671875,36.498672485351562,0.),(99.779586791992188,36.498741149902344,0.),(99.769439697265625,36.498672485351562,0.),(99.759246826171875,36.498466491699219,0.),(99.74896240234375,36.498126983642578,0.),(99.738540649414062,36.497650146484375,0.),(99.727935791015625,36.497035980224609,0.),(99.717071533203125,36.496284484863281,0.)),$);
#14871=IFCINDEXEDPOLYCURVE(#14870,$,$);
#14872=IFCCARTESIANPOINTLIST3D(((101.84207153320312,31.996284484863281,0.),(101.59207153320312,31.996284484863281,0.),(101.59207153320312,31.496284484863281,0.),(101.09207153320312,31.496284484863281,0.),(101.09207153320312,31.246284484863281,0.),(103.09207153320312,31.246284484863281,0.),(103.09207153320312,27.746284484863281,0.),(100.09207153320312,27.746284484863281,0.),(100.09207153320312,29.246284484863281,0.),(99.092071533203125,29.246284484863281,0.),(99.092071533203125,28.996284484863281,0.),(99.842071533203125,28.996284484863281,0.)),$);
#14873=IFCINDEXEDPOLYCURVE(#14872,$,$);
#14874=IFCCARTESIANPOINTLIST3D(((119.21146392822266,39.996284484863281,0.),(119.21146392822266,40.246284484863281,0.),(117.10146331787109,40.246284484863281,0.),(117.10146331787109,39.646282196044922,0.),(116.97146606445312,39.646282196044922,0.),(116.97146606445312,40.246284484863281,0.),(115.96146392822266,40.246284484863281,0.)),$);
#14875=IFCINDEXEDPOLYCURVE(#14874,$,$);
#14876=IFCCARTESIANPOINTLIST3D(((112.73646545410156,31.596282958984375,0.),(112.73646545410156,31.546283721923828,0.),(111.83646392822266,31.546283721923828,0.),(111.83646392822266,31.596284866333008,0.),(112.73646545410156,31.596282958984375,0.),(112.73729705810547,31.71049690246582,0.),(112.72315979003906,31.821155548095703,0.),(112.69497680664062,31.927186965942383,0.),(112.65366363525391,32.027519226074219,0.),(112.60015106201172,32.121078491210938,0.),(112.53536224365234,32.206790924072266,0.),(112.46021270751953,32.283588409423828,0.),(112.37563323974609,32.350395202636719,0.),(112.28254699707031,32.406139373779297,0.),(112.18187713623047,32.449752807617188,0.),(112.07453918457031,32.480159759521484,0.),(111.96146392822266,32.496284484863281,0.),(111.96146392822266,33.746284484863281,0.),(111.96146392822266,35.246284484863281,0.)),$);
#14877=IFCINDEXEDPOLYCURVE(#14876,$,$);
#14878=IFCCARTESIANPOINTLIST3D(((111.96146392822266,33.746284484863281,0.),(111.71146392822266,33.746284484863281,0.),(111.71146392822266,35.246284484863281,0.)),$);
#14879=IFCINDEXEDPOLYCURVE(#14878,$,$);
#14880=IFCCARTESIANPOINTLIST3D(((106.26338195800781,6.7203731536865234,0.),(107.31337738037109,6.7203731536865234,0.),(107.31337738037109,6.7703728675842285,0.),(106.36338043212891,6.7703728675842285,0.),(106.36338043212891,6.7203731536865234,0.)),$);
#14881=IFCINDEXEDPOLYCURVE(#14880,$,$);
#14882=IFCCARTESIANPOINTLIST3D(((95.779083251953125,6.6203727722167969,0.),(95.779083251953125,6.670372486114502,0.),(95.763031005859375,6.6759910583496094,0.),(95.748092651367188,6.6832985877990723,0.),(95.734352111816406,6.6921629905700684,0.),(95.721900939941406,6.70245361328125,0.),(95.710823059082031,6.7140388488769531,0.),(95.701202392578125,6.7267875671386719,0.),(95.693130493164062,6.7405691146850586,0.),(95.686698913574219,6.7552518844604492,0.),(95.681991577148438,6.7707047462463379,0.),(95.679092407226562,6.7867965698242188,0.),(95.678092956542969,6.8033962249755859,0.),(95.6790771484375,6.8203725814819336,0.),(95.658859252929688,6.8203730583190918,0.),(95.658859252929688,6.8703727722167969,0.),(95.593154907226562,6.8703727722167969,0.),(95.593154907226562,6.8203730583190918,0.),(95.613372802734375,6.8203725814819336,0.),(95.612388610839844,6.8033962249755859,0.),(95.613388061523438,6.7867965698242188,0.),(95.616287231445312,6.7707047462463379,0.),(95.620994567871094,6.7552518844604492,0.),(95.627426147460938,6.7405691146850586,0.),(95.635498046875,6.7267875671386719,0.),(95.645118713378906,6.7140388488769531,0.),(95.656196594238281,6.70245361328125,0.),(95.668647766113281,6.6921629905700684,0.),(95.682388305664062,6.6832985877990723,0.),(95.69732666015625,6.6759910583496094,0.),(95.71337890625,6.6703729629516602,0.),(95.71337890625,6.6203727722167969,0.),(95.763381958007812,6.6203727722167969,0.),(95.763381958007812,6.5203728675842285,0.),(101.36338043212891,6.5203728675842285,0.),(101.36338043212891,6.7703728675842285,0.),(103.48838043212891,8.1503639221191406,0.),(105.61338043212891,6.7703728675842285,0.),(105.61338043212891,6.5203728675842285,0.),(106.09730529785156,6.5203728675842285,0.)),$);
#14883=IFCINDEXEDPOLYCURVE(#14882,$,$);
#14884=IFCCARTESIANPOINTLIST3D(((100.09211730957031,26.587949752807617,0.),(100.08676147460938,26.572525024414062,0.),(100.07951354980469,26.55809211730957,0.),(100.07053375244141,26.544797897338867,0.),(100.05996704101562,26.532793045043945,0.),(100.04795837402344,26.522224426269531,0.),(100.03466033935547,26.513242721557617,0.),(100.02022552490234,26.505998611450195,0.),(100.00479888916016,26.500638961791992,0.),(99.988533020019531,26.497314453125,0.),(99.971588134765625,26.496173858642578,0.),(99.954627990722656,26.497314453125,0.),(99.938362121582031,26.500638961791992,0.),(99.922935485839844,26.505998611450195,0.),(99.908500671386719,26.513242721557617,0.),(99.89520263671875,26.522224426269531,0.),(99.883193969726562,26.532793045043945,0.),(99.872627258300781,26.544797897338867,0.),(99.8636474609375,26.55809211730957,0.),(99.856399536132812,26.572525024414062,0.),(99.851043701171875,26.587949752807617,0.),(99.84771728515625,26.604215621948242,0.),(99.846588134765625,26.621173858642578,0.),(99.847732543945312,26.638132095336914,0.),(99.851058959960938,26.654397964477539,0.),(99.856414794921875,26.669822692871094,0.),(99.863662719726562,26.684255599975586,0.),(99.872642517089844,26.697549819946289,0.),(99.883209228515625,26.709554672241211,0.),(99.895217895507812,26.720123291015625,0.),(99.908515930175781,26.729104995727539,0.),(99.922950744628906,26.736349105834961,0.),(99.938377380371094,26.741708755493164,0.),(99.954643249511719,26.745033264160156,0.),(99.971588134765625,26.746173858642578,0.),(99.988548278808594,26.745033264160156,0.),(100.00481414794922,26.741708755493164,0.),(100.02024078369141,26.736349105834961,0.),(100.03467559814453,26.729104995727539,0.),(100.0479736328125,26.720123291015625,0.),(100.05998229980469,26.709554672241211,0.),(100.07054901123047,26.697549819946289,0.),(100.07952880859375,26.684255599975586,0.),(100.08677673339844,26.669822692871094,0.),(100.09213256835938,26.654397964477539,0.),(100.095458984375,26.638132095336914,0.),(100.09658813476562,26.621173858642578,0.),(100.09544372558594,26.604215621948242,0.)),$);
#14885=IFCINDEXEDPOLYCURVE(#14884,(IFCLINEINDEX((1,2,3,4,5,6,7,8,9,10,11,12,13,14,15,16,17,18,19,20,21,22,23,24,25,26,27,28,29,30,31,32,33,34,35,36,37,38,39,40,41,42,43,44,45,46,47,48,1))),$);
#14886=IFCCARTESIANPOINTLIST3D(((95.491622924804688,32.624259948730469,0.),(95.386238098144531,32.620517730712891,0.),(95.284721374511719,32.603107452392578,0.),(95.188026428222656,32.572917938232422,0.),(95.09710693359375,32.530849456787109,0.),(95.012924194335938,32.477790832519531,0.),(94.936416625976562,32.414638519287109,0.),(94.868545532226562,32.34228515625,0.),(94.810264587402344,32.261627197265625,0.),(94.762519836425781,32.173557281494141,0.),(94.726264953613281,32.078971862792969,0.),(94.702461242675781,31.978761672973633,0.),(94.692054748535156,31.87382698059082,0.),(94.691932678222656,31.869524002075195,0.),(94.69183349609375,31.865314483642578,0.),(94.691757202148438,31.861181259155273,0.),(94.691703796386719,31.85710334777832,0.),(94.691673278808594,31.853063583374023,0.),(94.691665649414062,31.849042892456055,0.),(94.691680908203125,31.845022201538086,0.),(94.691719055175781,31.840982437133789,0.),(94.691780090332031,31.836904525756836,0.),(94.691864013671875,31.832771301269531,0.),(94.691970825195312,31.828561782836914,0.),(94.692070007324219,31.824258804321289,0.)),$);
#14887=IFCINDEXEDPOLYCURVE(#14886,$,$);
#14888=IFCCARTESIANPOINTLIST3D(((102.58639526367188,26.587949752807617,0.),(102.58103942871094,26.572525024414062,0.),(102.57379150390625,26.55809211730957,0.),(102.56481170654297,26.544797897338867,0.),(102.55424499511719,26.532793045043945,0.),(102.542236328125,26.522224426269531,0.),(102.52893829345703,26.513242721557617,0.),(102.51450347900391,26.505998611450195,0.),(102.49907684326172,26.500638961791992,0.),(102.48281097412109,26.497314453125,0.),(102.46586608886719,26.496173858642578,0.),(102.44890594482422,26.497314453125,0.),(102.43264007568359,26.500638961791992,0.),(102.41721343994141,26.505998611450195,0.),(102.40277862548828,26.513242721557617,0.),(102.38948059082031,26.522224426269531,0.),(102.37747192382812,26.532793045043945,0.),(102.36690521240234,26.544797897338867,0.),(102.35792541503906,26.55809211730957,0.),(102.35067749023438,26.572525024414062,0.),(102.34532165527344,26.587949752807617,0.),(102.34199523925781,26.604215621948242,0.),(102.34086608886719,26.621173858642578,0.),(102.34201049804688,26.638132095336914,0.),(102.3453369140625,26.654397964477539,0.),(102.35069274902344,26.669822692871094,0.),(102.35794067382812,26.684255599975586,0.),(102.36692047119141,26.697549819946289,0.),(102.37748718261719,26.709554672241211,0.),(102.38949584960938,26.720123291015625,0.),(102.40279388427734,26.729104995727539,0.),(102.41722869873047,26.736349105834961,0.),(102.43265533447266,26.741708755493164,0.),(102.44892120361328,26.745033264160156,0.),(102.46586608886719,26.746173858642578,0.),(102.48282623291016,26.745033264160156,0.),(102.49909210205078,26.741708755493164,0.),(102.51451873779297,26.736349105834961,0.),(102.52895355224609,26.729104995727539,0.),(102.54225158691406,26.720123291015625,0.),(102.55426025390625,26.709554672241211,0.),(102.56482696533203,26.697549819946289,0.),(102.57380676269531,26.684255599975586,0.),(102.5810546875,26.669822692871094,0.),(102.58641052246094,26.654397964477539,0.),(102.58973693847656,26.638132095336914,0.),(102.59086608886719,26.621173858642578,0.),(102.5897216796875,26.604215621948242,0.)),$);
#14889=IFCINDEXEDPOLYCURVE(#14888,(IFCLINEINDEX((1,2,3,4,5,6,7,8,9,10,11,12,13,14,15,16,17,18,19,20,21,22,23,24,25,26,27,28,29,30,31,32,33,34,35,36,37,38,39,40,41,42,43,44,45,46,47,48,1))),$);
#14890=IFCCARTESIANPOINTLIST3D(((102.19207000732422,38.946632385253906,0.),(102.18833923339844,39.052021026611328,0.),(102.17093658447266,39.153537750244141,0.),(102.14076232910156,39.250232696533203,0.),(102.09870147705078,39.341152191162109,0.),(102.045654296875,39.425346374511719,0.),(101.98251342773438,39.501857757568359,0.),(101.91017150878906,39.569736480712891,0.),(101.82952117919922,39.628028869628906,0.),(101.741455078125,39.675785064697266,0.),(101.64687347412109,39.712047576904297,0.),(101.54666900634766,39.735866546630859,0.),(101.44173431396484,39.746295928955078,0.),(101.43742370605469,39.746421813964844,0.),(101.43320465087891,39.746524810791016,0.),(101.42906188964844,39.746604919433594,0.),(101.42497253417969,39.746662139892578,0.),(101.42092132568359,39.746696472167969,0.),(101.41689300537109,39.746707916259766,0.),(101.41286468505859,39.746696472167969,0.),(101.4088134765625,39.746662139892578,0.),(101.40472412109375,39.746601104736328,0.),(101.40058135986328,39.746517181396484,0.),(101.3963623046875,39.746410369873047,0.),(101.39206695556641,39.746284484863281,0.)),$);
#14891=IFCINDEXEDPOLYCURVE(#14890,$,$);
#14892=IFCCARTESIANPOINTLIST3D(((119.46146392822266,36.331283569335938,0.),(119.21146392822266,36.331283569335938,0.),(119.21146392822266,37.881282806396484,0.),(119.46146392822266,37.881282806396484,0.)),$);
#14893=IFCINDEXEDPOLYCURVE(#14892,(IFCLINEINDEX((1,2,3,4,1))),$);
#14894=IFCCARTESIANPOINTLIST3D(((102.94207000732422,31.496284484863281,0.),(102.94207000732422,35.246284484863281,0.)),$);
#14895=IFCINDEXEDPOLYCURVE(#14894,$,$);
#14896=IFCCARTESIANPOINTLIST3D(((107.61338043212891,3.4703729152679443,0.),(107.86338043212891,3.4703729152679443,0.)),$);
#14897=IFCINDEXEDPOLYCURVE(#14896,$,$);
#14898=IFCCARTESIANPOINTLIST3D(((99.468376159667969,1.3925729990005493,0.),(99.468376159667969,2.3820629119873047,0.)),$);
#14899=IFCINDEXEDPOLYCURVE(#14898,$,$);
#14900=IFCCARTESIANPOINTLIST3D(((101.99207305908203,32.137683868408203,0.),(102.94207000732422,32.137683868408203,0.)),$);
#14901=IFCINDEXEDPOLYCURVE(#14900,$,$);
#14902=IFCCARTESIANPOINTLIST3D(((110.36338043212891,3.4203729629516602,0.),(113.46337890625,3.4203729629516602,0.),(113.46337890625,3.3203730583190918,0.),(110.36338043212891,3.3203730583190918,0.)),$);
#14903=IFCINDEXEDPOLYCURVE(#14902,$,$);
#14904=IFCCARTESIANPOINTLIST3D(((92.092071533203125,30.646284103393555,0.),(92.342071533203125,30.646284103393555,0.),(92.342071533203125,30.896284103393555,0.),(92.592071533203125,30.896284103393555,0.),(92.592071533203125,31.146284103393555,0.),(93.592071533203125,31.146284103393555,0.)),$);
#14905=IFCINDEXEDPOLYCURVE(#14904,$,$);
#14906=IFCCARTESIANPOINTLIST3D(((98.190177917480469,3.2867729663848877,0.),(98.363380432128906,3.2867729663848877,0.),(98.363380432128906,3.4589729309082031,0.),(98.613380432128906,3.4589729309082031,0.),(98.613380432128906,3.6311728954315186,0.),(98.863380432128906,3.6311728954315186,0.),(98.863380432128906,3.8033730983734131,0.),(99.113380432128906,3.8033730983734131,0.),(99.113380432128906,3.9755730628967285,0.),(99.363380432128906,3.9755730628967285,0.),(99.363380432128906,4.1477727890014648,0.),(99.613380432128906,4.1477727890014648,0.),(99.613380432128906,4.3203730583190918,0.),(101.61338043212891,4.3203730583190918,0.)),$);
#14907=IFCINDEXEDPOLYCURVE(#14906,$,$);
#14908=IFCCARTESIANPOINTLIST3D(((96.363380432128906,3.7091250419616699,0.),(96.613380432128906,3.7091250419616699,0.)),$);
#14909=IFCINDEXEDPOLYCURVE(#14908,$,$);
#14910=IFCCARTESIANPOINTLIST3D(((107.61338043212891,3.3203730583190918,0.),(107.86338043212891,3.3203730583190918,0.)),$);
#14911=IFCINDEXEDPOLYCURVE(#14910,$,$);
#14912=IFCCARTESIANPOINTLIST3D(((96.363380432128906,5.8203730583190918,0.),(96.613380432128906,5.8203730583190918,0.)),$);
#14913=IFCINDEXEDPOLYCURVE(#14912,$,$);
#14914=IFCCARTESIANPOINTLIST3D(((93.592071533203125,28.596284866333008,0.),(92.092071533203125,28.596284866333008,0.),(92.092071533203125,31.146284103393555,0.),(92.842071533203125,31.146284103393555,0.),(92.842071533203125,35.723716735839844,0.)),$);
#14915=IFCINDEXEDPOLYCURVE(#14914,$,$);
#14916=IFCCARTESIANPOINTLIST3D(((93.592071533203125,30.646284103393555,0.),(93.842071533203125,30.646284103393555,0.)),$);
#14917=IFCINDEXEDPOLYCURVE(#14916,$,$);
#14918=IFCCARTESIANPOINTLIST3D(((102.15077209472656,26.746284484863281,0.),(102.15077209472656,27.496284484863281,0.)),$);
#14919=IFCINDEXEDPOLYCURVE(#14918,$,$);
#14920=IFCCARTESIANPOINTLIST3D(((100.41337585449219,4.3203730583190918,0.),(100.41337585449219,6.3703727722167969,0.),(101.31337738037109,6.3703727722167969,0.),(101.31337738037109,4.3203730583190918,0.)),$);
#14921=IFCINDEXEDPOLYCURVE(#14920,$,$);
#14922=IFCCARTESIANPOINTLIST3D(((103.09207153320312,32.896282196044922,0.),(103.34207153320312,32.896282196044922,0.)),$);
#14923=IFCINDEXEDPOLYCURVE(#14922,$,$);
#14924=IFCCARTESIANPOINTLIST3D(((101.99207305908203,34.605484008789062,0.),(102.94207000732422,34.605484008789062,0.)),$);
#14925=IFCINDEXEDPOLYCURVE(#14924,$,$);
#14926=IFCCARTESIANPOINTLIST3D(((140.54060363769531,21.275100708007812,0.),(140.54060363769531,22.775100708007812,0.),(143.09060668945312,22.775100708007812,0.),(143.09060668945312,22.275100708007812,0.),(143.09060668945312,21.275100708007812,0.)),$);
#14927=IFCINDEXEDPOLYCURVE(#14926,$,$);
#14928=IFCCARTESIANPOINTLIST3D(((97.092071533203125,23.196283340454102,0.),(97.642074584960938,23.196283340454102,0.),(97.642074584960938,23.496284484863281,0.),(102.04206848144531,23.496284484863281,0.),(102.04206848144531,23.196283340454102,0.),(102.59207153320312,23.196283340454102,0.)),$);
#14929=IFCINDEXEDPOLYCURVE(#14928,$,$);
#14930=IFCCARTESIANPOINTLIST3D(((103.09207153320312,39.446285247802734,0.),(103.34207153320312,39.446285247802734,0.)),$);
#14931=IFCINDEXEDPOLYCURVE(#14930,$,$);
#14932=IFCCARTESIANPOINTLIST3D(((97.592071533203125,38.496284484863281,0.),(98.592071533203125,38.496284484863281,0.),(99.592071533203125,38.496284484863281,0.)),$);
#14933=IFCINDEXEDPOLYCURVE(#14932,$,$);
#14934=IFCCARTESIANPOINTLIST3D(((102.11338043212891,3.8203730583190918,0.),(102.11338043212891,3.9869730472564697,0.),(101.86338043212891,3.9869730472564697,0.),(101.86338043212891,4.1536731719970703,0.),(101.61338043212891,4.1536731719970703,0.)),$);
#14935=IFCINDEXEDPOLYCURVE(#14934,$,$);
#14936=IFCCARTESIANPOINTLIST3D(((92.592071533203125,28.596284866333008,0.),(92.592071533203125,28.846284866333008,0.),(92.342071533203125,28.846284866333008,0.),(92.342071533203125,29.096284866333008,0.),(92.092071533203125,29.096284866333008,0.)),$);
#14937=IFCINDEXEDPOLYCURVE(#14936,$,$);
#14938=IFCCARTESIANPOINTLIST3D(((103.21707153320312,35.496284484863281,0.),(103.21707153320312,36.296283721923828,0.)),$);
#14939=IFCINDEXEDPOLYCURVE(#14938,$,$);
#14940=IFCCARTESIANPOINTLIST3D(((101.99207305908203,34.950885772705078,0.),(102.94207000732422,34.950885772705078,0.)),$);
#14941=IFCINDEXEDPOLYCURVE(#14940,$,$);
#14942=IFCCARTESIANPOINTLIST3D(((101.99207305908203,33.569282531738281,0.),(102.94207000732422,33.569282531738281,0.)),$);
#14943=IFCINDEXEDPOLYCURVE(#14942,$,$);
#14944=IFCCARTESIANPOINTLIST3D(((103.09207153320312,33.828182220458984,0.),(103.34207153320312,33.828182220458984,0.)),$);
#14945=IFCINDEXEDPOLYCURVE(#14944,$,$);
#14946=IFCCARTESIANPOINTLIST3D(((101.99207305908203,34.2100830078125,0.),(102.94207000732422,34.2100830078125,0.)),$);
#14947=IFCINDEXEDPOLYCURVE(#14946,$,$);
#14948=IFCCARTESIANPOINTLIST3D(((108.03837585449219,0.17037299275398254,0.),(108.03837585449219,0.77037298679351807,0.)),$);
#14949=IFCINDEXEDPOLYCURVE(#14948,$,$);
#14950=IFCCARTESIANPOINTLIST3D(((101.99207305908203,33.396583557128906,0.),(102.94207000732422,33.396583557128906,0.)),$);
#14951=IFCINDEXEDPOLYCURVE(#14950,$,$);
#14952=IFCCARTESIANPOINTLIST3D(((107.61338043212891,1.2203730344772339,0.),(107.61338043212891,4.2203731536865234,0.)),$);
#14953=IFCINDEXEDPOLYCURVE(#14952,$,$);
#14954=IFCCARTESIANPOINTLIST3D(((94.317070007324219,40.246284484863281,0.),(94.317070007324219,40.496284484863281,0.)),$);
#14955=IFCINDEXEDPOLYCURVE(#14954,$,$);
#14956=IFCCARTESIANPOINTLIST3D(((97.592071533203125,38.746284484863281,0.),(98.592071533203125,38.746284484863281,0.),(99.592071533203125,38.746284484863281,0.)),$);
#14957=IFCINDEXEDPOLYCURVE(#14956,$,$);
#14958=IFCCARTESIANPOINTLIST3D(((101.43396759033203,26.746284484863281,0.),(101.43396759033203,27.496284484863281,0.)),$);
#14959=IFCINDEXEDPOLYCURVE(#14958,$,$);
#14960=IFCCARTESIANPOINTLIST3D(((101.81736755371094,26.746284484863281,0.),(101.81736755371094,27.496284484863281,0.)),$);
#14961=IFCINDEXEDPOLYCURVE(#14960,$,$);
#14962=IFCCARTESIANPOINTLIST3D(((97.092071533203125,23.046283721923828,0.),(97.092071533203125,23.446283340454102,0.)),$);
#14963=IFCINDEXEDPOLYCURVE(#14962,$,$);
#14964=IFCCARTESIANPOINTLIST3D(((103.09207153320312,37.946285247802734,0.),(103.34207153320312,37.946285247802734,0.)),$);
#14965=IFCINDEXEDPOLYCURVE(#14964,$,$);
#14966=IFCCARTESIANPOINTLIST3D(((100.80886840820312,26.746284484863281,0.),(100.80886840820312,27.496284484863281,0.)),$);
#14967=IFCINDEXEDPOLYCURVE(#14966,$,$);
#14968=IFCCARTESIANPOINTLIST3D(((101.99207305908203,31.669584274291992,0.),(102.94207000732422,31.669584274291992,0.)),$);
#14969=IFCINDEXEDPOLYCURVE(#14968,$,$);
#14970=IFCCARTESIANPOINTLIST3D(((97.592071533203125,38.996284484863281,0.),(98.592071533203125,38.996284484863281,0.),(99.592071533203125,38.996284484863281,0.)),$);
#14971=IFCINDEXEDPOLYCURVE(#14970,$,$);
#14972=IFCCARTESIANPOINTLIST3D(((144.84825134277344,32.217380523681641,0.),(149.7606201171875,32.217380523681641,0.)),$);
#14973=IFCINDEXEDPOLYCURVE(#14972,$,$);
#14974=IFCCARTESIANPOINTLIST3D(((119.33646392822266,36.331283569335938,0.),(119.33646392822266,37.881282806396484,0.)),$);
#14975=IFCINDEXEDPOLYCURVE(#14974,$,$);
#14976=IFCCARTESIANPOINTLIST3D(((101.99207305908203,32.655784606933594,0.),(102.94207000732422,32.655784606933594,0.)),$);
#14977=IFCINDEXEDPOLYCURVE(#14976,$,$);
#14978=IFCCARTESIANPOINTLIST3D(((144.84825134277344,32.247379302978516,0.),(149.7606201171875,32.247379302978516,0.)),$);
#14979=IFCINDEXEDPOLYCURVE(#14978,$,$);
#14980=IFCCARTESIANPOINTLIST3D(((93.717071533203125,29.096284866333008,0.),(93.717071533203125,30.646284103393555,0.)),$);
#14981=IFCINDEXEDPOLYCURVE(#14980,$,$);
#14982=IFCCARTESIANPOINTLIST3D(((101.36338043212891,4.3203730583190918,0.),(101.36338043212891,6.4203729629516602,0.)),$);
#14983=IFCINDEXEDPOLYCURVE(#14982,$,$);
#14984=IFCCARTESIANPOINTLIST3D(((100.61717224121094,26.746284484863281,0.),(100.61717224121094,27.496284484863281,0.)),$);
#14985=IFCINDEXEDPOLYCURVE(#14984,$,$);
#14986=IFCCARTESIANPOINTLIST3D(((93.592071533203125,36.221282958984375,0.),(93.842071533203125,36.221282958984375,0.)),$);
#14987=IFCINDEXEDPOLYCURVE(#14986,$,$);
#14988=IFCCARTESIANPOINTLIST3D(((105.61338043212891,1.2203730344772339,0.),(105.61338043212891,4.2203731536865234,0.)),$);
#14989=IFCINDEXEDPOLYCURVE(#14988,$,$);
#14990=IFCCARTESIANPOINTLIST3D(((92.592071533203125,35.721282958984375,0.),(92.592071533203125,35.971282958984375,0.),(92.342071533203125,35.971282958984375,0.),(92.342071533203125,36.221282958984375,0.),(92.092071533203125,36.221282958984375,0.)),$);
#14991=IFCINDEXEDPOLYCURVE(#14990,$,$);
#14992=IFCCARTESIANPOINTLIST3D(((93.717071533203125,36.221282958984375,0.),(93.717071533203125,37.771282196044922,0.)),$);
#14993=IFCINDEXEDPOLYCURVE(#14992,$,$);
#14994=IFCCARTESIANPOINTLIST3D(((96.363380432128906,2.6701729297637939,0.),(97.332275390625,2.6701729297637939,0.),(99.437095642089844,1.2203730344772339,0.)),$);
#14995=IFCINDEXEDPOLYCURVE(#14994,$,$);
#14996=IFCCARTESIANPOINTLIST3D(((95.092071533203125,33.696285247802734,0.),(95.092071533203125,35.246284484863281,0.)),$);
#14997=IFCINDEXEDPOLYCURVE(#14996,$,$);
#14998=IFCCARTESIANPOINTLIST3D(((101.00057220458984,26.746284484863281,0.),(101.00057220458984,27.496284484863281,0.)),$);
#14999=IFCINDEXEDPOLYCURVE(#14998,$,$);
#15000=IFCCARTESIANPOINTLIST3D(((94.040298461914062,28.121284484863281,0.),(96.790298461914062,28.121284484863281,0.)),$);
#15001=IFCINDEXEDPOLYCURVE(#15000,$,$);
#15002=IFCCARTESIANPOINTLIST3D(((107.96337890625,0.77037298679351807,0.),(107.96337890625,1.2203730344772339,0.)),$);
#15003=IFCINDEXEDPOLYCURVE(#15002,$,$);
#15004=IFCCARTESIANPOINTLIST3D(((101.99207305908203,34.382785797119141,0.),(102.94207000732422,34.382785797119141,0.)),$);
#15005=IFCINDEXEDPOLYCURVE(#15004,$,$);
#15006=IFCCARTESIANPOINTLIST3D(((97.092071533203125,23.246284484863281,0.),(97.592071533203125,23.246284484863281,0.),(97.592071533203125,23.496284484863281,0.),(97.342071533203125,23.496284484863281,0.),(97.342071533203125,23.746284484863281,0.),(97.092071533203125,23.746284484863281,0.)),$);
#15007=IFCINDEXEDPOLYCURVE(#15006,$,$);
#15008=IFCCARTESIANPOINTLIST3D(((96.613380432128906,2.7701730728149414,0.),(96.613380432128906,6.4203729629516602,0.)),$);
#15009=IFCINDEXEDPOLYCURVE(#15008,$,$);
#15010=IFCCARTESIANPOINTLIST3D(((112.86338043212891,0.77037298679351807,0.),(112.86338043212891,3.3203730583190918,0.)),$);
#15011=IFCINDEXEDPOLYCURVE(#15010,$,$);
#15012=IFCCARTESIANPOINTLIST3D(((97.464462280273438,2.7701730728149414,0.),(97.464462280273438,3.7728719711303711,0.)),$);
#15013=IFCINDEXEDPOLYCURVE(#15012,$,$);
#15014=IFCCARTESIANPOINTLIST3D(((113.36338043212891,0.77037298679351807,0.),(113.36338043212891,3.3203730583190918,0.)),$);
#15015=IFCINDEXEDPOLYCURVE(#15014,$,$);
#15016=IFCCARTESIANPOINTLIST3D(((101.99207305908203,34.087383270263672,0.),(102.94207000732422,34.087383270263672,0.)),$);
#15017=IFCINDEXEDPOLYCURVE(#15016,$,$);
#15018=IFCCARTESIANPOINTLIST3D(((113.11338043212891,0.77037298679351807,0.),(113.11338043212891,3.3203730583190918,0.)),$);
#15019=IFCINDEXEDPOLYCURVE(#15018,$,$);
#15020=IFCCARTESIANPOINTLIST3D(((101.99207305908203,33.741985321044922,0.),(102.94207000732422,33.741985321044922,0.)),$);
#15021=IFCINDEXEDPOLYCURVE(#15020,$,$);
#15022=IFCCARTESIANPOINTLIST3D(((93.592071533203125,37.771282196044922,0.),(93.842071533203125,37.771282196044922,0.)),$);
#15023=IFCINDEXEDPOLYCURVE(#15022,$,$);
#15024=IFCCARTESIANPOINTLIST3D(((101.59207153320312,27.621284484863281,0.),(103.09207153320312,27.621284484863281,0.)),$);
#15025=IFCINDEXEDPOLYCURVE(#15024,$,$);
#15026=IFCCARTESIANPOINTLIST3D(((97.092071533203125,26.996284484863281,0.),(99.842071533203125,26.996284484863281,0.)),$);
#15027=IFCINDEXEDPOLYCURVE(#15026,$,$);
#15028=IFCCARTESIANPOINTLIST3D(((97.613380432128906,2.6487460136413574,0.),(98.347297668457031,3.1542670726776123,0.)),$);
#15029=IFCINDEXEDPOLYCURVE(#15028,$,$);
#15030=IFCCARTESIANPOINTLIST3D(((101.99207305908203,33.691982269287109,0.),(102.94207000732422,33.691982269287109,0.)),$);
#15031=IFCINDEXEDPOLYCURVE(#15030,$,$);
#15032=IFCCARTESIANPOINTLIST3D(((103.09207153320312,31.996284484863281,0.),(103.34207153320312,31.996284484863281,0.)),$);
#15033=IFCINDEXEDPOLYCURVE(#15032,$,$);
#15034=IFCCARTESIANPOINTLIST3D(((101.95906829833984,26.746284484863281,0.),(101.95906829833984,27.496284484863281,0.)),$);
#15035=IFCINDEXEDPOLYCURVE(#15034,$,$);
#15036=IFCCARTESIANPOINTLIST3D(((101.61338043212891,1.2203730344772339,0.),(101.61338043212891,3.7203729152679443,0.)),$);
#15037=IFCINDEXEDPOLYCURVE(#15036,$,$);
#15038=IFCCARTESIANPOINTLIST3D(((102.00907135009766,26.746284484863281,0.),(102.00907135009766,27.496284484863281,0.)),$);
#15039=IFCINDEXEDPOLYCURVE(#15038,$,$);
#15040=IFCCARTESIANPOINTLIST3D(((95.867073059082031,40.246284484863281,0.),(95.867073059082031,40.496284484863281,0.)),$);
#15041=IFCINDEXEDPOLYCURVE(#15040,$,$);
#15042=IFCCARTESIANPOINTLIST3D(((101.99207305908203,32.014984130859375,0.),(102.94207000732422,32.014984130859375,0.)),$);
#15043=IFCINDEXEDPOLYCURVE(#15042,$,$);
#15044=IFCCARTESIANPOINTLIST3D(((100.85887145996094,26.746284484863281,0.),(100.85887145996094,27.496284484863281,0.)),$);
#15045=IFCINDEXEDPOLYCURVE(#15044,$,$);
#15046=IFCCARTESIANPOINTLIST3D(((101.99207305908203,32.705783843994141,0.),(102.94207000732422,32.705783843994141,0.)),$);
#15047=IFCINDEXEDPOLYCURVE(#15046,$,$);
#15048=IFCCARTESIANPOINTLIST3D(((101.36338043212891,3.8203730583190918,0.),(105.61338043212891,3.8203730583190918,0.)),$);
#15049=IFCINDEXEDPOLYCURVE(#15048,$,$);
#15050=IFCCARTESIANPOINTLIST3D(((101.99207305908203,32.360385894775391,0.),(102.94207000732422,32.360385894775391,0.)),$);
#15051=IFCINDEXEDPOLYCURVE(#15050,$,$);
#15052=IFCCARTESIANPOINTLIST3D(((102.59207153320312,23.746284484863281,0.),(102.34207153320312,23.746284484863281,0.),(102.34207153320312,23.496284484863281,0.),(102.09207153320312,23.496284484863281,0.),(102.09207153320312,23.246284484863281,0.),(102.59207153320312,23.246284484863281,0.)),$);
#15053=IFCINDEXEDPOLYCURVE(#15052,$,$);
#15054=IFCCARTESIANPOINTLIST3D(((101.99207305908203,33.001182556152344,0.),(102.94207000732422,33.001182556152344,0.)),$);
#15055=IFCINDEXEDPOLYCURVE(#15054,$,$);
#15056=IFCCARTESIANPOINTLIST3D(((100.66716766357422,26.746284484863281,0.),(100.66716766357422,27.496284484863281,0.)),$);
#15057=IFCINDEXEDPOLYCURVE(#15056,$,$);
#15058=IFCCARTESIANPOINTLIST3D(((145.12908935546875,33.306396484375,0.),(149.02009582519531,33.306396484375,0.)),$);
#15059=IFCINDEXEDPOLYCURVE(#15058,$,$);
#15060=IFCCARTESIANPOINTLIST3D(((101.99207305908203,33.914684295654297,0.),(102.94207000732422,33.914684295654297,0.)),$);
#15061=IFCINDEXEDPOLYCURVE(#15060,$,$);
#15062=IFCCARTESIANPOINTLIST3D(((97.592071533203125,37.496284484863281,0.),(98.592071533203125,37.496284484863281,0.),(99.592071533203125,37.496284484863281,0.)),$);
#15063=IFCINDEXEDPOLYCURVE(#15062,$,$);
#15064=IFCCARTESIANPOINTLIST3D(((101.99207305908203,34.555484771728516,0.),(102.94207000732422,34.555484771728516,0.)),$);
#15065=IFCINDEXEDPOLYCURVE(#15064,$,$);
#15066=IFCCARTESIANPOINTLIST3D(((101.99207305908203,34.728183746337891,0.),(102.94207000732422,34.728183746337891,0.)),$);
#15067=IFCINDEXEDPOLYCURVE(#15066,$,$);
#15068=IFCCARTESIANPOINTLIST3D(((97.592071533203125,38.246284484863281,0.),(98.592071533203125,38.246284484863281,0.),(99.592071533203125,38.246284484863281,0.)),$);
#15069=IFCINDEXEDPOLYCURVE(#15068,$,$);
#15070=IFCCARTESIANPOINTLIST3D(((101.99207305908203,34.778182983398438,0.),(102.94207000732422,34.778182983398438,0.)),$);
#15071=IFCINDEXEDPOLYCURVE(#15070,$,$);
#15072=IFCCARTESIANPOINTLIST3D(((101.99207305908203,33.173885345458984,0.),(102.94207000732422,33.173885345458984,0.)),$);
#15073=IFCINDEXEDPOLYCURVE(#15072,$,$);
#15074=IFCCARTESIANPOINTLIST3D(((101.99207305908203,34.260082244873047,0.),(102.94207000732422,34.260082244873047,0.)),$);
#15075=IFCINDEXEDPOLYCURVE(#15074,$,$);
#15076=IFCCARTESIANPOINTLIST3D(((101.99207305908203,31.619583129882812,0.),(102.94207000732422,31.619583129882812,0.)),$);
#15077=IFCINDEXEDPOLYCURVE(#15076,$,$);
#15078=IFCCARTESIANPOINTLIST3D(((101.76737213134766,26.746284484863281,0.),(101.76737213134766,27.496284484863281,0.)),$);
#15079=IFCINDEXEDPOLYCURVE(#15078,$,$);
#15080=IFCCARTESIANPOINTLIST3D(((101.99207305908203,33.519283294677734,0.),(102.94207000732422,33.519283294677734,0.)),$);
#15081=IFCINDEXEDPOLYCURVE(#15080,$,$);
#15082=IFCCARTESIANPOINTLIST3D(((96.363380432128906,0.77037298679351807,0.),(96.363380432128906,6.4203729629516602,0.)),$);
#15083=IFCINDEXEDPOLYCURVE(#15082,$,$);
#15084=IFCCARTESIANPOINTLIST3D(((101.05056762695312,26.746284484863281,0.),(101.05056762695312,27.496284484863281,0.)),$);
#15085=IFCINDEXEDPOLYCURVE(#15084,$,$);
#15086=IFCCARTESIANPOINTLIST3D(((101.99207305908203,31.964984893798828,0.),(102.94207000732422,31.964984893798828,0.)),$);
#15087=IFCINDEXEDPOLYCURVE(#15086,$,$);
#15088=IFCCARTESIANPOINTLIST3D(((101.32957458496094,39.746284484863281,0.),(101.32957458496094,39.771282196044922,0.)),$);
#15089=IFCINDEXEDPOLYCURVE(#15088,$,$);
#15090=IFCCARTESIANPOINTLIST3D(((97.592071533203125,37.746284484863281,0.),(98.592071533203125,37.746284484863281,0.),(99.592071533203125,37.746284484863281,0.)),$);
#15091=IFCINDEXEDPOLYCURVE(#15090,$,$);
#15092=IFCCARTESIANPOINTLIST3D(((96.363380432128906,5.9703731536865234,0.),(96.613380432128906,5.9703731536865234,0.)),$);
#15093=IFCINDEXEDPOLYCURVE(#15092,$,$);
#15094=IFCCARTESIANPOINTLIST3D(((101.99207305908203,33.223884582519531,0.),(102.94207000732422,33.223884582519531,0.)),$);
#15095=IFCINDEXEDPOLYCURVE(#15094,$,$);
#15096=IFCCARTESIANPOINTLIST3D(((100.23377227783203,26.746284484863281,0.),(100.23377227783203,27.496284484863281,0.)),$);
#15097=IFCINDEXEDPOLYCURVE(#15096,$,$);
#15098=IFCCARTESIANPOINTLIST3D(((97.592071533203125,39.246284484863281,0.),(98.592071533203125,39.246284484863281,0.),(99.592071533203125,39.246284484863281,0.)),$);
#15099=IFCINDEXEDPOLYCURVE(#15098,$,$);
#15100=IFCCARTESIANPOINTLIST3D(((101.99207305908203,33.051185607910156,0.),(102.94207000732422,33.051185607910156,0.)),$);
#15101=IFCINDEXEDPOLYCURVE(#15100,$,$);
#15102=IFCCARTESIANPOINTLIST3D(((97.484458923339844,2.7701730728149414,0.),(97.484458923339844,3.748586893081665,0.)),$);
#15103=IFCINDEXEDPOLYCURVE(#15102,$,$);
#15104=IFCCARTESIANPOINTLIST3D(((147.66560363769531,21.275100708007812,0.),(147.66560363769531,22.775100708007812,0.),(150.21560668945312,22.775100708007812,0.),(150.21560668945312,22.275100708007812,0.),(150.21560668945312,21.275100708007812,0.)),$);
#15105=IFCINDEXEDPOLYCURVE(#15104,$,$);
#15106=IFCCARTESIANPOINTLIST3D(((107.51338195800781,0.77037298679351807,0.),(107.51338195800781,1.2203730344772339,0.)),$);
#15107=IFCINDEXEDPOLYCURVE(#15106,$,$);
#15108=IFCCARTESIANPOINTLIST3D(((101.99207305908203,32.310382843017578,0.),(102.94207000732422,32.310382843017578,0.)),$);
#15109=IFCINDEXEDPOLYCURVE(#15108,$,$);
#15110=IFCCARTESIANPOINTLIST3D(((101.57566833496094,26.746284484863281,0.),(101.57566833496094,27.496284484863281,0.)),$);
#15111=IFCINDEXEDPOLYCURVE(#15110,$,$);
#15112=IFCCARTESIANPOINTLIST3D(((103.21707153320312,37.946285247802734,0.),(103.21707153320312,38.746284484863281,0.)),$);
#15113=IFCINDEXEDPOLYCURVE(#15112,$,$);
#15114=IFCCARTESIANPOINTLIST3D(((97.592071533203125,39.146282196044922,0.),(99.592071533203125,39.146282196044922,0.)),$);
#15115=IFCINDEXEDPOLYCURVE(#15114,$,$);
#15116=IFCCARTESIANPOINTLIST3D(((101.99207305908203,32.18768310546875,0.),(102.94207000732422,32.18768310546875,0.)),$);
#15117=IFCINDEXEDPOLYCURVE(#15116,$,$);
#15118=IFCCARTESIANPOINTLIST3D(((101.99207305908203,32.533084869384766,0.),(102.94207000732422,32.533084869384766,0.)),$);
#15119=IFCINDEXEDPOLYCURVE(#15118,$,$);
#15120=IFCCARTESIANPOINTLIST3D(((94.040298461914062,27.996284484863281,0.),(94.040298461914062,28.246284484863281,0.)),$);
#15121=IFCINDEXEDPOLYCURVE(#15120,$,$);
#15122=IFCCARTESIANPOINTLIST3D(((145.12908935546875,33.336395263671875,0.),(149.02009582519531,33.336395263671875,0.)),$);
#15123=IFCINDEXEDPOLYCURVE(#15122,$,$);
#15124=IFCCARTESIANPOINTLIST3D(((101.99207305908203,32.483085632324219,0.),(102.94207000732422,32.483085632324219,0.)),$);
#15125=IFCINDEXEDPOLYCURVE(#15124,$,$);
#15126=IFCCARTESIANPOINTLIST3D(((93.592071533203125,29.096284866333008,0.),(93.842071533203125,29.096284866333008,0.)),$);
#15127=IFCINDEXEDPOLYCURVE(#15126,$,$);
#15128=IFCCARTESIANPOINTLIST3D(((101.36338043212891,3.7203729152679443,0.),(105.61338043212891,3.7203729152679443,0.)),$);
#15129=IFCINDEXEDPOLYCURVE(#15128,$,$);
#15130=IFCCARTESIANPOINTLIST3D(((100.42546844482422,26.746284484863281,0.),(100.42546844482422,27.496284484863281,0.)),$);
#15131=IFCINDEXEDPOLYCURVE(#15130,$,$);
#15132=IFCCARTESIANPOINTLIST3D(((101.59207153320312,27.496284484863281,0.),(101.59207153320312,27.746284484863281,0.)),$);
#15133=IFCINDEXEDPOLYCURVE(#15132,$,$);
#15134=IFCCARTESIANPOINTLIST3D(((103.21707153320312,39.446285247802734,0.),(103.21707153320312,40.246284484863281,0.)),$);
#15135=IFCINDEXEDPOLYCURVE(#15134,$,$);
#15136=IFCCARTESIANPOINTLIST3D(((105.61338043212891,4.3203730583190918,0.),(105.61338043212891,6.4203729629516602,0.)),$);
#15137=IFCINDEXEDPOLYCURVE(#15136,$,$);
#15138=IFCCARTESIANPOINTLIST3D(((146.39060974121094,11.525099754333496,0.),(147.19061279296875,11.525099754333496,0.)),$);
#15139=IFCINDEXEDPOLYCURVE(#15138,$,$);
#15140=IFCCARTESIANPOINTLIST3D(((103.09207153320312,34.728183746337891,0.),(103.34207153320312,34.728183746337891,0.)),$);
#15141=IFCINDEXEDPOLYCURVE(#15140,$,$);
#15142=IFCCARTESIANPOINTLIST3D(((101.99207305908203,31.496284484863281,0.),(101.99207305908203,35.246284484863281,0.)),$);
#15143=IFCINDEXEDPOLYCURVE(#15142,$,$);
#15144=IFCCARTESIANPOINTLIST3D(((96.363380432128906,2.7701730728149414,0.),(97.613380432128906,2.7701730728149414,0.)),$);
#15145=IFCINDEXEDPOLYCURVE(#15144,$,$);
#15146=IFCCARTESIANPOINTLIST3D(((103.21707153320312,33.828182220458984,0.),(103.21707153320312,34.728183746337891,0.)),$);
#15147=IFCINDEXEDPOLYCURVE(#15146,$,$);
#15148=IFCCARTESIANPOINTLIST3D(((93.268585205078125,0.77037298679351807,0.),(116.36161041259766,0.77037298679351807,0.)),$);
#15149=IFCINDEXEDPOLYCURVE(#15148,$,$);
#15150=IFCCARTESIANPOINTLIST3D(((101.19226837158203,26.746284484863281,0.),(101.19226837158203,27.496284484863281,0.)),$);
#15151=IFCINDEXEDPOLYCURVE(#15150,$,$);
#15152=IFCCARTESIANPOINTLIST3D(((107.43837738037109,0.17037299275398254,0.),(107.43837738037109,0.77037298679351807,0.)),$);
#15153=IFCINDEXEDPOLYCURVE(#15152,$,$);
#15154=IFCCARTESIANPOINTLIST3D(((119.21146392822266,39.446285247802734,0.),(119.46146392822266,39.446285247802734,0.)),$);
#15155=IFCINDEXEDPOLYCURVE(#15154,$,$);
#15156=IFCCARTESIANPOINTLIST3D(((101.36338043212891,1.2203730344772339,0.),(101.36338043212891,4.2203731536865234,0.)),$);
#15157=IFCINDEXEDPOLYCURVE(#15156,$,$);
#15158=IFCCARTESIANPOINTLIST3D(((105.36338043212891,1.2203730344772339,0.),(105.36338043212891,3.7203729152679443,0.)),$);
#15159=IFCINDEXEDPOLYCURVE(#15158,$,$);
#15160=IFCCARTESIANPOINTLIST3D(((101.99207305908203,31.79228401184082,0.),(102.94207000732422,31.79228401184082,0.)),$);
#15161=IFCINDEXEDPOLYCURVE(#15160,$,$);
#15162=IFCCARTESIANPOINTLIST3D(((94.967071533203125,33.696285247802734,0.),(94.967071533203125,35.246284484863281,0.)),$);
#15163=IFCINDEXEDPOLYCURVE(#15162,$,$);
#15164=IFCCARTESIANPOINTLIST3D(((93.842071533203125,33.571285247802734,0.),(94.642074584960938,33.571285247802734,0.)),$);
#15165=IFCINDEXEDPOLYCURVE(#15164,$,$);
#15166=IFCCARTESIANPOINTLIST3D(((101.99207305908203,31.842283248901367,0.),(102.94207000732422,31.842283248901367,0.)),$);
#15167=IFCINDEXEDPOLYCURVE(#15166,$,$);
#15168=IFCCARTESIANPOINTLIST3D(((101.99207305908203,34.900882720947266,0.),(102.94207000732422,34.900882720947266,0.)),$);
#15169=IFCINDEXEDPOLYCURVE(#15168,$,$);
#15170=IFCCARTESIANPOINTLIST3D(((101.99207305908203,33.346584320068359,0.),(102.94207000732422,33.346584320068359,0.)),$);
#15171=IFCINDEXEDPOLYCURVE(#15170,$,$);
#15172=IFCCARTESIANPOINTLIST3D(((101.38397216796875,26.746284484863281,0.),(101.38397216796875,27.496284484863281,0.)),$);
#15173=IFCINDEXEDPOLYCURVE(#15172,$,$);
#15174=IFCCARTESIANPOINTLIST3D(((101.99207305908203,33.86468505859375,0.),(102.94207000732422,33.86468505859375,0.)),$);
#15175=IFCINDEXEDPOLYCURVE(#15174,$,$);
#15176=IFCCARTESIANPOINTLIST3D(((100.47547149658203,26.746284484863281,0.),(100.47547149658203,27.496284484863281,0.)),$);
#15177=IFCINDEXEDPOLYCURVE(#15176,$,$);
#15178=IFCCARTESIANPOINTLIST3D(((103.21707153320312,31.996284484863281,0.),(103.21707153320312,32.896282196044922,0.)),$);
#15179=IFCINDEXEDPOLYCURVE(#15178,$,$);
#15180=IFCCARTESIANPOINTLIST3D(((96.790298461914062,27.996284484863281,0.),(96.790298461914062,28.246284484863281,0.)),$);
#15181=IFCINDEXEDPOLYCURVE(#15180,$,$);
#15182=IFCCARTESIANPOINTLIST3D(((94.317070007324219,40.371284484863281,0.),(95.867073059082031,40.371284484863281,0.)),$);
#15183=IFCINDEXEDPOLYCURVE(#15182,$,$);
#15184=IFCCARTESIANPOINTLIST3D(((119.33646392822266,39.446285247802734,0.),(119.33646392822266,40.246284484863281,0.)),$);
#15185=IFCINDEXEDPOLYCURVE(#15184,$,$);
#15186=IFCCARTESIANPOINTLIST3D(((107.86338043212891,1.2203730344772339,0.),(107.86338043212891,4.2203731536865234,0.)),$);
#15187=IFCINDEXEDPOLYCURVE(#15186,$,$);
#15188=IFCCARTESIANPOINTLIST3D(((97.592071533203125,37.996284484863281,0.),(98.592071533203125,37.996284484863281,0.),(99.592071533203125,37.996284484863281,0.)),$);
#15189=IFCINDEXEDPOLYCURVE(#15188,$,$);
#15190=IFCCARTESIANPOINTLIST3D(((94.642074584960938,33.446285247802734,0.),(94.642074584960938,33.696285247802734,0.)),$);
#15191=IFCINDEXEDPOLYCURVE(#15190,$,$);
#15192=IFCCARTESIANPOINTLIST3D(((101.99207305908203,35.123584747314453,0.),(102.94207000732422,35.123584747314453,0.)),$);
#15193=IFCINDEXEDPOLYCURVE(#15192,$,$);
#15194=IFCCARTESIANPOINTLIST3D(((101.62567138671875,26.746284484863281,0.),(101.62567138671875,27.496284484863281,0.)),$);
#15195=IFCINDEXEDPOLYCURVE(#15194,$,$);
#15196=IFCCARTESIANPOINTLIST3D(((101.99207305908203,32.828483581542969,0.),(102.94207000732422,32.828483581542969,0.)),$);
#15197=IFCINDEXEDPOLYCURVE(#15196,$,$);
#15198=IFCCARTESIANPOINTLIST3D(((103.09207153320312,36.296283721923828,0.),(103.34207153320312,36.296283721923828,0.)),$);
#15199=IFCINDEXEDPOLYCURVE(#15198,$,$);
#15200=IFCCARTESIANPOINTLIST3D(((96.813377380371094,0.77037298679351807,0.),(96.813377380371094,1.2203730344772339,0.)),$);
#15201=IFCINDEXEDPOLYCURVE(#15200,$,$);
#15202=IFCCARTESIANPOINTLIST3D(((100.36338043212891,4.3203730583190918,0.),(100.36338043212891,6.4203729629516602,0.)),$);
#15203=IFCINDEXEDPOLYCURVE(#15202,$,$);
#15204=IFCCARTESIANPOINTLIST3D(((107.73838043212891,1.2203730344772339,0.),(107.73838043212891,3.3203730583190918,0.)),$);
#15205=IFCINDEXEDPOLYCURVE(#15204,$,$);
#15206=IFCCARTESIANPOINTLIST3D(((144.84825134277344,32.277381896972656,0.),(149.7606201171875,32.277381896972656,0.)),$);
#15207=IFCINDEXEDPOLYCURVE(#15206,$,$);
#15208=IFCCARTESIANPOINTLIST3D(((96.613380432128906,1.2203730344772339,0.),(96.613380432128906,2.6701729297637939,0.)),$);
#15209=IFCINDEXEDPOLYCURVE(#15208,$,$);
#15210=IFCCARTESIANPOINTLIST3D(((101.99207305908203,34.432785034179688,0.),(102.94207000732422,34.432785034179688,0.)),$);
#15211=IFCINDEXEDPOLYCURVE(#15210,$,$);
#15212=IFCCARTESIANPOINTLIST3D(((101.99207305908203,35.073585510253906,0.),(102.94207000732422,35.073585510253906,0.)),$);
#15213=IFCINDEXEDPOLYCURVE(#15212,$,$);
#15214=IFCCARTESIANPOINTLIST3D(((100.28376770019531,26.746284484863281,0.),(100.28376770019531,27.496284484863281,0.)),$);
#15215=IFCINDEXEDPOLYCURVE(#15214,$,$);
#15216=IFCCARTESIANPOINTLIST3D(((102.59207153320312,23.046283721923828,0.),(102.59207153320312,23.446283340454102,0.)),$);
#15217=IFCINDEXEDPOLYCURVE(#15216,$,$);
#15218=IFCCARTESIANPOINTLIST3D(((101.99207305908203,32.878482818603516,0.),(102.94207000732422,32.878482818603516,0.)),$);
#15219=IFCINDEXEDPOLYCURVE(#15218,$,$);
#15220=IFCCARTESIANPOINTLIST3D(((101.99207305908203,34.037384033203125,0.),(102.94207000732422,34.037384033203125,0.)),$);
#15221=IFCINDEXEDPOLYCURVE(#15220,$,$);
#15222=IFCCARTESIANPOINTLIST3D(((94.842071533203125,33.696285247802734,0.),(94.842071533203125,35.246284484863281,0.)),$);
#15223=IFCINDEXEDPOLYCURVE(#15222,$,$);
#15224=IFCCARTESIANPOINTLIST3D(((97.464462280273438,3.7623629570007324,0.),(99.488380432128906,2.3682870864868164,0.)),$);
#15225=IFCINDEXEDPOLYCURVE(#15224,$,$);
#15226=IFCCARTESIANPOINTLIST3D(((101.24227142333984,26.746284484863281,0.),(101.24227142333984,27.496284484863281,0.)),$);
#15227=IFCINDEXEDPOLYCURVE(#15226,$,$);
#15228=IFCCARTESIANPOINTLIST3D(((145.12908935546875,33.276393890380859,0.),(149.02009582519531,33.276393890380859,0.)),$);
#15229=IFCINDEXEDPOLYCURVE(#15228,$,$);
#15230=IFCCARTESIANPOINTLIST3D(((109.71146392822266,28.596284866333008,0.),(108.21146392822266,28.596284866333008,0.),(108.21146392822266,31.146284103393555,0.),(108.71146392822266,31.146284103393555,0.),(109.71146392822266,31.146284103393555,0.)),$);
#15231=IFCINDEXEDPOLYCURVE(#15230,$,$);
#15232=IFCCARTESIANPOINTLIST3D(((110.76145935058594,40.246284484863281,0.),(110.76145935058594,40.496284484863281,0.)),$);
#15233=IFCINDEXEDPOLYCURVE(#15232,$,$);
#15234=IFCCARTESIANPOINTLIST3D(((117.96146392822266,33.914684295654297,0.),(119.21146392822266,33.914684295654297,0.)),$);
#15235=IFCINDEXEDPOLYCURVE(#15234,$,$);
#15236=IFCCARTESIANPOINTLIST3D(((109.81146240234375,31.246284484863281,0.),(109.81146240234375,26.596284866333008,0.),(113.11146545410156,26.596284866333008,0.),(113.11146545410156,28.096284866333008,0.),(113.96146392822266,28.096284866333008,0.),(113.96146392822266,27.996284484863281,0.)),$);
#15237=IFCINDEXEDPOLYCURVE(#15236,$,$);
#15238=IFCCARTESIANPOINTLIST3D(((119.21146392822266,31.496883392333984,0.),(119.21146392822266,35.246284484863281,0.)),$);
#15239=IFCINDEXEDPOLYCURVE(#15238,$,$);
#15240=IFCCARTESIANPOINTLIST3D(((109.83646392822266,36.196285247802734,0.),(109.83646392822266,36.996284484863281,0.)),$);
#15241=IFCINDEXEDPOLYCURVE(#15240,$,$);
#15242=IFCCARTESIANPOINTLIST3D(((117.96146392822266,34.037384033203125,0.),(119.21146392822266,34.037384033203125,0.)),$);
#15243=IFCINDEXEDPOLYCURVE(#15242,$,$);
#15244=IFCCARTESIANPOINTLIST3D(((113.71146392822266,37.996284484863281,0.),(114.71146392822266,37.996284484863281,0.),(115.71146392822266,37.996284484863281,0.)),$);
#15245=IFCINDEXEDPOLYCURVE(#15244,$,$);
#15246=IFCCARTESIANPOINTLIST3D(((113.71146392822266,38.746284484863281,0.),(114.71146392822266,38.746284484863281,0.),(115.71146392822266,38.746284484863281,0.)),$);
#15247=IFCINDEXEDPOLYCURVE(#15246,$,$);
#15248=IFCCARTESIANPOINTLIST3D(((117.96146392822266,32.310382843017578,0.),(119.21146392822266,32.310382843017578,0.)),$);
#15249=IFCINDEXEDPOLYCURVE(#15248,$,$);
#15250=IFCCARTESIANPOINTLIST3D(((117.96146392822266,31.842283248901367,0.),(119.21146392822266,31.842283248901367,0.)),$);
#15251=IFCINDEXEDPOLYCURVE(#15250,$,$);
#15252=IFCCARTESIANPOINTLIST3D(((117.96146392822266,33.223884582519531,0.),(119.21146392822266,33.223884582519531,0.)),$);
#15253=IFCINDEXEDPOLYCURVE(#15252,$,$);
#15254=IFCCARTESIANPOINTLIST3D(((117.96146392822266,34.778182983398438,0.),(119.21146392822266,34.778182983398438,0.)),$);
#15255=IFCINDEXEDPOLYCURVE(#15254,$,$);
#15256=IFCCARTESIANPOINTLIST3D(((112.66146087646484,40.246284484863281,0.),(112.66146087646484,40.496284484863281,0.)),$);
#15257=IFCINDEXEDPOLYCURVE(#15256,$,$);
#15258=IFCCARTESIANPOINTLIST3D(((109.71146392822266,36.996284484863281,0.),(109.96146392822266,36.996284484863281,0.),(110.21146392822266,36.996284484863281,0.),(111.46146392822266,36.996284484863281,0.),(111.46146392822266,37.596282958984375,0.),(111.36146545410156,37.596282958984375,0.),(111.36146545410156,37.096282958984375,0.),(109.96146392822266,37.096282958984375,0.)),$);
#15259=IFCINDEXEDPOLYCURVE(#15258,$,$);
#15260=IFCCARTESIANPOINTLIST3D(((109.71146392822266,35.721282958984375,0.),(108.21146392822266,35.721282958984375,0.),(108.21146392822266,38.271282196044922,0.),(109.71146392822266,38.271282196044922,0.)),$);
#15261=IFCINDEXEDPOLYCURVE(#15260,$,$);
#15262=IFCCARTESIANPOINTLIST3D(((117.96146392822266,34.087383270263672,0.),(119.21146392822266,34.087383270263672,0.)),$);
#15263=IFCINDEXEDPOLYCURVE(#15262,$,$);
#15264=IFCCARTESIANPOINTLIST3D(((117.96146392822266,32.137683868408203,0.),(119.21146392822266,32.137683868408203,0.)),$);
#15265=IFCINDEXEDPOLYCURVE(#15264,$,$);
#15266=IFCCARTESIANPOINTLIST3D(((114.30850219726562,30.746284484863281,0.),(114.55850219726562,30.746284484863281,0.),(114.55850219726562,30.496284484863281,0.),(114.80850219726562,30.496284484863281,0.),(114.80850219726562,30.246284484863281,0.)),$);
#15267=IFCINDEXEDPOLYCURVE(#15266,$,$);
#15268=IFCCARTESIANPOINTLIST3D(((113.71146392822266,38.246284484863281,0.),(114.71146392822266,38.246284484863281,0.),(115.71146392822266,38.246284484863281,0.)),$);
#15269=IFCINDEXEDPOLYCURVE(#15268,$,$);
#15270=IFCCARTESIANPOINTLIST3D(((105.36338043212891,3.3203730583190918,0.),(105.61338043212891,3.3203730583190918,0.)),$);
#15271=IFCINDEXEDPOLYCURVE(#15270,$,$);
#15272=IFCCARTESIANPOINTLIST3D(((105.78837585449219,0.17037299275398254,0.),(105.78837585449219,0.77037298679351807,0.)),$);
#15273=IFCINDEXEDPOLYCURVE(#15272,$,$);
#15274=IFCCARTESIANPOINTLIST3D(((117.96146392822266,32.360385894775391,0.),(119.21146392822266,32.360385894775391,0.)),$);
#15275=IFCINDEXEDPOLYCURVE(#15274,$,$);
#15276=IFCCARTESIANPOINTLIST3D(((110.96146392822266,35.246284484863281,0.),(111.21146392822266,35.246284484863281,0.)),$);
#15277=IFCINDEXEDPOLYCURVE(#15276,$,$);
#15278=IFCCARTESIANPOINTLIST3D(((117.36166381835938,26.746284484863281,0.),(117.36166381835938,27.496284484863281,0.)),$);
#15279=IFCINDEXEDPOLYCURVE(#15278,$,$);
#15280=IFCCARTESIANPOINTLIST3D(((113.71146392822266,38.496284484863281,0.),(114.71146392822266,38.496284484863281,0.),(115.71146392822266,38.496284484863281,0.)),$);
#15281=IFCINDEXEDPOLYCURVE(#15280,$,$);
#15282=IFCCARTESIANPOINTLIST3D(((105.26338195800781,0.77037298679351807,0.),(105.26338195800781,1.2203730344772339,0.)),$);
#15283=IFCINDEXEDPOLYCURVE(#15282,$,$);
#15284=IFCCARTESIANPOINTLIST3D(((117.96146392822266,33.691982269287109,0.),(119.21146392822266,33.691982269287109,0.)),$);
#15285=IFCINDEXEDPOLYCURVE(#15284,$,$);
#15286=IFCCARTESIANPOINTLIST3D(((96.888381958007812,0.17037299275398254,0.),(96.888381958007812,0.77037298679351807,0.)),$);
#15287=IFCINDEXEDPOLYCURVE(#15286,$,$);
#15288=IFCCARTESIANPOINTLIST3D(((117.96146392822266,34.2100830078125,0.),(119.21146392822266,34.2100830078125,0.)),$);
#15289=IFCINDEXEDPOLYCURVE(#15288,$,$);
#15290=IFCCARTESIANPOINTLIST3D(((118.12846374511719,26.746284484863281,0.),(118.12846374511719,27.496284484863281,0.)),$);
#15291=IFCINDEXEDPOLYCURVE(#15290,$,$);
#15292=IFCCARTESIANPOINTLIST3D(((117.96146392822266,31.964984893798828,0.),(119.21146392822266,31.964984893798828,0.)),$);
#15293=IFCINDEXEDPOLYCURVE(#15292,$,$);
#15294=IFCCARTESIANPOINTLIST3D(((109.71146392822266,39.571285247802734,0.),(109.96146392822266,39.571285247802734,0.)),$);
#15295=IFCINDEXEDPOLYCURVE(#15294,$,$);
#15296=IFCCARTESIANPOINTLIST3D(((117.96146392822266,32.705783843994141,0.),(119.21146392822266,32.705783843994141,0.)),$);
#15297=IFCINDEXEDPOLYCURVE(#15296,$,$);
#15298=IFCCARTESIANPOINTLIST3D(((117.69506072998047,26.746284484863281,0.),(117.69506072998047,27.496284484863281,0.)),$);
#15299=IFCINDEXEDPOLYCURVE(#15298,$,$);
#15300=IFCCARTESIANPOINTLIST3D(((114.16146087646484,31.496284484863281,0.),(114.16146087646484,35.296283721923828,0.),(115.71146392822266,35.296283721923828,0.)),$);
#15301=IFCINDEXEDPOLYCURVE(#15300,$,$);
#15302=IFCCARTESIANPOINTLIST3D(((117.96146392822266,32.828483581542969,0.),(119.21146392822266,32.828483581542969,0.)),$);
#15303=IFCINDEXEDPOLYCURVE(#15302,$,$);
#15304=IFCCARTESIANPOINTLIST3D(((117.96146392822266,34.382785797119141,0.),(119.21146392822266,34.382785797119141,0.)),$);
#15305=IFCINDEXEDPOLYCURVE(#15304,$,$);
#15306=IFCCARTESIANPOINTLIST3D(((116.97826385498047,26.746284484863281,0.),(116.97826385498047,27.496284484863281,0.)),$);
#15307=IFCINDEXEDPOLYCURVE(#15306,$,$);
#15308=IFCCARTESIANPOINTLIST3D(((117.96146392822266,32.655784606933594,0.),(119.21146392822266,32.655784606933594,0.)),$);
#15309=IFCINDEXEDPOLYCURVE(#15308,$,$);
#15310=IFCCARTESIANPOINTLIST3D(((116.59486389160156,26.746284484863281,0.),(116.59486389160156,27.496284484863281,0.)),$);
#15311=IFCINDEXEDPOLYCURVE(#15310,$,$);
#15312=IFCCARTESIANPOINTLIST3D(((116.21146392822266,35.496284484863281,0.),(115.96146392822266,35.496284484863281,0.),(115.96146392822266,40.496284484863281,0.)),$);
#15313=IFCINDEXEDPOLYCURVE(#15312,$,$);
#15314=IFCCARTESIANPOINTLIST3D(((116.73656463623047,26.746284484863281,0.),(116.73656463623047,27.496284484863281,0.)),$);
#15315=IFCINDEXEDPOLYCURVE(#15314,$,$);
#15316=IFCCARTESIANPOINTLIST3D(((117.55335998535156,26.746284484863281,0.),(117.55335998535156,27.496284484863281,0.)),$);
#15317=IFCINDEXEDPOLYCURVE(#15316,$,$);
#15318=IFCCARTESIANPOINTLIST3D(((117.96146392822266,31.619583129882812,0.),(119.21146392822266,31.619583129882812,0.)),$);
#15319=IFCINDEXEDPOLYCURVE(#15318,$,$);
#15320=IFCCARTESIANPOINTLIST3D(((109.97946166992188,37.571285247802734,0.),(109.97946166992188,37.589282989501953,0.)),$);
#15321=IFCINDEXEDPOLYCURVE(#15320,$,$);
#15322=IFCCARTESIANPOINTLIST3D(((117.96146392822266,33.051185607910156,0.),(119.21146392822266,33.051185607910156,0.)),$);
#15323=IFCINDEXEDPOLYCURVE(#15322,$,$);
#15324=IFCCARTESIANPOINTLIST3D(((114.80850219726562,31.246284484863281,0.),(114.80850219726562,31.496284484863281,0.)),$);
#15325=IFCINDEXEDPOLYCURVE(#15324,$,$);
#15326=IFCCARTESIANPOINTLIST3D(((117.96146392822266,33.001182556152344,0.),(119.21146392822266,33.001182556152344,0.)),$);
#15327=IFCINDEXEDPOLYCURVE(#15326,$,$);
#15328=IFCCARTESIANPOINTLIST3D(((117.96146392822266,32.18768310546875,0.),(119.21146392822266,32.18768310546875,0.)),$);
#15329=IFCINDEXEDPOLYCURVE(#15328,$,$);
#15330=IFCCARTESIANPOINTLIST3D(((117.96146392822266,32.533084869384766,0.),(119.21146392822266,32.533084869384766,0.)),$);
#15331=IFCINDEXEDPOLYCURVE(#15330,$,$);
#15332=IFCCARTESIANPOINTLIST3D(((117.96146392822266,33.519283294677734,0.),(119.21146392822266,33.519283294677734,0.)),$);
#15333=IFCINDEXEDPOLYCURVE(#15332,$,$);
#15334=IFCCARTESIANPOINTLIST3D(((117.88676452636719,26.746284484863281,0.),(117.88676452636719,27.496284484863281,0.)),$);
#15335=IFCINDEXEDPOLYCURVE(#15334,$,$);
#15336=IFCCARTESIANPOINTLIST3D(((113.94145965576172,40.246284484863281,0.),(113.94145965576172,40.496284484863281,0.)),$);
#15337=IFCINDEXEDPOLYCURVE(#15336,$,$);
#15338=IFCCARTESIANPOINTLIST3D(((117.96146392822266,34.432785034179688,0.),(119.21146392822266,34.432785034179688,0.)),$);
#15339=IFCINDEXEDPOLYCURVE(#15338,$,$);
#15340=IFCCARTESIANPOINTLIST3D(((117.31166076660156,26.746284484863281,0.),(117.31166076660156,27.496284484863281,0.)),$);
#15341=IFCINDEXEDPOLYCURVE(#15340,$,$);
#15342=IFCCARTESIANPOINTLIST3D(((114.80850219726562,31.371284484863281,0.),(117.45850372314453,31.371284484863281,0.)),$);
#15343=IFCINDEXEDPOLYCURVE(#15342,$,$);
#15344=IFCCARTESIANPOINTLIST3D(((118.27016448974609,26.746284484863281,0.),(118.27016448974609,27.496284484863281,0.)),$);
#15345=IFCINDEXEDPOLYCURVE(#15344,$,$);
#15346=IFCCARTESIANPOINTLIST3D(((117.96146392822266,34.950885772705078,0.),(119.21146392822266,34.950885772705078,0.)),$);
#15347=IFCINDEXEDPOLYCURVE(#15346,$,$);
#15348=IFCCARTESIANPOINTLIST3D(((117.96146392822266,33.173885345458984,0.),(119.21146392822266,33.173885345458984,0.)),$);
#15349=IFCINDEXEDPOLYCURVE(#15348,$,$);
#15350=IFCCARTESIANPOINTLIST3D(((117.96146392822266,34.900882720947266,0.),(119.21146392822266,34.900882720947266,0.)),$);
#15351=IFCINDEXEDPOLYCURVE(#15350,$,$);
#15352=IFCCARTESIANPOINTLIST3D(((113.71146392822266,37.746284484863281,0.),(114.71146392822266,37.746284484863281,0.),(115.71146392822266,37.746284484863281,0.)),$);
#15353=IFCINDEXEDPOLYCURVE(#15352,$,$);
#15354=IFCCARTESIANPOINTLIST3D(((117.96146392822266,31.669584274291992,0.),(119.21146392822266,31.669584274291992,0.)),$);
#15355=IFCINDEXEDPOLYCURVE(#15354,$,$);
#15356=IFCCARTESIANPOINTLIST3D(((116.78656005859375,26.746284484863281,0.),(116.78656005859375,27.496284484863281,0.)),$);
#15357=IFCINDEXEDPOLYCURVE(#15356,$,$);
#15358=IFCCARTESIANPOINTLIST3D(((101.36338043212891,3.4703729152679443,0.),(101.61338043212891,3.4703729152679443,0.)),$);
#15359=IFCINDEXEDPOLYCURVE(#15358,$,$);
#15360=IFCCARTESIANPOINTLIST3D(((109.81146240234375,31.746284484863281,0.),(109.81146240234375,35.246284484863281,0.)),$);
#15361=IFCINDEXEDPOLYCURVE(#15360,$,$);
#15362=IFCCARTESIANPOINTLIST3D(((117.45850372314453,30.246284484863281,0.),(117.45850372314453,30.496284484863281,0.),(117.70850372314453,30.496284484863281,0.),(117.70850372314453,30.746284484863281,0.),(117.95850372314453,30.746284484863281,0.)),$);
#15363=IFCINDEXEDPOLYCURVE(#15362,$,$);
#15364=IFCCARTESIANPOINTLIST3D(((111.83646392822266,33.746284484863281,0.),(111.83646392822266,35.246284484863281,0.)),$);
#15365=IFCINDEXEDPOLYCURVE(#15364,$,$);
#15366=IFCCARTESIANPOINTLIST3D(((117.45850372314453,31.246284484863281,0.),(117.45850372314453,31.496284484863281,0.)),$);
#15367=IFCINDEXEDPOLYCURVE(#15366,$,$);
#15368=IFCCARTESIANPOINTLIST3D(((105.36338043212891,3.4703729152679443,0.),(105.61338043212891,3.4703729152679443,0.)),$);
#15369=IFCINDEXEDPOLYCURVE(#15368,$,$);
#15370=IFCCARTESIANPOINTLIST3D(((116.40316009521484,26.746284484863281,0.),(116.40316009521484,27.496284484863281,0.)),$);
#15371=IFCINDEXEDPOLYCURVE(#15370,$,$);
#15372=IFCCARTESIANPOINTLIST3D(((116.92826080322266,26.746284484863281,0.),(116.92826080322266,27.496284484863281,0.)),$);
#15373=IFCINDEXEDPOLYCURVE(#15372,$,$);
#15374=IFCCARTESIANPOINTLIST3D(((109.96146392822266,40.371284484863281,0.),(110.76145935058594,40.371284484863281,0.)),$);
#15375=IFCINDEXEDPOLYCURVE(#15374,$,$);
#15376=IFCCARTESIANPOINTLIST3D(((117.96146392822266,34.555484771728516,0.),(119.21146392822266,34.555484771728516,0.)),$);
#15377=IFCINDEXEDPOLYCURVE(#15376,$,$);
#15378=IFCCARTESIANPOINTLIST3D(((118.07846069335938,26.746284484863281,0.),(118.07846069335938,27.496284484863281,0.)),$);
#15379=IFCINDEXEDPOLYCURVE(#15378,$,$);
#15380=IFCCARTESIANPOINTLIST3D(((113.94145965576172,40.371284484863281,0.),(115.48146057128906,40.371284484863281,0.)),$);
#15381=IFCINDEXEDPOLYCURVE(#15380,$,$);
#15382=IFCCARTESIANPOINTLIST3D(((111.34346008300781,37.571285247802734,0.),(111.34346008300781,37.589282989501953,0.)),$);
#15383=IFCINDEXEDPOLYCURVE(#15382,$,$);
#15384=IFCCARTESIANPOINTLIST3D(((105.18837738037109,0.17037299275398254,0.),(105.18837738037109,0.77037298679351807,0.)),$);
#15385=IFCINDEXEDPOLYCURVE(#15384,$,$);
#15386=IFCCARTESIANPOINTLIST3D(((117.96146392822266,35.073585510253906,0.),(119.21146392822266,35.073585510253906,0.)),$);
#15387=IFCINDEXEDPOLYCURVE(#15386,$,$);
#15388=IFCCARTESIANPOINTLIST3D(((117.96146392822266,34.728183746337891,0.),(119.21146392822266,34.728183746337891,0.)),$);
#15389=IFCINDEXEDPOLYCURVE(#15388,$,$);
#15390=IFCCARTESIANPOINTLIST3D(((117.96146392822266,34.260082244873047,0.),(119.21146392822266,34.260082244873047,0.)),$);
#15391=IFCINDEXEDPOLYCURVE(#15390,$,$);
#15392=IFCCARTESIANPOINTLIST3D(((109.71146392822266,36.196285247802734,0.),(109.96146392822266,36.196285247802734,0.)),$);
#15393=IFCINDEXEDPOLYCURVE(#15392,$,$);
#15394=IFCCARTESIANPOINTLIST3D(((117.96146392822266,32.014984130859375,0.),(119.21146392822266,32.014984130859375,0.)),$);
#15395=IFCINDEXEDPOLYCURVE(#15394,$,$);
#15396=IFCCARTESIANPOINTLIST3D(((117.96146392822266,33.569282531738281,0.),(119.21146392822266,33.569282531738281,0.)),$);
#15397=IFCINDEXEDPOLYCURVE(#15396,$,$);
#15398=IFCCARTESIANPOINTLIST3D(((117.96146392822266,33.86468505859375,0.),(119.21146392822266,33.86468505859375,0.)),$);
#15399=IFCINDEXEDPOLYCURVE(#15398,$,$);
#15400=IFCCARTESIANPOINTLIST3D(((117.16996002197266,26.746284484863281,0.),(117.16996002197266,27.496284484863281,0.)),$);
#15401=IFCINDEXEDPOLYCURVE(#15400,$,$);
#15402=IFCCARTESIANPOINTLIST3D(((115.48146057128906,40.246284484863281,0.),(115.48146057128906,40.496284484863281,0.)),$);
#15403=IFCINDEXEDPOLYCURVE(#15402,$,$);
#15404=IFCCARTESIANPOINTLIST3D(((117.96146392822266,33.396583557128906,0.),(119.21146392822266,33.396583557128906,0.)),$);
#15405=IFCINDEXEDPOLYCURVE(#15404,$,$);
#15406=IFCCARTESIANPOINTLIST3D(((112.66146087646484,40.371284484863281,0.),(113.46146392822266,40.371284484863281,0.)),$);
#15407=IFCINDEXEDPOLYCURVE(#15406,$,$);
#15408=IFCCARTESIANPOINTLIST3D(((96.288375854492188,0.17037299275398254,0.),(96.288375854492188,0.77037298679351807,0.)),$);
#15409=IFCINDEXEDPOLYCURVE(#15408,$,$);
#15410=IFCCARTESIANPOINTLIST3D(((117.96146392822266,32.483085632324219,0.),(119.21146392822266,32.483085632324219,0.)),$);
#15411=IFCINDEXEDPOLYCURVE(#15410,$,$);
#15412=IFCCARTESIANPOINTLIST3D(((117.50336456298828,26.746284484863281,0.),(117.50336456298828,27.496284484863281,0.)),$);
#15413=IFCINDEXEDPOLYCURVE(#15412,$,$);
#15414=IFCCARTESIANPOINTLIST3D(((117.96146392822266,35.123584747314453,0.),(119.21146392822266,35.123584747314453,0.)),$);
#15415=IFCINDEXEDPOLYCURVE(#15414,$,$);
#15416=IFCCARTESIANPOINTLIST3D(((117.96146392822266,34.605484008789062,0.),(119.21146392822266,34.605484008789062,0.)),$);
#15417=IFCINDEXEDPOLYCURVE(#15416,$,$);
#15418=IFCCARTESIANPOINTLIST3D(((101.18837738037109,0.17037299275398254,0.),(101.18837738037109,0.77037298679351807,0.)),$);
#15419=IFCINDEXEDPOLYCURVE(#15418,$,$);
#15420=IFCCARTESIANPOINTLIST3D(((101.78837585449219,0.17037299275398254,0.),(101.78837585449219,0.77037298679351807,0.)),$);
#15421=IFCINDEXEDPOLYCURVE(#15420,$,$);
#15422=IFCCARTESIANPOINTLIST3D(((101.71337890625,0.77037298679351807,0.),(101.71337890625,1.2203730344772339,0.)),$);
#15423=IFCINDEXEDPOLYCURVE(#15422,$,$);
#15424=IFCCARTESIANPOINTLIST3D(((105.71337890625,0.77037298679351807,0.),(105.71337890625,1.2203730344772339,0.)),$);
#15425=IFCINDEXEDPOLYCURVE(#15424,$,$);
#15426=IFCCARTESIANPOINTLIST3D(((96.488380432128906,3.7203729152679443,0.),(96.488380432128906,5.8203730583190918,0.)),$);
#15427=IFCINDEXEDPOLYCURVE(#15426,$,$);
#15428=IFCCARTESIANPOINTLIST3D(((117.96146392822266,33.346584320068359,0.),(119.21146392822266,33.346584320068359,0.)),$);
#15429=IFCINDEXEDPOLYCURVE(#15428,$,$);
#15430=IFCCARTESIANPOINTLIST3D(((109.83646392822266,38.021282196044922,0.),(109.83646392822266,39.571285247802734,0.)),$);
#15431=IFCINDEXEDPOLYCURVE(#15430,$,$);
#15432=IFCCARTESIANPOINTLIST3D(((109.71146392822266,38.021282196044922,0.),(109.96146392822266,38.021282196044922,0.)),$);
#15433=IFCINDEXEDPOLYCURVE(#15432,$,$);
#15434=IFCCARTESIANPOINTLIST3D(((117.96146392822266,32.878482818603516,0.),(119.21146392822266,32.878482818603516,0.)),$);
#15435=IFCINDEXEDPOLYCURVE(#15434,$,$);
#15436=IFCCARTESIANPOINTLIST3D(((101.26338195800781,0.77037298679351807,0.),(101.26338195800781,1.2203730344772339,0.)),$);
#15437=IFCINDEXEDPOLYCURVE(#15436,$,$);
#15438=IFCCARTESIANPOINTLIST3D(((117.74506378173828,26.746284484863281,0.),(117.74506378173828,27.496284484863281,0.)),$);
#15439=IFCINDEXEDPOLYCURVE(#15438,$,$);
#15440=IFCCARTESIANPOINTLIST3D(((116.54486083984375,26.746284484863281,0.),(116.54486083984375,27.496284484863281,0.)),$);
#15441=IFCINDEXEDPOLYCURVE(#15440,$,$);
#15442=IFCCARTESIANPOINTLIST3D(((117.11996459960938,26.746284484863281,0.),(117.11996459960938,27.496284484863281,0.)),$);
#15443=IFCINDEXEDPOLYCURVE(#15442,$,$);
#15444=IFCCARTESIANPOINTLIST3D(((117.93675994873047,26.746284484863281,0.),(117.93675994873047,27.496284484863281,0.)),$);
#15445=IFCINDEXEDPOLYCURVE(#15444,$,$);
#15446=IFCCARTESIANPOINTLIST3D(((117.96146392822266,33.741985321044922,0.),(119.21146392822266,33.741985321044922,0.)),$);
#15447=IFCINDEXEDPOLYCURVE(#15446,$,$);
#15448=IFCCARTESIANPOINTLIST3D(((117.96146392822266,31.79228401184082,0.),(119.21146392822266,31.79228401184082,0.)),$);
#15449=IFCINDEXEDPOLYCURVE(#15448,$,$);
#15450=IFCCARTESIANPOINTLIST3D(((111.96146392822266,34.996284484863281,0.),(114.16146087646484,34.996284484863281,0.)),$);
#15451=IFCINDEXEDPOLYCURVE(#15450,$,$);
#15452=IFCCARTESIANPOINTLIST3D(((112.46771240234375,35.246284484863281,0.),(114.16146087646484,35.246284484863281,0.)),$);
#15453=IFCINDEXEDPOLYCURVE(#15452,$,$);
#15454=IFCCARTESIANPOINTLIST3D(((106.61338043212891,4.3203730583190918,0.),(106.61338043212891,6.4203729629516602,0.)),$);
#15455=IFCINDEXEDPOLYCURVE(#15454,$,$);
#15456=IFCCARTESIANPOINTLIST3D(((106.11338043212891,4.3203730583190918,0.),(106.11338043212891,6.4203729629516602,0.)),$);
#15457=IFCINDEXEDPOLYCURVE(#15456,$,$);
#15458=IFCCARTESIANPOINTLIST3D(((115.13371276855469,0.75994598865509033,0.),(115.31979370117188,0.44024398922920227,0.)),$);
#15459=IFCINDEXEDPOLYCURVE(#15458,$,$);
#15460=IFCCARTESIANPOINTLIST3D(((93.709503173828125,0.43568500876426697,0.),(93.879074096679688,0.77037298679351807,0.)),$);
#15461=IFCINDEXEDPOLYCURVE(#15460,$,$);
#15462=IFCCARTESIANPOINTLIST3D(((98.988380432128906,2.7369730472564697,0.),(98.988380432128906,2.7376461029052734,0.)),$);
#15463=IFCINDEXEDPOLYCURVE(#15462,$,$);
#15464=IFCCARTESIANPOINTLIST3D(((115.12120819091797,0.43653199076652527,0.),(115.29035186767578,0.77037298679351807,0.)),$);
#15465=IFCINDEXEDPOLYCURVE(#15464,$,$);
#15466=IFCCARTESIANPOINTLIST3D(((98.738380432128906,3.6311728954315186,0.),(98.738380432128906,4.6318459510803223,0.)),$);
#15467=IFCINDEXEDPOLYCURVE(#15466,$,$);
#15468=IFCCARTESIANPOINTLIST3D(((98.738380432128906,2.9091730117797852,0.),(98.738380432128906,2.9098460674285889,0.)),$);
#15469=IFCINDEXEDPOLYCURVE(#15468,$,$);
#15470=IFCCARTESIANPOINTLIST3D(((99.238380432128906,3.9755730628967285,0.),(99.238380432128906,4.9762458801269531,0.)),$);
#15471=IFCINDEXEDPOLYCURVE(#15470,$,$);
#15472=IFCCARTESIANPOINTLIST3D(((115.20085906982422,0.76385599374771118,0.),(115.38846588134766,0.44152799248695374,0.)),$);
#15473=IFCINDEXEDPOLYCURVE(#15472,$,$);
#15474=IFCCARTESIANPOINTLIST3D(((93.754776000976562,0.43653199076652527,0.),(93.923912048339844,0.77037298679351807,0.)),$);
#15475=IFCINDEXEDPOLYCURVE(#15474,$,$);
#15476=IFCCARTESIANPOINTLIST3D(((93.664230346679688,0.43483901023864746,0.),(93.834228515625,0.77037298679351807,0.)),$);
#15477=IFCINDEXEDPOLYCURVE(#15476,$,$);
#15478=IFCCARTESIANPOINTLIST3D(((115.14384460449219,0.43695500493049622,0.),(115.31276702880859,0.77037298679351807,0.),(115.5029296875,0.44366699457168579,0.)),$);
#15479=IFCINDEXEDPOLYCURVE(#15478,$,$);
#15480=IFCCARTESIANPOINTLIST3D(((115.26800537109375,0.76776599884033203,0.),(115.45714569091797,0.4428119957447052,0.)),$);
#15481=IFCINDEXEDPOLYCURVE(#15480,$,$);
#15482=IFCCARTESIANPOINTLIST3D(((115.24562072753906,0.76646298170089722,0.),(115.43424987792969,0.44238400459289551,0.)),$);
#15483=IFCINDEXEDPOLYCURVE(#15482,$,$);
#15484=IFCCARTESIANPOINTLIST3D(((93.9239501953125,0.76906901597976685,0.),(94.113594055175781,0.4432390034198761,0.)),$);
#15485=IFCINDEXEDPOLYCURVE(#15484,$,$);
#15486=IFCCARTESIANPOINTLIST3D(((98.238380432128906,2.253572940826416,0.),(98.238380432128906,3.2292869091033936,0.)),$);
#15487=IFCINDEXEDPOLYCURVE(#15486,$,$);
#15488=IFCCARTESIANPOINTLIST3D(((98.488380432128906,2.0813729763031006,0.),(98.488380432128906,3.0570869445800781,0.)),$);
#15489=IFCINDEXEDPOLYCURVE(#15488,$,$);
#15490=IFCCARTESIANPOINTLIST3D(((98.238380432128906,3.2867729663848877,0.),(98.238380432128906,4.2874460220336914,0.)),$);
#15491=IFCINDEXEDPOLYCURVE(#15490,$,$);
#15492=IFCCARTESIANPOINTLIST3D(((115.29039001464844,0.76906901597976685,0.),(115.48003387451172,0.4432390034198761,0.)),$);
#15493=IFCINDEXEDPOLYCURVE(#15492,$,$);
#15494=IFCCARTESIANPOINTLIST3D(((115.00803375244141,0.43441599607467651,0.),(115.17824554443359,0.77037298679351807,0.)),$);
#15495=IFCINDEXEDPOLYCURVE(#15494,$,$);
#15496=IFCCARTESIANPOINTLIST3D(((115.09857177734375,0.43610799312591553,0.),(115.26792907714844,0.77037298679351807,0.)),$);
#15497=IFCINDEXEDPOLYCURVE(#15496,$,$);
#15498=IFCCARTESIANPOINTLIST3D(((97.988380432128906,3.4264459609985352,0.),(97.988380432128906,3.4257729053497314,0.),(97.988380432128906,4.1152458190917969,0.)),$);
#15499=IFCINDEXEDPOLYCURVE(#15498,$,$);
#15500=IFCCARTESIANPOINTLIST3D(((98.488380432128906,3.0813729763031006,0.),(98.488380432128906,3.0820460319519043,0.)),$);
#15501=IFCINDEXEDPOLYCURVE(#15500,$,$);
#15502=IFCCARTESIANPOINTLIST3D(((97.738380432128906,3.9430460929870605,0.),(97.738380432128906,3.597973108291626,0.),(97.738380432128906,3.5986459255218506,0.)),$);
#15503=IFCINDEXEDPOLYCURVE(#15502,$,$);
#15504=IFCCARTESIANPOINTLIST3D(((93.901565551757812,0.76776599884033203,0.),(94.090705871582031,0.4428119957447052,0.)),$);
#15505=IFCINDEXEDPOLYCURVE(#15504,$,$);
#15506=IFCCARTESIANPOINTLIST3D(((115.22323608398438,0.76516002416610718,0.),(115.41136169433594,0.44195601344108582,0.)),$);
#15507=IFCINDEXEDPOLYCURVE(#15506,$,$);
#15508=IFCCARTESIANPOINTLIST3D(((115.17847442626953,0.76255297660827637,0.),(115.36557769775391,0.44110000133514404,0.)),$);
#15509=IFCINDEXEDPOLYCURVE(#15508,$,$);
#15510=IFCCARTESIANPOINTLIST3D(((93.77740478515625,0.43695500493049622,0.),(93.946334838867188,0.77037298679351807,0.),(94.136489868164062,0.44366699457168579,0.)),$);
#15511=IFCINDEXEDPOLYCURVE(#15510,$,$);
#15512=IFCCARTESIANPOINTLIST3D(((98.488380432128906,3.4589729309082031,0.),(98.488380432128906,4.4596462249755859,0.)),$);
#15513=IFCINDEXEDPOLYCURVE(#15512,$,$);
#15514=IFCCARTESIANPOINTLIST3D(((97.738380432128906,2.9423730373382568,0.),(97.738380432128906,3.5736870765686035,0.),(97.738380432128906,2.597973108291626,0.)),$);
#15515=IFCINDEXEDPOLYCURVE(#15514,$,$);
#15516=IFCCARTESIANPOINTLIST3D(((115.15608978271484,0.76125001907348633,0.),(115.34268188476562,0.44067201018333435,0.)),$);
#15517=IFCINDEXEDPOLYCURVE(#15516,$,$);
#15518=IFCCARTESIANPOINTLIST3D(((97.988380432128906,3.1145730018615723,0.),(97.988380432128906,3.4014871120452881,0.),(97.988380432128906,2.4257729053497314,0.)),$);
#15519=IFCINDEXEDPOLYCURVE(#15518,$,$);
#15520=IFCCARTESIANPOINTLIST3D(((98.988380432128906,1.7369730472564697,0.),(98.988380432128906,2.7126870155334473,0.)),$);
#15521=IFCINDEXEDPOLYCURVE(#15520,$,$);
#15522=IFCCARTESIANPOINTLIST3D(((93.812034606933594,0.76255297660827637,0.),(93.999137878417969,0.44110000133514404,0.)),$);
#15523=IFCINDEXEDPOLYCURVE(#15522,$,$);
#15524=IFCCARTESIANPOINTLIST3D(((114.9627685546875,0.43356999754905701,0.),(115.13340759277344,0.77037298679351807,0.)),$);
#15525=IFCINDEXEDPOLYCURVE(#15524,$,$);
#15526=IFCCARTESIANPOINTLIST3D(((98.738380432128906,1.9091730117797852,0.),(98.738380432128906,2.8848869800567627,0.)),$);
#15527=IFCINDEXEDPOLYCURVE(#15526,$,$);
#15528=IFCCARTESIANPOINTLIST3D(((93.879188537597656,0.76646298170089722,0.),(94.06781005859375,0.44238400459289551,0.)),$);
#15529=IFCINDEXEDPOLYCURVE(#15528,$,$);
#15530=IFCCARTESIANPOINTLIST3D(((99.238380432128906,1.5647729635238647,0.),(99.238380432128906,2.5404870510101318,0.)),$);
#15531=IFCINDEXEDPOLYCURVE(#15530,$,$);
#15532=IFCCARTESIANPOINTLIST3D(((115.03067016601562,0.43483901023864746,0.),(115.20066833496094,0.77037298679351807,0.)),$);
#15533=IFCINDEXEDPOLYCURVE(#15532,$,$);
#15534=IFCCARTESIANPOINTLIST3D(((115.07594299316406,0.43568500876426697,0.),(115.24550628662109,0.77037298679351807,0.)),$);
#15535=IFCINDEXEDPOLYCURVE(#15534,$,$);
#15536=IFCCARTESIANPOINTLIST3D(((93.834419250488281,0.76385599374771118,0.),(94.022026062011719,0.44152799248695374,0.)),$);
#15537=IFCINDEXEDPOLYCURVE(#15536,$,$);
#15538=IFCCARTESIANPOINTLIST3D(((114.98539733886719,0.43399301171302795,0.),(115.15582275390625,0.77037298679351807,0.)),$);
#15539=IFCINDEXEDPOLYCURVE(#15538,$,$);
#15540=IFCCARTESIANPOINTLIST3D(((93.789657592773438,0.76125001907348633,0.),(93.976242065429688,0.44067201018333435,0.)),$);
#15541=IFCINDEXEDPOLYCURVE(#15540,$,$);
#15542=IFCCARTESIANPOINTLIST3D(((93.6416015625,0.43441599607467651,0.),(93.811813354492188,0.77037298679351807,0.)),$);
#15543=IFCINDEXEDPOLYCURVE(#15542,$,$);
#15544=IFCCARTESIANPOINTLIST3D(((115.05330657958984,0.43526199460029602,0.),(115.22308349609375,0.77037298679351807,0.)),$);
#15545=IFCINDEXEDPOLYCURVE(#15544,$,$);
#15546=IFCCARTESIANPOINTLIST3D(((99.238380432128906,2.5647730827331543,0.),(99.238380432128906,2.5654458999633789,0.)),$);
#15547=IFCINDEXEDPOLYCURVE(#15546,$,$);
#15548=IFCCARTESIANPOINTLIST3D(((98.238380432128906,3.253572940826416,0.),(98.238380432128906,3.2542459964752197,0.)),$);
#15549=IFCINDEXEDPOLYCURVE(#15548,$,$);
#15550=IFCCARTESIANPOINTLIST3D(((93.618965148925781,0.43399301171302795,0.),(93.789390563964844,0.77037298679351807,0.)),$);
#15551=IFCINDEXEDPOLYCURVE(#15550,$,$);
#15552=IFCCARTESIANPOINTLIST3D(((93.856803894042969,0.76516002416610718,0.),(94.044921875,0.44195601344108582,0.)),$);
#15553=IFCINDEXEDPOLYCURVE(#15552,$,$);
#15554=IFCCARTESIANPOINTLIST3D(((93.686866760253906,0.43526199460029602,0.),(93.856651306152344,0.77037298679351807,0.)),$);
#15555=IFCINDEXEDPOLYCURVE(#15554,$,$);
#15556=IFCCARTESIANPOINTLIST3D(((93.596328735351562,0.43356999754905701,0.),(93.7669677734375,0.77037298679351807,0.)),$);
#15557=IFCINDEXEDPOLYCURVE(#15556,$,$);
#15558=IFCCARTESIANPOINTLIST3D(((98.988380432128906,3.8033730983734131,0.),(98.988380432128906,4.8040461540222168,0.)),$);
#15559=IFCINDEXEDPOLYCURVE(#15558,$,$);
#15560=IFCCARTESIANPOINTLIST3D(((93.732139587402344,0.43610799312591553,0.),(93.9014892578125,0.77037298679351807,0.)),$);
#15561=IFCINDEXEDPOLYCURVE(#15560,$,$);
#15562=IFCCARTESIANPOINTLIST3D(((93.76727294921875,0.75994598865509033,0.),(93.953353881835938,0.44024398922920227,0.)),$);
#15563=IFCINDEXEDPOLYCURVE(#15562,$,$);
#15564=IFCCARTESIANPOINTLIST3D(((94.288658142089844,39.816215515136719,0.),(94.311759948730469,39.843242645263672,0.),(94.342674255371094,39.868282318115234,0.),(94.380775451660156,39.891082763671875,0.),(94.425437927246094,39.911396026611328,0.),(94.476028442382812,39.928974151611328,0.),(94.531913757324219,39.943565368652344,0.),(94.59246826171875,39.954917907714844,0.),(94.657066345214844,39.962779998779297,0.),(94.725074768066406,39.966903686523438,0.),(94.795875549316406,39.967037200927734,0.),(94.866554260253906,39.963081359863281,0.),(94.934242248535156,39.955295562744141,0.),(94.998321533203125,39.943958282470703,0.),(95.058181762695312,39.929355621337891,0.),(95.113204956054688,39.911769866943359,0.),(95.162773132324219,39.891487121582031,0.),(95.206275939941406,39.868793487548828,0.),(95.243095397949219,39.843967437744141,0.),(95.272621154785156,39.817295074462891,0.),(95.294227600097656,39.7890625,0.),(95.30731201171875,39.759552001953125,0.),(95.311248779296875,39.729053497314453,0.),(95.3056640625,39.698806762695312,0.),(95.291007995605469,39.6700439453125,0.),(95.267906188964844,39.643016815185547,0.),(95.236991882324219,39.617977142333984,0.),(95.198890686035156,39.595176696777344,0.),(95.154228210449219,39.574863433837891,0.),(95.1036376953125,39.557285308837891,0.),(95.047752380371094,39.542694091796875,0.),(94.987197875976562,39.531341552734375,0.),(94.922599792480469,39.523479461669922,0.),(94.854591369628906,39.519355773925781,0.),(94.783790588378906,39.519222259521484,0.),(94.713111877441406,39.523178100585938,0.),(94.645423889160156,39.530963897705078,0.),(94.581344604492188,39.542301177978516,0.),(94.521484375,39.556903839111328,0.),(94.466461181640625,39.574489593505859,0.),(94.416893005371094,39.594772338867188,0.),(94.373390197753906,39.617465972900391,0.),(94.336570739746094,39.642292022705078,0.),(94.307044982910156,39.668964385986328,0.),(94.285438537597656,39.697196960449219,0.),(94.272354125976562,39.726707458496094,0.),(94.268417358398438,39.757205963134766,0.),(94.274002075195312,39.787452697753906,0.)),$);
#15565=IFCINDEXEDPOLYCURVE(#15564,(IFCLINEINDEX((1,2,3,4,5,6,7,8,9,10,11,12,13,14,15,16,17,18,19,20,21,22,23,24,25,26,27,28,29,30,31,32,33,34,35,36,37,38,39,40,41,42,43,44,45,46,47,48,1))),$);
#15566=IFCCARTESIANPOINTLIST3D(((94.200630187988281,37.414138793945312,0.),(94.228492736816406,37.441036224365234,0.),(94.265846252441406,37.465900421142578,0.),(94.311927795410156,37.488487243652344,0.),(94.365974426269531,37.508548736572266,0.),(94.427223205566406,37.525836944580078,0.),(94.494918823242188,37.540107727050781,0.),(94.568290710449219,37.551113128662109,0.),(94.646583557128906,37.558605194091797,0.),(94.729034423828125,37.562339782714844,0.),(94.814865112304688,37.56207275390625,0.),(94.900604248046875,37.557712554931641,0.),(94.982734680175781,37.549533843994141,0.),(95.060508728027344,37.537826538085938,0.),(95.133186340332031,37.522876739501953,0.),(95.20001220703125,37.504974365234375,0.),(95.260238647460938,37.484405517578125,0.),(95.313125610351562,37.461456298828125,0.),(95.357917785644531,37.436416625976562,0.),(95.393875122070312,37.409572601318359,0.),(95.420242309570312,37.381210327148438,0.),(95.436279296875,37.351619720458984,0.),(95.44122314453125,37.321094512939453,0.),(95.434623718261719,37.290874481201172,0.),(95.417015075683594,37.262191772460938,0.),(95.389152526855469,37.235294342041016,0.),(95.351799011230469,37.210430145263672,0.),(95.305717468261719,37.187843322753906,0.),(95.251670837402344,37.167781829833984,0.),(95.190422058105469,37.150493621826172,0.),(95.122726440429688,37.136222839355469,0.),(95.049354553222656,37.125217437744141,0.),(94.971061706542969,37.117725372314453,0.),(94.88861083984375,37.113990783691406,0.),(94.802780151367188,37.1142578125,0.),(94.717041015625,37.118618011474609,0.),(94.634910583496094,37.126796722412109,0.),(94.557136535644531,37.138504028320312,0.),(94.484458923339844,37.153453826904297,0.),(94.417633056640625,37.171356201171875,0.),(94.357406616210938,37.191925048828125,0.),(94.304519653320312,37.214874267578125,0.),(94.259727478027344,37.239913940429688,0.),(94.223770141601562,37.266757965087891,0.),(94.197402954101562,37.295120239257812,0.),(94.181365966796875,37.324710845947266,0.),(94.176422119140625,37.355236053466797,0.),(94.183021545410156,37.385456085205078,0.)),$);
#15567=IFCINDEXEDPOLYCURVE(#15566,(IFCLINEINDEX((1,2,3,4,5,6,7,8,9,10,11,12,13,14,15,16,17,18,19,20,21,22,23,24,25,26,27,28,29,30,31,32,33,34,35,36,37,38,39,40,41,42,43,44,45,46,47,48,1))),$);
#15568=IFCCARTESIANPOINTLIST3D(((97.91180419921875,36.717254638671875,0.),(97.939666748046875,36.744152069091797,0.),(97.977020263671875,36.769016265869141,0.),(98.023101806640625,36.791603088378906,0.),(98.0771484375,36.811664581298828,0.),(98.138397216796875,36.828952789306641,0.),(98.206092834472656,36.843223571777344,0.),(98.279464721679688,36.854228973388672,0.),(98.357757568359375,36.861721038818359,0.),(98.440208435058594,36.865455627441406,0.),(98.526039123535156,36.865188598632812,0.),(98.611778259277344,36.860828399658203,0.),(98.69390869140625,36.852649688720703,0.),(98.771682739257812,36.8409423828125,0.),(98.8443603515625,36.825992584228516,0.),(98.911186218261719,36.808090209960938,0.),(98.971412658691406,36.787521362304688,0.),(99.024299621582031,36.764572143554688,0.),(99.069091796875,36.739532470703125,0.),(99.105049133300781,36.712688446044922,0.),(99.131416320800781,36.684326171875,0.),(99.147453308105469,36.654735565185547,0.),(99.152397155761719,36.624210357666016,0.),(99.145797729492188,36.593990325927734,0.),(99.128189086914062,36.5653076171875,0.),(99.100326538085938,36.538410186767578,0.),(99.062973022460938,36.513545989990234,0.),(99.016891479492188,36.490959167480469,0.),(98.962844848632812,36.470897674560547,0.),(98.901596069335938,36.453609466552734,0.),(98.833900451660156,36.439338684082031,0.),(98.760528564453125,36.428333282470703,0.),(98.682235717773438,36.420841217041016,0.),(98.599784851074219,36.417106628417969,0.),(98.513954162597656,36.417373657226562,0.),(98.428215026855469,36.421733856201172,0.),(98.346084594726562,36.429912567138672,0.),(98.268310546875,36.441619873046875,0.),(98.195632934570312,36.456569671630859,0.),(98.128807067871094,36.474472045898438,0.),(98.068580627441406,36.495040893554688,0.),(98.015693664550781,36.517990112304688,0.),(97.970901489257812,36.54302978515625,0.),(97.934944152832031,36.569873809814453,0.),(97.908576965332031,36.598236083984375,0.),(97.892539978027344,36.627826690673828,0.),(97.887596130371094,36.658351898193359,0.),(97.894195556640625,36.688571929931641,0.)),$);
#15569=IFCINDEXEDPOLYCURVE(#15568,(IFCLINEINDEX((1,2,3,4,5,6,7,8,9,10,11,12,13,14,15,16,17,18,19,20,21,22,23,24,25,26,27,28,29,30,31,32,33,34,35,36,37,38,39,40,41,42,43,44,45,46,47,48,1))),$);
#15570=IFCCARTESIANPOINTLIST3D(((100.22945404052734,37.555999755859375,0.),(100.25731658935547,37.582897186279297,0.),(100.29467010498047,37.607761383056641,0.),(100.34075164794922,37.630348205566406,0.),(100.39479827880859,37.650409698486328,0.),(100.45604705810547,37.667697906494141,0.),(100.52374267578125,37.681968688964844,0.),(100.59711456298828,37.692974090576172,0.),(100.67540740966797,37.700466156005859,0.),(100.75785827636719,37.704200744628906,0.),(100.84368896484375,37.703933715820312,0.),(100.92942810058594,37.699573516845703,0.),(101.01155853271484,37.691394805908203,0.),(101.08933258056641,37.6796875,0.),(101.16201019287109,37.664737701416016,0.),(101.22883605957031,37.646835327148438,0.),(101.2890625,37.626266479492188,0.),(101.34194946289062,37.603317260742188,0.),(101.38674163818359,37.578277587890625,0.),(101.42269897460938,37.551433563232422,0.),(101.44906616210938,37.5230712890625,0.),(101.46510314941406,37.493480682373047,0.),(101.47004699707031,37.462955474853516,0.),(101.46344757080078,37.432735443115234,0.),(101.44583892822266,37.404052734375,0.),(101.41797637939453,37.377155303955078,0.),(101.38062286376953,37.352291107177734,0.),(101.33454132080078,37.329704284667969,0.),(101.28049468994141,37.309642791748047,0.),(101.21924591064453,37.292354583740234,0.),(101.15155029296875,37.278083801269531,0.),(101.07817840576172,37.267078399658203,0.),(100.99988555908203,37.259586334228516,0.),(100.91743469238281,37.255851745605469,0.),(100.83160400390625,37.256118774414062,0.),(100.74586486816406,37.260478973388672,0.),(100.66373443603516,37.268657684326172,0.),(100.58596038818359,37.280364990234375,0.),(100.51328277587891,37.295314788818359,0.),(100.44645690917969,37.313217163085938,0.),(100.38623046875,37.333786010742188,0.),(100.33334350585938,37.356735229492188,0.),(100.28855133056641,37.38177490234375,0.),(100.25259399414062,37.408618927001953,0.),(100.22622680664062,37.436981201171875,0.),(100.21018981933594,37.466571807861328,0.),(100.20524597167969,37.497097015380859,0.),(100.21184539794922,37.527317047119141,0.)),$);
#15571=IFCINDEXEDPOLYCURVE(#15570,(IFCLINEINDEX((1,2,3,4,5,6,7,8,9,10,11,12,13,14,15,16,17,18,19,20,21,22,23,24,25,26,27,28,29,30,31,32,33,34,35,36,37,38,39,40,41,42,43,44,45,46,47,48,1))),$);
#15572=IFCCARTESIANPOINTLIST3D(((98.560714721679688,33.549854278564453,0.),(98.588577270507812,33.576751708984375,0.),(98.625930786132812,33.601615905761719,0.),(98.672012329101562,33.624202728271484,0.),(98.726058959960938,33.644264221191406,0.),(98.787307739257812,33.661552429199219,0.),(98.855003356933594,33.675823211669922,0.),(98.928375244140625,33.68682861328125,0.),(99.006668090820312,33.694320678710938,0.),(99.089118957519531,33.698055267333984,0.),(99.174949645996094,33.697788238525391,0.),(99.260688781738281,33.693428039550781,0.),(99.342819213867188,33.685249328613281,0.),(99.42059326171875,33.673542022705078,0.),(99.493270874023438,33.658592224121094,0.),(99.560096740722656,33.640689849853516,0.),(99.620323181152344,33.620121002197266,0.),(99.673210144042969,33.597171783447266,0.),(99.718002319335938,33.572132110595703,0.),(99.753959655761719,33.5452880859375,0.),(99.780326843261719,33.516925811767578,0.),(99.796363830566406,33.487335205078125,0.),(99.801307678222656,33.456809997558594,0.),(99.794708251953125,33.426589965820312,0.),(99.777099609375,33.397907257080078,0.),(99.749237060546875,33.371009826660156,0.),(99.711883544921875,33.346145629882812,0.),(99.665802001953125,33.323558807373047,0.),(99.61175537109375,33.303497314453125,0.),(99.550506591796875,33.286209106445312,0.),(99.482810974121094,33.271938323974609,0.),(99.409439086914062,33.260932922363281,0.),(99.331146240234375,33.253440856933594,0.),(99.248695373535156,33.249706268310547,0.),(99.162864685058594,33.249973297119141,0.),(99.077125549316406,33.25433349609375,0.),(98.9949951171875,33.26251220703125,0.),(98.917221069335938,33.274219512939453,0.),(98.84454345703125,33.289169311523438,0.),(98.777717590332031,33.307071685791016,0.),(98.717491149902344,33.327640533447266,0.),(98.664604187011719,33.350589752197266,0.),(98.61981201171875,33.375629425048828,0.),(98.583854675292969,33.402473449707031,0.),(98.557487487792969,33.430835723876953,0.),(98.541450500488281,33.460426330566406,0.),(98.536506652832031,33.490951538085938,0.),(98.543106079101562,33.521171569824219,0.)),$);
#15573=IFCINDEXEDPOLYCURVE(#15572,(IFCLINEINDEX((1,2,3,4,5,6,7,8,9,10,11,12,13,14,15,16,17,18,19,20,21,22,23,24,25,26,27,28,29,30,31,32,33,34,35,36,37,38,39,40,41,42,43,44,45,46,47,48,1))),$);
#15574=IFCCARTESIANPOINTLIST3D(((100.77811431884766,29.987497329711914,0.),(100.80597686767578,30.014394760131836,0.),(100.84333038330078,30.039260864257812,0.),(100.88941192626953,30.061847686767578,0.),(100.94345855712891,30.0819091796875,0.),(101.00470733642578,30.099199295043945,0.),(101.07240295410156,30.113470077514648,0.),(101.14577484130859,30.124475479125977,0.),(101.22406768798828,30.131969451904297,0.),(101.3065185546875,30.135704040527344,0.),(101.39234924316406,30.135433197021484,0.),(101.47808837890625,30.131072998046875,0.),(101.56021881103516,30.122896194458008,0.),(101.63799285888672,30.111188888549805,0.),(101.71067047119141,30.096240997314453,0.),(101.77749633789062,30.078338623046875,0.),(101.83772277832031,30.057769775390625,0.),(101.89060974121094,30.034822463989258,0.),(101.93540191650391,30.009782791137695,0.),(101.97135925292969,29.982938766479492,0.),(101.99772644042969,29.954578399658203,0.),(102.01376342773438,29.92498779296875,0.),(102.01870727539062,29.894454956054688,0.),(102.01210784912109,29.864234924316406,0.),(101.99449920654297,29.835554122924805,0.),(101.96663665771484,29.808656692504883,0.),(101.92928314208984,29.783790588378906,0.),(101.88320159912109,29.761203765869141,0.),(101.82915496826172,29.741142272949219,0.),(101.76790618896484,29.723852157592773,0.),(101.70021057128906,29.70958137512207,0.),(101.62683868408203,29.698575973510742,0.),(101.54854583740234,29.691082000732422,0.),(101.46609497070312,29.687347412109375,0.),(101.38026428222656,29.687618255615234,0.),(101.29452514648438,29.691978454589844,0.),(101.21239471435547,29.700155258178711,0.),(101.13462066650391,29.711862564086914,0.),(101.06194305419922,29.726810455322266,0.),(100.9951171875,29.744712829589844,0.),(100.93489074707031,29.765281677246094,0.),(100.88200378417969,29.788228988647461,0.),(100.83721160888672,29.813268661499023,0.),(100.80125427246094,29.840112686157227,0.),(100.77488708496094,29.868473052978516,0.),(100.75885009765625,29.898063659667969,0.),(100.75390625,29.928596496582031,0.),(100.76050567626953,29.958816528320312,0.)),$);
#15575=IFCINDEXEDPOLYCURVE(#15574,(IFCLINEINDEX((1,2,3,4,5,6,7,8,9,10,11,12,13,14,15,16,17,18,19,20,21,22,23,24,25,26,27,28,29,30,31,32,33,34,35,36,37,38,39,40,41,42,43,44,45,46,47,48,1))),$);
#15576=IFCCARTESIANPOINTLIST3D(((94.6654052734375,30.374883651733398,0.),(94.693267822265625,30.40178108215332,0.),(94.730621337890625,30.426647186279297,0.),(94.776702880859375,30.449234008789062,0.),(94.83074951171875,30.469295501708984,0.),(94.891998291015625,30.48658561706543,0.),(94.959693908691406,30.500856399536133,0.),(95.033065795898438,30.511861801147461,0.),(95.111358642578125,30.519355773925781,0.),(95.193809509277344,30.523090362548828,0.),(95.279640197753906,30.522819519042969,0.),(95.365379333496094,30.518459320068359,0.),(95.447509765625,30.510282516479492,0.),(95.525283813476562,30.498575210571289,0.),(95.59796142578125,30.483627319335938,0.),(95.664787292480469,30.465724945068359,0.),(95.725013732910156,30.445156097412109,0.),(95.777900695800781,30.422208786010742,0.),(95.82269287109375,30.39716911315918,0.),(95.858650207519531,30.370325088500977,0.),(95.885017395019531,30.341964721679688,0.),(95.901054382324219,30.312374114990234,0.),(95.905998229980469,30.281841278076172,0.),(95.899398803710938,30.251621246337891,0.),(95.881790161132812,30.222940444946289,0.),(95.853927612304688,30.196043014526367,0.),(95.816574096679688,30.171176910400391,0.),(95.770492553710938,30.148590087890625,0.),(95.716445922851562,30.128528594970703,0.),(95.655197143554688,30.111238479614258,0.),(95.587501525878906,30.096967697143555,0.),(95.514129638671875,30.085962295532227,0.),(95.435836791992188,30.078468322753906,0.),(95.353385925292969,30.074733734130859,0.),(95.267555236816406,30.075004577636719,0.),(95.181816101074219,30.079364776611328,0.),(95.099685668945312,30.087541580200195,0.),(95.02191162109375,30.099248886108398,0.),(94.949234008789062,30.11419677734375,0.),(94.882408142089844,30.132099151611328,0.),(94.822181701660156,30.152667999267578,0.),(94.769294738769531,30.175615310668945,0.),(94.724502563476562,30.200654983520508,0.),(94.688545227050781,30.227499008178711,0.),(94.662178039550781,30.255859375,0.),(94.646141052246094,30.285449981689453,0.),(94.641197204589844,30.315982818603516,0.),(94.647796630859375,30.346202850341797,0.)),$);
#15577=IFCINDEXEDPOLYCURVE(#15576,(IFCLINEINDEX((1,2,3,4,5,6,7,8,9,10,11,12,13,14,15,16,17,18,19,20,21,22,23,24,25,26,27,28,29,30,31,32,33,34,35,36,37,38,39,40,41,42,43,44,45,46,47,48,1))),$);
#15578=IFCCARTESIANPOINTLIST3D(((97.657188415527344,27.734920501708984,0.),(97.685050964355469,27.761817932128906,0.),(97.722404479980469,27.786684036254883,0.),(97.768486022949219,27.809270858764648,0.),(97.822532653808594,27.82933235168457,0.),(97.883781433105469,27.846622467041016,0.),(97.95147705078125,27.860893249511719,0.),(98.024848937988281,27.871898651123047,0.),(98.103141784667969,27.879392623901367,0.),(98.185592651367188,27.883127212524414,0.),(98.27142333984375,27.882856369018555,0.),(98.357162475585938,27.878496170043945,0.),(98.439292907714844,27.870319366455078,0.),(98.517066955566406,27.858612060546875,0.),(98.589744567871094,27.843664169311523,0.),(98.656570434570312,27.825761795043945,0.),(98.716796875,27.805192947387695,0.),(98.769683837890625,27.782245635986328,0.),(98.814476013183594,27.757205963134766,0.),(98.850433349609375,27.730361938476562,0.),(98.876800537109375,27.702001571655273,0.),(98.892837524414062,27.67241096496582,0.),(98.897781372070312,27.641878128051758,0.),(98.891181945800781,27.611658096313477,0.),(98.873573303222656,27.582977294921875,0.),(98.845710754394531,27.556079864501953,0.),(98.808357238769531,27.531213760375977,0.),(98.762275695800781,27.508626937866211,0.),(98.708229064941406,27.488565444946289,0.),(98.646980285644531,27.471275329589844,0.),(98.57928466796875,27.457004547119141,0.),(98.505912780761719,27.445999145507812,0.),(98.427619934082031,27.438505172729492,0.),(98.345169067382812,27.434770584106445,0.),(98.25933837890625,27.435041427612305,0.),(98.173599243164062,27.439401626586914,0.),(98.091468811035156,27.447578430175781,0.),(98.013694763183594,27.459285736083984,0.),(97.941017150878906,27.474233627319336,0.),(97.874191284179688,27.492136001586914,0.),(97.81396484375,27.512704849243164,0.),(97.761077880859375,27.535652160644531,0.),(97.716285705566406,27.560691833496094,0.),(97.680328369140625,27.587535858154297,0.),(97.653961181640625,27.615896224975586,0.),(97.637924194335938,27.645486831665039,0.),(97.632980346679688,27.676019668579102,0.),(97.639579772949219,27.706239700317383,0.)),$);
#15579=IFCINDEXEDPOLYCURVE(#15578,(IFCLINEINDEX((1,2,3,4,5,6,7,8,9,10,11,12,13,14,15,16,17,18,19,20,21,22,23,24,25,26,27,28,29,30,31,32,33,34,35,36,37,38,39,40,41,42,43,44,45,46,47,48,1))),$);
#15580=IFCCARTESIANPOINTLIST3D(((98.979484558105469,25.093421936035156,0.),(99.007347106933594,25.120319366455078,0.),(99.044700622558594,25.145185470581055,0.),(99.090782165527344,25.16777229309082,0.),(99.144828796386719,25.187833786010742,0.),(99.206077575683594,25.205123901367188,0.),(99.273773193359375,25.219394683837891,0.),(99.347145080566406,25.230400085449219,0.),(99.425437927246094,25.237894058227539,0.),(99.507888793945312,25.241628646850586,0.),(99.593719482421875,25.241357803344727,0.),(99.679458618164062,25.236997604370117,0.),(99.761589050292969,25.22882080078125,0.),(99.839363098144531,25.217113494873047,0.),(99.912040710449219,25.202165603637695,0.),(99.978866577148438,25.184263229370117,0.),(100.03909301757812,25.163694381713867,0.),(100.09197998046875,25.1407470703125,0.),(100.13677215576172,25.115707397460938,0.),(100.1727294921875,25.088863372802734,0.),(100.1990966796875,25.060503005981445,0.),(100.21513366699219,25.030912399291992,0.),(100.22007751464844,25.00037956237793,0.),(100.21347808837891,24.970159530639648,0.),(100.19586944580078,24.941478729248047,0.),(100.16800689697266,24.914581298828125,0.),(100.13065338134766,24.889715194702148,0.),(100.08457183837891,24.867128372192383,0.),(100.03052520751953,24.847066879272461,0.),(99.969276428222656,24.829776763916016,0.),(99.901580810546875,24.815505981445312,0.),(99.828208923339844,24.804500579833984,0.),(99.749916076660156,24.797006607055664,0.),(99.667465209960938,24.793272018432617,0.),(99.581634521484375,24.793542861938477,0.),(99.495895385742188,24.797903060913086,0.),(99.413764953613281,24.806079864501953,0.),(99.335990905761719,24.817787170410156,0.),(99.263313293457031,24.832735061645508,0.),(99.196487426757812,24.850637435913086,0.),(99.136260986328125,24.871206283569336,0.),(99.0833740234375,24.894153594970703,0.),(99.038581848144531,24.919193267822266,0.),(99.00262451171875,24.946037292480469,0.),(98.97625732421875,24.974397659301758,0.),(98.960220336914062,25.003988265991211,0.),(98.955276489257812,25.034521102905273,0.),(98.961875915527344,25.064741134643555,0.)),$);
#15581=IFCINDEXEDPOLYCURVE(#15580,(IFCLINEINDEX((1,2,3,4,5,6,7,8,9,10,11,12,13,14,15,16,17,18,19,20,21,22,23,24,25,26,27,28,29,30,31,32,33,34,35,36,37,38,39,40,41,42,43,44,45,46,47,48,1))),$);
#15582=IFCCARTESIANPOINTLIST3D(((110.90409088134766,38.874134063720703,0.),(110.93195343017578,38.901031494140625,0.),(110.96930694580078,38.925895690917969,0.),(111.01538848876953,38.948482513427734,0.),(111.06943511962891,38.968544006347656,0.),(111.13068389892578,38.985832214355469,0.),(111.19837951660156,39.000102996826172,0.),(111.27175140380859,39.0111083984375,0.),(111.35004425048828,39.018600463867188,0.),(111.4324951171875,39.022335052490234,0.),(111.51832580566406,39.022068023681641,0.),(111.60406494140625,39.017707824707031,0.),(111.68619537353516,39.009529113769531,0.),(111.76396942138672,38.997821807861328,0.),(111.83664703369141,38.982872009277344,0.),(111.90347290039062,38.964969635009766,0.),(111.96369934082031,38.944400787353516,0.),(112.01658630371094,38.921451568603516,0.),(112.06137847900391,38.896411895751953,0.),(112.09733581542969,38.86956787109375,0.),(112.12370300292969,38.841205596923828,0.),(112.13973999023438,38.811614990234375,0.),(112.14468383789062,38.781089782714844,0.),(112.13808441162109,38.750869750976562,0.),(112.12047576904297,38.722187042236328,0.),(112.09261322021484,38.695289611816406,0.),(112.05525970458984,38.670425415039062,0.),(112.00917816162109,38.647838592529297,0.),(111.95513153076172,38.627777099609375,0.),(111.89388275146484,38.610488891601562,0.),(111.82618713378906,38.596218109130859,0.),(111.75281524658203,38.585212707519531,0.),(111.67452239990234,38.577720642089844,0.),(111.59207153320312,38.573986053466797,0.),(111.50624084472656,38.574253082275391,0.),(111.42050170898438,38.57861328125,0.),(111.33837127685547,38.5867919921875,0.),(111.26059722900391,38.598499298095703,0.),(111.18791961669922,38.613449096679688,0.),(111.12109375,38.631351470947266,0.),(111.06086730957031,38.651920318603516,0.),(111.00798034667969,38.674869537353516,0.),(110.96318817138672,38.699909210205078,0.),(110.92723083496094,38.726753234863281,0.),(110.90086364746094,38.755115509033203,0.),(110.88482666015625,38.784706115722656,0.),(110.8798828125,38.815231323242188,0.),(110.88648223876953,38.845451354980469,0.)),$);
#15583=IFCINDEXEDPOLYCURVE(#15582,(IFCLINEINDEX((1,2,3,4,5,6,7,8,9,10,11,12,13,14,15,16,17,18,19,20,21,22,23,24,25,26,27,28,29,30,31,32,33,34,35,36,37,38,39,40,41,42,43,44,45,46,47,48,1))),$);
#15584=IFCCARTESIANPOINTLIST3D(((114.19963073730469,36.466495513916016,0.),(114.22749328613281,36.493392944335938,0.),(114.26484680175781,36.518257141113281,0.),(114.31092834472656,36.540843963623047,0.),(114.36497497558594,36.560905456542969,0.),(114.42622375488281,36.578193664550781,0.),(114.49391937255859,36.592464447021484,0.),(114.56729125976562,36.603469848632812,0.),(114.64558410644531,36.6109619140625,0.),(114.72803497314453,36.614696502685547,0.),(114.81386566162109,36.614429473876953,0.),(114.89960479736328,36.610069274902344,0.),(114.98173522949219,36.601890563964844,0.),(115.05950927734375,36.590183258056641,0.),(115.13218688964844,36.575233459472656,0.),(115.19901275634766,36.557331085205078,0.),(115.25923919677734,36.536762237548828,0.),(115.31212615966797,36.513813018798828,0.),(115.35691833496094,36.488773345947266,0.),(115.39287567138672,36.461929321289062,0.),(115.41924285888672,36.433567047119141,0.),(115.43527984619141,36.403976440429688,0.),(115.44022369384766,36.373451232910156,0.),(115.43362426757812,36.343231201171875,0.),(115.416015625,36.314548492431641,0.),(115.38815307617188,36.287651062011719,0.),(115.35079956054688,36.262786865234375,0.),(115.30471801757812,36.240200042724609,0.),(115.25067138671875,36.220138549804688,0.),(115.18942260742188,36.202850341796875,0.),(115.12172698974609,36.188579559326172,0.),(115.04835510253906,36.177574157714844,0.),(114.97006225585938,36.170082092285156,0.),(114.88761138916016,36.166347503662109,0.),(114.80178070068359,36.166614532470703,0.),(114.71604156494141,36.170974731445312,0.),(114.6339111328125,36.179153442382812,0.),(114.55613708496094,36.190860748291016,0.),(114.48345947265625,36.205810546875,0.),(114.41663360595703,36.223712921142578,0.),(114.35640716552734,36.244281768798828,0.),(114.30352020263672,36.267230987548828,0.),(114.25872802734375,36.292270660400391,0.),(114.22277069091797,36.319114685058594,0.),(114.19640350341797,36.347476959228516,0.),(114.18036651611328,36.377067565917969,0.),(114.17542266845703,36.4075927734375,0.),(114.18202209472656,36.437812805175781,0.)),$);
#15585=IFCINDEXEDPOLYCURVE(#15584,(IFCLINEINDEX((1,2,3,4,5,6,7,8,9,10,11,12,13,14,15,16,17,18,19,20,21,22,23,24,25,26,27,28,29,30,31,32,33,34,35,36,37,38,39,40,41,42,43,44,45,46,47,48,1))),$);
#15586=IFCCARTESIANPOINTLIST3D(((112.39082336425781,33.203903198242188,0.),(112.41868591308594,33.230800628662109,0.),(112.45603942871094,33.255664825439453,0.),(112.50212097167969,33.278251647949219,0.),(112.55616760253906,33.298313140869141,0.),(112.61741638183594,33.315601348876953,0.),(112.68511199951172,33.329872131347656,0.),(112.75848388671875,33.340877532958984,0.),(112.83677673339844,33.348369598388672,0.),(112.91922760009766,33.352104187011719,0.),(113.00505828857422,33.351837158203125,0.),(113.09079742431641,33.347476959228516,0.),(113.17292785644531,33.339298248291016,0.),(113.25070190429688,33.327590942382812,0.),(113.32337951660156,33.312641143798828,0.),(113.39020538330078,33.29473876953125,0.),(113.45043182373047,33.274169921875,0.),(113.50331878662109,33.251220703125,0.),(113.54811096191406,33.226181030273438,0.),(113.58406829833984,33.199337005615234,0.),(113.61043548583984,33.170974731445312,0.),(113.62647247314453,33.141384124755859,0.),(113.63141632080078,33.110858917236328,0.),(113.62481689453125,33.080638885498047,0.),(113.60720825195312,33.051956176757812,0.),(113.579345703125,33.025058746337891,0.),(113.5419921875,33.000194549560547,0.),(113.49591064453125,32.977607727050781,0.),(113.44186401367188,32.957546234130859,0.),(113.380615234375,32.940258026123047,0.),(113.31291961669922,32.925987243652344,0.),(113.23954772949219,32.914981842041016,0.),(113.1612548828125,32.907489776611328,0.),(113.07880401611328,32.903755187988281,0.),(112.99297332763672,32.904022216796875,0.),(112.90723419189453,32.908382415771484,0.),(112.82510375976562,32.916561126708984,0.),(112.74732971191406,32.928268432617188,0.),(112.67465209960938,32.943218231201172,0.),(112.60782623291016,32.96112060546875,0.),(112.54759979248047,32.981689453125,0.),(112.49471282958984,33.004638671875,0.),(112.44992065429688,33.029678344726562,0.),(112.41396331787109,33.056522369384766,0.),(112.38759613037109,33.084884643554688,0.),(112.37155914306641,33.114475250244141,0.),(112.36661529541016,33.145000457763672,0.),(112.37321472167969,33.175220489501953,0.)),$);
#15587=IFCINDEXEDPOLYCURVE(#15586,(IFCLINEINDEX((1,2,3,4,5,6,7,8,9,10,11,12,13,14,15,16,17,18,19,20,21,22,23,24,25,26,27,28,29,30,31,32,33,34,35,36,37,38,39,40,41,42,43,44,45,46,47,48,1))),$);
#15588=IFCCARTESIANPOINTLIST3D(((110.1812744140625,33.545928955078125,0.),(110.20913696289062,33.572826385498047,0.),(110.24649047851562,33.597690582275391,0.),(110.29257202148438,33.620277404785156,0.),(110.34661865234375,33.640338897705078,0.),(110.40786743164062,33.657627105712891,0.),(110.47556304931641,33.671897888183594,0.),(110.54893493652344,33.682903289794922,0.),(110.62722778320312,33.690395355224609,0.),(110.70967864990234,33.694129943847656,0.),(110.79550933837891,33.693862915039062,0.),(110.88124847412109,33.689502716064453,0.),(110.96337890625,33.681324005126953,0.),(111.04115295410156,33.66961669921875,0.),(111.11383056640625,33.654666900634766,0.),(111.18065643310547,33.636764526367188,0.),(111.24088287353516,33.616195678710938,0.),(111.29376983642578,33.593246459960938,0.),(111.33856201171875,33.568206787109375,0.),(111.37451934814453,33.541362762451172,0.),(111.40088653564453,33.51300048828125,0.),(111.41692352294922,33.483409881591797,0.),(111.42186737060547,33.452884674072266,0.),(111.41526794433594,33.422664642333984,0.),(111.39765930175781,33.39398193359375,0.),(111.36979675292969,33.367084503173828,0.),(111.33244323730469,33.342220306396484,0.),(111.28636169433594,33.319633483886719,0.),(111.23231506347656,33.299571990966797,0.),(111.17106628417969,33.282283782958984,0.),(111.10337066650391,33.268013000488281,0.),(111.02999877929688,33.257007598876953,0.),(110.95170593261719,33.249515533447266,0.),(110.86925506591797,33.245780944824219,0.),(110.78342437744141,33.246047973632812,0.),(110.69768524169922,33.250408172607422,0.),(110.61555480957031,33.258586883544922,0.),(110.53778076171875,33.270294189453125,0.),(110.46510314941406,33.285243988037109,0.),(110.39827728271484,33.303146362304688,0.),(110.33805084228516,33.323715209960938,0.),(110.28516387939453,33.346664428710938,0.),(110.24037170410156,33.3717041015625,0.),(110.20441436767578,33.398548126220703,0.),(110.17804718017578,33.426910400390625,0.),(110.16201019287109,33.456501007080078,0.),(110.15706634521484,33.487026214599609,0.),(110.16366577148438,33.517246246337891,0.)),$);
#15589=IFCINDEXEDPOLYCURVE(#15588,(IFCLINEINDEX((1,2,3,4,5,6,7,8,9,10,11,12,13,14,15,16,17,18,19,20,21,22,23,24,25,26,27,28,29,30,31,32,33,34,35,36,37,38,39,40,41,42,43,44,45,46,47,48,1))),$);
#15590=IFCCARTESIANPOINTLIST3D(((97.592071533203125,40.371284484863281,0.),(98.392074584960938,40.371284484863281,0.)),$);
#15591=IFCINDEXEDPOLYCURVE(#15590,$,$);
#15592=IFCCARTESIANPOINTLIST3D(((98.392074584960938,40.246284484863281,0.),(98.392074584960938,40.496284484863281,0.)),$);
#15593=IFCINDEXEDPOLYCURVE(#15592,$,$);
#15594=IFCCARTESIANPOINTLIST3D(((128.66154479980469,21.049720764160156,0.),(124.12694549560547,21.049720764160156,0.),(124.12694549560547,23.047853469848633,0.),(128.66154479980469,23.047853469848633,0.)),$);
#15595=IFCINDEXEDPOLYCURVE(#15594,(IFCLINEINDEX((1,2,3,4,1))),$);
#15596=IFCCARTESIANPOINTLIST3D(((161.12870788574219,17.232006072998047,0.),(160.80714416503906,16.306554794311523,0.),(160.37246704101562,15.440526962280273,0.),(159.8336181640625,14.642870903015137,0.),(159.19955444335938,13.92253589630127,0.),(158.47921752929688,13.288471221923828,0.),(157.68156433105469,12.749624252319336,0.),(156.81553649902344,12.314944267272949,0.),(155.89009094238281,11.993379592895508,0.),(154.91416931152344,11.793878555297852,0.),(153.89668273925781,11.725387573242188,0.),(152.87922668457031,11.793876647949219,0.),(151.90330505371094,11.993377685546875,0.),(150.97785949707031,12.314942359924316,0.),(150.11183166503906,12.749622344970703,0.),(149.31417846679688,13.288469314575195,0.),(148.59384155273438,13.922533988952637,0.),(147.95977783203125,14.642868995666504,0.),(147.42092895507812,15.440525054931641,0.),(146.98625183105469,16.306552886962891,0.),(146.66468811035156,17.232004165649414,0.),(146.46519470214844,18.207931518554688,0.),(146.39668273925781,19.225387573242188,0.),(146.46516418457031,20.242841720581055,0.),(146.66465759277344,21.218769073486328,0.),(146.98622131347656,22.144220352172852,0.),(147.4208984375,23.010248184204102,0.),(147.95974731445312,23.807903289794922,0.),(148.59381103515625,24.528238296508789,0.),(149.31414794921875,25.162303924560547,0.),(150.11180114746094,25.701150894165039,0.),(150.97782897949219,26.135831832885742,0.),(151.90327453613281,26.4573974609375,0.),(152.87919616699219,26.656898498535156,0.),(153.89668273925781,26.725387573242188,0.),(154.91413879394531,26.656898498535156,0.),(155.89006042480469,26.4573974609375,0.),(156.81550598144531,26.135831832885742,0.),(157.68153381347656,25.701150894165039,0.),(158.47918701171875,25.162303924560547,0.),(159.19952392578125,24.528238296508789,0.),(159.83358764648438,23.807903289794922,0.),(160.3724365234375,23.010248184204102,0.),(160.80711364746094,22.144220352172852,0.),(161.12867736816406,21.218769073486328,0.),(161.32817077636719,20.242841720581055,0.),(161.39668273925781,19.225387573242188,0.),(161.32820129394531,18.20793342590332,0.)),$);
#15597=IFCINDEXEDPOLYCURVE(#15596,(IFCLINEINDEX((1,2,3,4,5,6,7,8,9,10,11,12,13,14,15,16,17,18,19,20,21,22,23,24,25,26,27,28,29,30,31,32,33,34,35,36,37,38,39,40,41,42,43,44,45,46,47,48,1))),$);
#15598=IFCCARTESIANPOINTLIST3D(((148.02882385253906,4.2564034461975098,0.),(144.40922546386719,4.2564034461975098,0.),(144.40922546386719,5.9576811790466309,0.),(148.02882385253906,5.9576811790466309,0.)),$);
#15599=IFCINDEXEDPOLYCURVE(#15598,(IFCLINEINDEX((1,2,3,4,1))),$);
#15600=IFCCARTESIANPOINTLIST3D(((161.08587646484375,29.23475456237793,0.),(157.97727966308594,29.23475456237793,0.),(157.97727966308594,30.978565216064453,0.),(161.08587646484375,30.978565216064453,0.)),$);
#15601=IFCINDEXEDPOLYCURVE(#15600,(IFCLINEINDEX((1,2,3,4,1))),$);
#15602=IFCCARTESIANPOINTLIST3D(((130.60935974121094,21.275100708007812,0.),(138.19061279296875,21.275100708007812,0.)),$);
#15603=IFCINDEXEDPOLYCURVE(#15602,$,$);
#15604=IFCCARTESIANPOINTLIST3D(((131.13479614257812,27.989231109619141,0.),(131.58090209960938,27.613615036010742,0.)),$);
#15605=IFCINDEXEDPOLYCURVE(#15604,$,$);
#15606=IFCCARTESIANPOINTLIST3D(((135.44967651367188,8.5123662948608398,0.),(135.45591735839844,8.5123662948608398,0.)),$);
#15607=IFCINDEXEDPOLYCURVE(#15606,$,$);
#15608=IFCCARTESIANPOINTLIST3D(((102.17881774902344,-1.3741929531097412,0.),(104.89726257324219,-1.3741929531097412,0.)),$);
#15609=IFCINDEXEDPOLYCURVE(#15608,$,$);
#15610=IFCCARTESIANPOINTLIST3D(((130.35935974121094,12.281350135803223,0.),(130.35935974121094,12.287599563598633,0.)),$);
#15611=IFCINDEXEDPOLYCURVE(#15610,$,$);
#15612=IFCCARTESIANPOINTLIST3D(((140.54685974121094,22.775100708007812,0.),(140.66445922851562,22.775100708007812,0.)),$);
#15613=IFCINDEXEDPOLYCURVE(#15612,$,$);
#15614=IFCCARTESIANPOINTLIST3D(((135.44061279296875,17.762599945068359,0.),(135.44061279296875,17.768850326538086,0.)),$);
#15615=IFCINDEXEDPOLYCURVE(#15614,$,$);
#15616=IFCCARTESIANPOINTLIST3D(((138.43844604492188,27.861602783203125,0.),(138.45310974121094,27.861602783203125,0.)),$);
#15617=IFCINDEXEDPOLYCURVE(#15616,$,$);
#15618=IFCCARTESIANPOINTLIST3D(((152.42811584472656,21.275100708007812,0.),(152.43435668945312,21.275100708007812,0.)),$);
#15619=IFCINDEXEDPOLYCURVE(#15618,$,$);
#15620=IFCCARTESIANPOINTLIST3D(((157.41072082519531,20.742755889892578,0.),(157.43571472167969,20.742755889892578,0.),(160.766845703125,22.170984268188477,0.)),$);
#15621=IFCINDEXEDPOLYCURVE(#15620,$,$);
#15622=IFCCARTESIANPOINTLIST3D(((138.44061279296875,21.525100708007812,0.),(138.44061279296875,24.434577941894531,0.)),$);
#15623=IFCINDEXEDPOLYCURVE(#15622,$,$);
#15624=IFCCARTESIANPOINTLIST3D(((140.65196228027344,23.025100708007812,0.),(140.65196228027344,24.977027893066406,0.)),$);
#15625=IFCINDEXEDPOLYCURVE(#15624,$,$);
#15626=IFCCARTESIANPOINTLIST3D(((138.42811584472656,21.275100708007812,0.),(138.43435668945312,21.275100708007812,0.)),$);
#15627=IFCINDEXEDPOLYCURVE(#15626,$,$);
#15628=IFCCARTESIANPOINTLIST3D(((153.42747497558594,18.608011245727539,0.),(154.42747497558594,18.608011245727539,0.)),$);
#15629=IFCINDEXEDPOLYCURVE(#15628,$,$);
#15630=IFCCARTESIANPOINTLIST3D(((150.17012023925781,24.319179534912109,0.),(150.17012023925781,25.346431732177734,0.)),$);
#15631=IFCINDEXEDPOLYCURVE(#15630,$,$);
#15632=IFCCARTESIANPOINTLIST3D(((155.71044921875,25.607025146484375,0.),(155.71044921875,25.904855728149414,0.)),$);
#15633=IFCINDEXEDPOLYCURVE(#15632,$,$);
#15634=IFCCARTESIANPOINTLIST3D(((152.44685363769531,8.7751007080078125,0.),(152.44685363769531,9.5739955902099609,0.)),$);
#15635=IFCINDEXEDPOLYCURVE(#15634,$,$);
#15636=IFCCARTESIANPOINTLIST3D(((135.44342041015625,8.7623662948608398,0.),(135.44342041015625,10.25370979309082,0.)),$);
#15637=IFCINDEXEDPOLYCURVE(#15636,$,$);
#15638=IFCCARTESIANPOINTLIST3D(((140.59658813476562,27.446502685546875,0.),(140.66445922851562,27.446502685546875,0.)),$);
#15639=IFCINDEXEDPOLYCURVE(#15638,$,$);
#15640=IFCCARTESIANPOINTLIST3D(((150.15762329101562,22.775100708007812,0.),(150.20936584472656,22.775100708007812,0.)),$);
#15641=IFCINDEXEDPOLYCURVE(#15640,$,$);
#15642=IFCCARTESIANPOINTLIST3D(((132.0521240234375,29.421140670776367,0.),(133.5521240234375,29.421140670776367,0.)),$);
#15643=IFCINDEXEDPOLYCURVE(#15642,$,$);
#15644=IFCCARTESIANPOINTLIST3D(((152.44061279296875,21.281349182128906,0.),(152.44061279296875,21.287599563598633,0.)),$);
#15645=IFCINDEXEDPOLYCURVE(#15644,$,$);
#15646=IFCCARTESIANPOINTLIST3D(((152.44061279296875,11.531350135803223,0.),(152.44061279296875,11.537599563598633,0.)),$);
#15647=IFCINDEXEDPOLYCURVE(#15646,$,$);
#15648=IFCCARTESIANPOINTLIST3D(((155.43948364257812,11.531350135803223,0.),(155.43948364257812,11.537599563598633,0.)),$);
#15649=IFCINDEXEDPOLYCURVE(#15648,$,$);
#15650=IFCCARTESIANPOINTLIST3D(((152.44061279296875,21.525100708007812,0.),(152.44061279296875,23.089164733886719,0.)),$);
#15651=IFCINDEXEDPOLYCURVE(#15650,$,$);
#15652=IFCCARTESIANPOINTLIST3D(((152.44685363769531,11.525099754333496,0.),(152.45936584472656,11.525099754333496,0.)),$);
#15653=IFCINDEXEDPOLYCURVE(#15652,$,$);
#15654=IFCCARTESIANPOINTLIST3D(((155.70724487304688,21.191570281982422,0.),(155.70724487304688,21.287599563598633,0.)),$);
#15655=IFCINDEXEDPOLYCURVE(#15654,$,$);
#15656=IFCCARTESIANPOINTLIST3D(((150.17012023925781,23.025100708007812,0.),(150.17012023925781,24.052352905273438,0.)),$);
#15657=IFCINDEXEDPOLYCURVE(#15656,$,$);
#15658=IFCCARTESIANPOINTLIST3D(((139.44061279296875,8.7653617858886719,0.),(139.44061279296875,9.8582487106323242,0.)),$);
#15659=IFCINDEXEDPOLYCURVE(#15658,$,$);
#15660=IFCCARTESIANPOINTLIST3D(((155.8470458984375,25.607025146484375,0.),(155.8470458984375,25.904855728149414,0.)),$);
#15661=IFCINDEXEDPOLYCURVE(#15660,$,$);
#15662=IFCCARTESIANPOINTLIST3D(((130.35935974121094,17.781349182128906,0.),(130.35935974121094,17.787599563598633,0.)),$);
#15663=IFCINDEXEDPOLYCURVE(#15662,$,$);
#15664=IFCCARTESIANPOINTLIST3D(((102.17881774902344,-1.2805659770965576,0.),(104.89726257324219,-1.2805659770965576,0.)),$);
#15665=IFCINDEXEDPOLYCURVE(#15664,$,$);
#15666=IFCCARTESIANPOINTLIST3D(((130.60935974121094,12.275099754333496,0.),(135.19061279296875,12.275099754333496,0.)),$);
#15667=IFCINDEXEDPOLYCURVE(#15666,$,$);
#15668=IFCCARTESIANPOINTLIST3D(((130.35935974121094,21.262599945068359,0.),(130.35935974121094,21.293849945068359,0.)),$);
#15669=IFCINDEXEDPOLYCURVE(#15668,$,$);
#15670=IFCCARTESIANPOINTLIST3D(((135.44685363769531,12.262599945068359,0.),(135.45591735839844,12.262599945068359,0.)),$);
#15671=IFCINDEXEDPOLYCURVE(#15670,$,$);
#15672=IFCCARTESIANPOINTLIST3D(((152.44911193847656,8.5251007080078125,0.),(152.45936584472656,8.5251007080078125,0.)),$);
#15673=IFCINDEXEDPOLYCURVE(#15672,$,$);
#15674=IFCCARTESIANPOINTLIST3D(((153.42747497558594,19.608011245727539,0.),(154.42747497558594,19.608011245727539,0.)),$);
#15675=IFCINDEXEDPOLYCURVE(#15674,$,$);
#15676=IFCCARTESIANPOINTLIST3D(((152.42822265625,25.1707763671875,0.),(152.45310974121094,25.1707763671875,0.)),$);
#15677=IFCINDEXEDPOLYCURVE(#15676,$,$);
#15678=IFCCARTESIANPOINTLIST3D(((152.44061279296875,23.356710433959961,0.),(152.44061279296875,24.9207763671875,0.)),$);
#15679=IFCINDEXEDPOLYCURVE(#15678,$,$);
#15680=IFCCARTESIANPOINTLIST3D(((152.44685363769531,9.8408222198486328,0.),(152.44685363769531,11.275099754333496,0.)),$);
#15681=IFCINDEXEDPOLYCURVE(#15680,$,$);
#15682=IFCCARTESIANPOINTLIST3D(((138.44061279296875,21.281349182128906,0.),(138.44061279296875,21.287599563598633,0.)),$);
#15683=IFCINDEXEDPOLYCURVE(#15682,$,$);
#15684=IFCCARTESIANPOINTLIST3D(((150.15762329101562,25.596431732177734,0.),(150.20271301269531,25.596431732177734,0.)),$);
#15685=IFCINDEXEDPOLYCURVE(#15684,$,$);
#15686=IFCCARTESIANPOINTLIST3D(((138.44061279296875,24.702123641967773,0.),(138.44061279296875,27.611602783203125,0.)),$);
#15687=IFCINDEXEDPOLYCURVE(#15686,$,$);
#15688=IFCCARTESIANPOINTLIST3D(((131.8021240234375,28.758413314819336,0.),(131.8021240234375,29.433639526367188,0.)),$);
#15689=IFCINDEXEDPOLYCURVE(#15688,$,$);
#15690=IFCCARTESIANPOINTLIST3D(((152.69061279296875,11.525099754333496,0.),(155.18948364257812,11.525099754333496,0.)),$);
#15691=IFCINDEXEDPOLYCURVE(#15690,$,$);
#15692=IFCCARTESIANPOINTLIST3D(((139.42811584472656,8.5153617858886719,0.),(139.43661499023438,8.5153617858886719,0.)),$);
#15693=IFCINDEXEDPOLYCURVE(#15692,$,$);
#15694=IFCCARTESIANPOINTLIST3D(((152.69061279296875,21.275100708007812,0.),(155.45724487304688,21.275100708007812,0.)),$);
#15695=IFCINDEXEDPOLYCURVE(#15694,$,$);
#15696=IFCCARTESIANPOINTLIST3D(((132.53916931152344,26.814931869506836,0.),(132.54319763183594,26.819713592529297,0.)),$);
#15697=IFCINDEXEDPOLYCURVE(#15696,$,$);
#15698=IFCCARTESIANPOINTLIST3D(((140.65196228027344,25.244573593139648,0.),(140.65196228027344,27.196502685546875,0.)),$);
#15699=IFCINDEXEDPOLYCURVE(#15698,$,$);
#15700=IFCCARTESIANPOINTLIST3D(((130.94758605957031,28.155033111572266,0.),(130.95161437988281,28.159814834594727,0.)),$);
#15701=IFCINDEXEDPOLYCURVE(#15700,$,$);
#15702=IFCCARTESIANPOINTLIST3D(((135.44061279296875,12.262599945068359,0.),(135.44061279296875,12.268850326538086,0.)),$);
#15703=IFCINDEXEDPOLYCURVE(#15702,$,$);
#15704=IFCCARTESIANPOINTLIST3D(((139.44061279296875,10.182212829589844,0.),(139.44061279296875,11.275099754333496,0.)),$);
#15705=IFCINDEXEDPOLYCURVE(#15704,$,$);
#15706=IFCCARTESIANPOINTLIST3D(((135.44342041015625,10.521257400512695,0.),(135.44342041015625,12.012599945068359,0.)),$);
#15707=IFCINDEXEDPOLYCURVE(#15706,$,$);
#15708=IFCCARTESIANPOINTLIST3D(((130.60935974121094,17.775100708007812,0.),(135.19061279296875,17.775100708007812,0.)),$);
#15709=IFCINDEXEDPOLYCURVE(#15708,$,$);
#15710=IFCCARTESIANPOINTLIST3D(((133.8021240234375,28.758413314819336,0.),(133.8021240234375,29.433639526367188,0.)),$);
#15711=IFCINDEXEDPOLYCURVE(#15710,$,$);
#15712=IFCCARTESIANPOINTLIST3D(((139.42811584472656,11.525099754333496,0.),(139.43435668945312,11.525099754333496,0.)),$);
#15713=IFCINDEXEDPOLYCURVE(#15712,$,$);
#15714=IFCCARTESIANPOINTLIST3D(((131.89781188964844,27.34678840637207,0.),(132.34391784667969,26.971172332763672,0.)),$);
#15715=IFCINDEXEDPOLYCURVE(#15714,$,$);
#15716=IFCCARTESIANPOINTLIST3D(((99.488380432128906,4.1477727890014648,0.),(99.488380432128906,5.1477727890014648,0.),(97.508453369140625,3.7893309593200684,0.),(97.506317138671875,3.7876453399658203,0.),(97.504470825195312,3.7857341766357422,0.),(97.502922058105469,3.7836308479309082,0.),(97.501670837402344,3.7813687324523926,0.),(97.500732421875,3.7789807319641113,0.),(97.500106811523438,3.7764999866485596,0.),(97.499801635742188,3.7739596366882324,0.),(97.49981689453125,3.7713930606842041,0.),(97.500167846679688,3.7688331604003906,0.),(97.5008544921875,3.7663130760192871,0.),(97.50189208984375,3.7638659477233887,0.),(97.503273010253906,3.7615246772766113,0.),(97.503639221191406,3.7610049247741699,0.),(97.504013061523438,3.7605066299438477,0.),(97.50439453125,3.7600283622741699,0.),(97.504783630371094,3.759568452835083,0.),(97.50518798828125,3.7591254711151123,0.),(97.505599975585938,3.7586977481842041,0.),(97.506027221679688,3.7582838535308838,0.),(97.5064697265625,3.7578823566436768,0.),(97.506927490234375,3.7574915885925293,0.),(97.507408142089844,3.7571098804473877,0.),(97.507904052734375,3.7567360401153564,0.),(97.5084228515625,3.7563686370849609,0.)),$);
#15717=IFCINDEXEDPOLYCURVE(#15716,$,$);
#15718=IFCCARTESIANPOINTLIST3D(((96.742073059082031,30.471284866333008,0.),(96.792068481445312,30.471284866333008,0.),(96.792068481445312,31.371284484863281,0.),(96.742073059082031,31.371284484863281,0.),(96.742073059082031,30.471284866333008,0.),(96.731208801269531,30.470535278320312,0.),(96.720603942871094,30.469921112060547,0.),(96.710182189941406,30.469444274902344,0.),(96.699897766113281,30.46910285949707,0.),(96.689704895019531,30.468898773193359,0.),(96.679557800292969,30.468830108642578,0.),(96.669410705566406,30.468898773193359,0.),(96.659217834472656,30.46910285949707,0.),(96.648933410644531,30.469444274902344,0.),(96.638511657714844,30.469921112060547,0.),(96.627906799316406,30.470535278320312,0.),(96.617073059082031,30.471284866333008,0.),(96.503997802734375,30.487409591674805,0.),(96.396659851074219,30.517814636230469,0.),(96.295989990234375,30.561426162719727,0.),(96.202903747558594,30.617172241210938,0.),(96.118324279785156,30.683979034423828,0.),(96.043174743652344,30.760776519775391,0.),(95.978385925292969,30.846490859985352,0.),(95.924873352050781,30.94005012512207,0.),(95.883560180664062,31.040380477905273,0.),(95.855377197265625,31.146411895751953,0.),(95.841239929199219,31.257070541381836,0.),(95.842071533203125,31.371284484863281,0.)),$);
#15719=IFCINDEXEDPOLYCURVE(#15718,$,$);
#15720=IFCCARTESIANPOINTLIST3D(((97.242073059082031,39.471282958984375,0.),(97.292068481445312,39.471282958984375,0.),(97.292068481445312,40.371284484863281,0.),(97.242073059082031,40.371284484863281,0.),(97.242073059082031,39.471282958984375,0.),(97.231208801269531,39.470531463623047,0.),(97.220603942871094,39.469917297363281,0.),(97.210182189941406,39.469440460205078,0.),(97.199897766113281,39.469100952148438,0.),(97.189704895019531,39.468894958496094,0.),(97.179557800292969,39.468826293945312,0.),(97.169410705566406,39.468894958496094,0.),(97.159217834472656,39.469100952148438,0.),(97.148933410644531,39.469440460205078,0.),(97.138511657714844,39.469917297363281,0.),(97.127906799316406,39.470531463623047,0.),(97.117073059082031,39.471282958984375,0.),(97.003997802734375,39.487407684326172,0.),(96.896659851074219,39.517814636230469,0.),(96.795989990234375,39.561428070068359,0.),(96.702903747558594,39.617172241210938,0.),(96.618324279785156,39.683979034423828,0.),(96.543174743652344,39.760776519775391,0.),(96.478385925292969,39.846488952636719,0.),(96.424873352050781,39.940048217773438,0.),(96.383560180664062,40.040378570556641,0.),(96.355377197265625,40.146408081054688,0.),(96.341239929199219,40.257068634033203,0.),(96.342071533203125,40.371284484863281,0.)),$);
#15721=IFCINDEXEDPOLYCURVE(#15720,$,$);
#15722=IFCCARTESIANPOINTLIST3D(((96.342071533203125,38.746284484863281,0.),(93.842071533203125,38.746284484863281,0.),(93.842071533203125,40.246284484863281,0.),(96.342071533203125,40.246284484863281,0.),(96.342071533203125,40.496284484863281,0.),(93.592071533203125,40.496284484863281,0.),(93.592071533203125,35.246284484863281,0.),(95.592071533203125,35.246284484863281,0.),(95.842071533203125,35.246284484863281,0.),(97.842071533203125,35.246284484863281,0.),(97.842071533203125,35.496284484863281,0.),(93.842071533203125,35.496284484863281,0.),(93.842071533203125,38.496284484863281,0.),(96.342071533203125,38.496284484863281,0.)),$);
#15723=IFCINDEXEDPOLYCURVE(#15722,(IFCLINEINDEX((1,2,3,4,5,6,7,8,9,10,11,12,13,14,1))),$);
#15724=IFCCARTESIANPOINTLIST3D(((101.39207458496094,38.896282196044922,0.),(101.39207458496094,38.946285247802734,0.),(102.19207000732422,38.946285247802734,0.),(102.19207000732422,38.896282196044922,0.)),$);
#15725=IFCINDEXEDPOLYCURVE(#15724,(IFCLINEINDEX((1,2,3,4,1))),$);
#15726=IFCCARTESIANPOINTLIST3D(((97.092071533203125,26.746284484863281,0.),(99.842071533203125,26.746284484863281,0.),(99.842071533203125,27.496284484863281,0.),(103.34207153320312,27.496284484863281,0.)),$);
#15727=IFCINDEXEDPOLYCURVE(#15726,$,$);
#15728=IFCCARTESIANPOINTLIST3D(((97.473114013671875,3.7564010620117188,0.),(97.47259521484375,3.7567684650421143,0.),(97.472099304199219,3.7571423053741455,0.),(97.47161865234375,3.7575240135192871,0.),(97.471160888671875,3.7579147815704346,0.),(97.470718383789062,3.7583162784576416,0.),(97.470291137695312,3.7587301731109619,0.),(97.469879150390625,3.7591578960418701,0.),(97.469474792480469,3.7596008777618408,0.),(97.469085693359375,3.7600607872009277,0.),(97.468704223632812,3.7605390548706055,0.),(97.468330383300781,3.7610373497009277,0.),(97.467964172363281,3.7615571022033691,0.),(97.466583251953125,3.7638983726501465,0.),(97.465545654296875,3.7663455009460449,0.),(97.464859008789062,3.7688655853271484,0.),(97.464508056640625,3.7714254856109619,0.),(97.464492797851562,3.7739920616149902,0.),(97.464797973632812,3.7765324115753174,0.),(97.465423583984375,3.7790131568908691,0.),(97.466361999511719,3.7814011573791504,0.),(97.467613220214844,3.783663272857666,0.),(97.469161987304688,3.7857666015625,0.),(97.47100830078125,3.7876777648925781,0.),(97.47314453125,3.7893636226654053,0.),(99.477066040039062,5.1642642021179199,0.)),$);
#15729=IFCINDEXEDPOLYCURVE(#15728,$,$);
#15730=IFCCARTESIANPOINTLIST3D(((96.467071533203125,26.496284484863281,0.),(96.467071533203125,26.746284484863281,0.),(96.842071533203125,26.746284484863281,0.),(96.842071533203125,27.121284484863281,0.),(97.092071533203125,27.121284484863281,0.)),$);
#15731=IFCINDEXEDPOLYCURVE(#15730,$,$);
#15732=IFCCARTESIANPOINTLIST3D(((98.592071533203125,39.146282196044922,0.),(98.592071533203125,37.246284484863281,0.)),$);
#15733=IFCINDEXEDPOLYCURVE(#15732,$,$);
#15734=IFCCARTESIANPOINTLIST3D(((95.492073059082031,32.624256134033203,0.),(95.542068481445312,32.624256134033203,0.),(95.542068481445312,31.824258804321289,0.),(95.492073059082031,31.824258804321289,0.)),$);
#15735=IFCINDEXEDPOLYCURVE(#15734,(IFCLINEINDEX((1,2,3,4,1))),$);
#15736=IFCCARTESIANPOINTLIST3D(((94.217071533203125,26.496284484863281,0.),(94.217071533203125,26.746284484863281,0.),(93.842071533203125,26.746284484863281,0.),(93.842071533203125,27.121284484863281,0.),(93.592071533203125,27.121284484863281,0.)),$);
#15737=IFCINDEXEDPOLYCURVE(#15736,$,$);
#15738=IFCCARTESIANPOINTLIST3D(((93.592071533203125,35.721282958984375,0.),(92.092071533203125,35.721282958984375,0.),(92.092071533203125,38.271282196044922,0.),(92.592071533203125,38.271282196044922,0.)),$);
#15739=IFCINDEXEDPOLYCURVE(#15738,$,$);
#15740=IFCCARTESIANPOINTLIST3D(((110.36338043212891,4.2203731536865234,0.),(110.36338043212891,0.77037298679351807,0.),(110.36338043212891,0.92037302255630493,0.),(110.11338043212891,0.92037302255630493,0.)),$);
#15741=IFCINDEXEDPOLYCURVE(#15740,$,$);
#15742=IFCCARTESIANPOINTLIST3D(((103.09207153320312,27.496284484863281,0.),(103.09207153320312,27.746284484863281,0.)),$);
#15743=IFCINDEXEDPOLYCURVE(#15742,$,$);
#15744=IFCCARTESIANPOINTLIST3D(((99.613380432128906,1.2203730344772339,0.),(99.613380432128906,1.3925729990005493,0.)),$);
#15745=IFCINDEXEDPOLYCURVE(#15744,$,$);
#15746=IFCCARTESIANPOINTLIST3D(((102.20076751708984,27.496284484863281,0.),(102.20076751708984,26.746284484863281,0.),(102.34207153320312,26.746284484863281,0.)),$);
#15747=IFCINDEXEDPOLYCURVE(#15746,$,$);
#15748=IFCCARTESIANPOINTLIST3D(((103.09207153320312,35.496284484863281,0.),(103.34207153320312,35.496284484863281,0.)),$);
#15749=IFCINDEXEDPOLYCURVE(#15748,$,$);
#15750=IFCCARTESIANPOINTLIST3D(((102.59207153320312,26.496284484863281,0.),(93.592071533203125,26.496284484863281,0.)),$);
#15751=IFCINDEXEDPOLYCURVE(#15750,$,$);
#15752=IFCCARTESIANPOINTLIST3D(((97.467987060546875,3.7842168807983398,0.),(99.488380432128906,2.3925731182098389,0.)),$);
#15753=IFCINDEXEDPOLYCURVE(#15752,$,$);
#15754=IFCCARTESIANPOINTLIST3D(((103.34207153320312,40.246284484863281,0.),(103.09207153320312,40.246284484863281,0.),(103.09207153320312,38.846282958984375,0.),(100.84207153320312,38.846282958984375,0.),(100.84207153320312,38.746284484863281,0.),(103.09207153320312,38.746284484863281,0.)),$);
#15755=IFCINDEXEDPOLYCURVE(#15754,$,$);
#15756=IFCCARTESIANPOINTLIST3D(((113.55850219726562,29.496284484863281,0.),(113.55850219726562,30.496284484863281,0.),(108.96146392822266,30.496284484863281,0.),(108.96146392822266,41.246284484863281,0.),(120.21146392822266,41.246284484863281,0.),(120.21146392822266,34.496284484863281,0.),(118.70850372314453,34.496284484863281,0.),(118.70850372314453,29.496284484863281,0.)),$);
#15757=IFCINDEXEDPOLYCURVE(#15756,(IFCLINEINDEX((1,2,3,4,5,6,7,8,1))),$);
#15758=IFCCARTESIANPOINTLIST3D(((102.59207153320312,22.796283721923828,0.),(102.59207153320312,27.496284484863281,0.)),$);
#15759=IFCINDEXEDPOLYCURVE(#15758,$,$);
#15760=IFCCARTESIANPOINTLIST3D(((96.342071533203125,26.496284484863281,0.),(96.342071533203125,22.796283721923828,0.),(97.092071533203125,22.796283721923828,0.)),$);
#15761=IFCINDEXEDPOLYCURVE(#15760,$,$);
#15762=IFCCARTESIANPOINTLIST3D(((113.36146545410156,37.446285247802734,0.),(113.36146545410156,36.546283721923828,0.),(113.41146087646484,36.546283721923828,0.),(113.41146087646484,37.446285247802734,0.),(113.36146545410156,37.446285247802734,0.),(113.24250793457031,37.441688537597656,0.),(113.12796783447266,37.421672821044922,0.),(113.01891326904297,37.387252807617188,0.),(112.91642761230469,37.339439392089844,0.),(112.82157135009766,37.279243469238281,0.),(112.73542785644531,37.207679748535156,0.),(112.65906524658203,37.125762939453125,0.),(112.59355163574219,37.034500122070312,0.),(112.53996276855469,36.934909820556641,0.),(112.49937438964844,36.8280029296875,0.),(112.47285461425781,36.714790344238281,0.),(112.46146392822266,36.596286773681641,0.),(112.46134948730469,36.591945648193359,0.),(112.46125793457031,36.587699890136719,0.),(112.461181640625,36.583530426025391,0.),(112.46112823486328,36.579418182373047,0.),(112.46109771728516,36.575344085693359,0.),(112.46109008789062,36.5712890625,0.),(112.46109771728516,36.567234039306641,0.),(112.46112823486328,36.563159942626953,0.),(112.461181640625,36.559047698974609,0.),(112.46125793457031,36.554878234863281,0.),(112.46134948730469,36.550632476806641,0.),(112.46146392822266,36.546283721923828,0.)),$);
#15763=IFCINDEXEDPOLYCURVE(#15762,$,$);
#15764=IFCCARTESIANPOINTLIST3D(((112.26145935058594,36.246284484863281,0.),(112.31146240234375,36.246284484863281,0.),(112.31146240234375,37.046283721923828,0.),(112.26145935058594,37.046283721923828,0.),(112.26145935058594,36.246284484863281,0.),(112.25712585449219,36.246150970458984,0.),(112.25288391113281,36.246044158935547,0.),(112.24871063232422,36.245960235595703,0.),(112.24459838867188,36.245899200439453,0.),(112.24052429199219,36.245864868164062,0.),(112.23646545410156,36.245853424072266,0.),(112.23240661621094,36.245864868164062,0.),(112.22833251953125,36.245899200439453,0.),(112.22422027587891,36.245960235595703,0.),(112.22004699707031,36.246044158935547,0.),(112.21580505371094,36.246150970458984,0.),(112.21146392822266,36.246280670166016,0.),(112.10652923583984,36.256748199462891,0.),(112.00633239746094,36.280609130859375,0.),(111.91176605224609,36.316913604736328,0.),(111.82372283935547,36.364707946777344,0.),(111.74309539794922,36.423038482666016,0.),(111.67078399658203,36.490951538085938,0.),(111.60767364501953,36.567493438720703,0.),(111.55466461181641,36.651710510253906,0.),(111.51264190673828,36.742652893066406,0.),(111.48250579833984,36.839363098144531,0.),(111.46514892578125,36.940891265869141,0.),(111.46146392822266,37.046283721923828,0.)),$);
#15765=IFCINDEXEDPOLYCURVE(#15764,$,$);
#15766=IFCCARTESIANPOINTLIST3D(((118.32015991210938,27.496284484863281,0.),(118.32015991210938,26.746284484863281,0.)),$);
#15767=IFCINDEXEDPOLYCURVE(#15766,$,$);
#15768=IFCCARTESIANPOINTLIST3D(((101.93837738037109,0.070372998714447021,0.),(101.93837738037109,0.17037299275398254,0.),(101.03837585449219,0.17037299275398254,0.),(101.03837585449219,0.070372998714447021,0.)),$);
#15769=IFCINDEXEDPOLYCURVE(#15768,(IFCLINEINDEX((1,2,3,4,1))),$);
#15770=IFCCARTESIANPOINTLIST3D(((105.36338043212891,3.8203730583190918,0.),(105.36338043212891,4.3203730583190918,0.)),$);
#15771=IFCINDEXEDPOLYCURVE(#15770,$,$);
#15772=IFCCARTESIANPOINTLIST3D(((117.70850372314453,31.496284484863281,0.),(117.70850372314453,35.246284484863281,0.),(115.71146392822266,35.246284484863281,0.)),$);
#15773=IFCINDEXEDPOLYCURVE(#15772,$,$);
#15774=IFCCARTESIANPOINTLIST3D(((100.36338043212891,1.2203730344772339,0.),(100.36338043212891,3.3203730583190918,0.),(101.36338043212891,3.3203730583190918,0.),(101.61338043212891,3.3203730583190918,0.)),$);
#15775=IFCINDEXEDPOLYCURVE(#15774,$,$);
#15776=IFCCARTESIANPOINTLIST3D(((119.21146392822266,35.496284484863281,0.),(119.21146392822266,38.716285705566406,0.),(116.97146606445312,38.716285705566406,0.),(116.97146606445312,38.846282958984375,0.),(117.10146331787109,38.846282958984375,0.),(119.21146392822266,38.846282958984375,0.),(119.21146392822266,40.246284484863281,0.),(119.46146392822266,40.246284484863281,0.)),$);
#15777=IFCINDEXEDPOLYCURVE(#15776,$,$);
#15778=IFCCARTESIANPOINTLIST3D(((107.28837585449219,0.070372998714447021,0.),(107.28837585449219,0.17037299275398254,0.),(108.18837738037109,0.17037299275398254,0.),(108.18837738037109,0.070372998714447021,0.)),$);
#15779=IFCINDEXEDPOLYCURVE(#15778,(IFCLINEINDEX((1,2,3,4,1))),$);
#15780=IFCCARTESIANPOINTLIST3D(((105.93837738037109,0.070372998714447021,0.),(105.93837738037109,0.17037299275398254,0.),(105.03837585449219,0.17037299275398254,0.),(105.03837585449219,0.070372998714447021,0.)),$);
#15781=IFCINDEXEDPOLYCURVE(#15780,(IFCLINEINDEX((1,2,3,4,1))),$);
#15782=IFCCARTESIANPOINTLIST3D(((113.46146392822266,40.246284484863281,0.),(113.46146392822266,40.496284484863281,0.)),$);
#15783=IFCINDEXEDPOLYCURVE(#15782,$,$);
#15784=IFCCARTESIANPOINTLIST3D(((115.83646392822266,36.496284484863281,0.),(115.84732818603516,36.497035980224609,0.),(115.85793304443359,36.497650146484375,0.),(115.86835479736328,36.498126983642578,0.),(115.87863922119141,36.498466491699219,0.),(115.88883209228516,36.498672485351562,0.),(115.89897918701172,36.498741149902344,0.),(115.90912628173828,36.498672485351562,0.),(115.91931915283203,36.498466491699219,0.),(115.92960357666016,36.498126983642578,0.),(115.94002532958984,36.497650146484375,0.),(115.95063018798828,36.497035980224609,0.),(115.96146392822266,36.496284484863281,0.)),$);
#15785=IFCINDEXEDPOLYCURVE(#15784,$,$);
#15786=IFCCARTESIANPOINTLIST3D(((111.83646392822266,32.496284484863281,0.),(111.84732818603516,32.497035980224609,0.),(111.85793304443359,32.497650146484375,0.),(111.86835479736328,32.498126983642578,0.),(111.87863922119141,32.498466491699219,0.),(111.88883209228516,32.498672485351562,0.),(111.89897918701172,32.498741149902344,0.),(111.90912628173828,32.498672485351562,0.),(111.91931915283203,32.498466491699219,0.),(111.92960357666016,32.498126983642578,0.),(111.94002532958984,32.497650146484375,0.),(111.95063018798828,32.497035980224609,0.),(111.96146392822266,32.496284484863281,0.),(111.71146392822266,32.496284484863281,0.),(111.71146392822266,33.746284484863281,0.)),$);
#15787=IFCINDEXEDPOLYCURVE(#15786,$,$);
#15788=IFCCARTESIANPOINTLIST3D(((100.41337585449219,1.2203730344772339,0.),(100.41337585449219,3.2703731060028076,0.),(101.31337738037109,3.2703731060028076,0.),(101.31337738037109,1.2203730344772339,0.)),$);
#15789=IFCINDEXEDPOLYCURVE(#15788,$,$);
#15790=IFCCARTESIANPOINTLIST3D(((114.71146392822266,39.246284484863281,0.),(113.71146392822266,39.246284484863281,0.)),$);
#15791=IFCINDEXEDPOLYCURVE(#15790,$,$);
#15792=IFCCARTESIANPOINTLIST3D(((113.71146392822266,37.496284484863281,0.),(114.71146392822266,37.496284484863281,0.)),$);
#15793=IFCINDEXEDPOLYCURVE(#15792,$,$);
#15794=IFCCARTESIANPOINTLIST3D(((97.038375854492188,0.070372998714447021,0.),(97.038375854492188,0.17037299275398254,0.),(96.138381958007812,0.17037299275398254,0.),(96.138381958007812,0.070372998714447021,0.)),$);
#15795=IFCINDEXEDPOLYCURVE(#15794,(IFCLINEINDEX((1,2,3,4,1))),$);
#15796=IFCCARTESIANPOINTLIST3D(((109.71146392822266,35.246284484863281,0.),(109.71146392822266,26.496284484863281,0.),(113.21146392822266,26.496284484863281,0.),(113.21146392822266,22.996284484863281,0.)),$);
#15797=IFCINDEXEDPOLYCURVE(#15796,$,$);
#15798=IFCCARTESIANPOINTLIST3D(((117.96146392822266,31.496883392333984,0.),(119.46146392822266,31.496883392333984,0.)),$);
#15799=IFCINDEXEDPOLYCURVE(#15798,$,$);
#15800=IFCCARTESIANPOINTLIST3D(((106.16215515136719,6.5203728675842285,0.),(106.16215515136719,6.5703730583190918,0.),(106.17820739746094,6.5759916305541992,0.),(106.19314575195312,6.5832991600036621,0.),(106.20688629150391,6.5921635627746582,0.),(106.21933746337891,6.6024541854858398,0.),(106.23041534423828,6.614039421081543,0.),(106.24003601074219,6.6267881393432617,0.),(106.24810791015625,6.6405696868896484,0.),(106.25453948974609,6.6552524566650391,0.),(106.25924682617188,6.6707053184509277,0.),(106.26214599609375,6.6867971420288086,0.),(106.26314544677734,6.7033967971801758,0.),(106.26216125488281,6.7203726768493652,0.)),$);
#15801=IFCINDEXEDPOLYCURVE(#15800,$,$);
#15802=IFCCARTESIANPOINTLIST3D(((106.31215667724609,6.7203731536865234,0.),(106.31215667724609,6.7703728675842285,0.),(106.36338043212891,6.7703728675842285,0.)),$);
#15803=IFCINDEXEDPOLYCURVE(#15802,$,$);
#15804=IFCCARTESIANPOINTLIST3D(((107.16337585449219,6.5703725814819336,0.),(107.17942810058594,6.5759916305541992,0.),(107.19436645507812,6.5832991600036621,0.),(107.20810699462891,6.5921635627746582,0.),(107.22055816650391,6.6024541854858398,0.),(107.23163604736328,6.614039421081543,0.),(107.24125671386719,6.6267881393432617,0.),(107.24932861328125,6.6405696868896484,0.),(107.25576019287109,6.6552524566650391,0.),(107.26046752929688,6.6707053184509277,0.),(107.26336669921875,6.6867971420288086,0.),(107.26436614990234,6.7033967971801758,0.),(107.26338195800781,6.7203726768493652,0.)),$);
#15805=IFCINDEXEDPOLYCURVE(#15804,$,$);
#15806=IFCCARTESIANPOINTLIST3D(((107.11338043212891,6.5203728675842285,0.),(107.11338043212891,6.4203729629516602,0.),(106.16337585449219,6.4203729629516602,0.),(106.16337585449219,6.5203728675842285,0.)),$);
#15807=IFCINDEXEDPOLYCURVE(#15806,$,$);
#15808=IFCCARTESIANPOINTLIST3D(((104.30612945556641,7.6193099021911621,0.),(105.30612945556641,7.6193099021911621,0.),(106.61338043212891,6.7703728675842285,0.)),$);
#15809=IFCINDEXEDPOLYCURVE(#15808,$,$);
#15810=IFCCARTESIANPOINTLIST3D(((133.8021240234375,28.752161026000977,0.),(133.67707824707031,28.362340927124023,0.),(133.51518249511719,27.995906829833984,0.),(133.31864929199219,27.654636383056641,0.),(133.0897216796875,27.340305328369141,0.),(132.83062744140625,27.054689407348633,0.),(132.54359436035156,26.799564361572266,0.),(132.23085021972656,26.576705932617188,0.),(131.89460754394531,26.387889862060547,0.),(131.537109375,26.234889984130859,0.),(131.16058349609375,26.119483947753906,0.),(130.76725769042969,26.043447494506836,0.),(130.35935974121094,26.00855827331543,0.),(130.35935974121094,8.5085582733154297,0.),(155.35934448242188,8.5272855758666992,0.),(155.79891967773438,24.521245956420898,0.),(133.8021240234375,28.752161026000977,0.),(133.8021240234375,35.202232360839844,0.)),$);
#15811=IFCINDEXEDPOLYCURVE(#15810,$,$);
#15812=IFCCARTESIANPOINTLIST3D(((129.90464782714844,28.008556365966797,0.),(130.088134765625,27.996532440185547,0.),(130.26815795898438,27.998409271240234,0.),(130.44436645507812,28.014053344726562,0.),(130.61642456054688,28.043329238891602,0.),(130.78398132324219,28.086103439331055,0.),(130.94670104980469,28.142240524291992,0.),(131.10423278808594,28.211606979370117,0.),(131.25624084472656,28.2940673828125,0.),(131.40237426757812,28.389488220214844,0.),(131.54229736328125,28.497734069824219,0.),(131.6756591796875,28.618669509887695,0.),(131.8021240234375,28.752161026000977,0.),(131.8021240234375,35.215824127197266,0.)),$);
#15813=IFCINDEXEDPOLYCURVE(#15812,$,$);
#15814=IFCCARTESIANPOINTLIST3D(((104.26338195800781,2.3203730583190918,0.),(104.26338195800781,3.3203730583190918,0.),(104.16337585449219,3.3203730583190918,0.),(104.16337585449219,2.3203730583190918,0.)),$);
#15815=IFCINDEXEDPOLYCURVE(#15814,(IFCLINEINDEX((1,2,3,4,1))),$);
#15816=IFCCARTESIANPOINTLIST3D(((102.13147735595703,2.3203730583190918,0.),(102.13147735595703,3.3203730583190918,0.),(102.23147583007812,3.3203730583190918,0.),(102.23147583007812,2.3203730583190918,0.)),$);
#15817=IFCINDEXEDPOLYCURVE(#15816,(IFCLINEINDEX((1,2,3,4,1))),$);
#15818=IFCCARTESIANPOINTLIST3D(((104.86338043212891,2.3203730583190918,0.),(104.86338043212891,3.3203730583190918,0.),(104.76338195800781,3.3203730583190918,0.),(104.76338195800781,2.3203730583190918,0.)),$);
#15819=IFCINDEXEDPOLYCURVE(#15818,(IFCLINEINDEX((1,2,3,4,1))),$);
#15820=IFCCARTESIANPOINTLIST3D(((104.46337890625,2.3203730583190918,0.),(104.46337890625,3.3203730583190918,0.),(104.36338043212891,3.3203730583190918,0.),(104.36338043212891,2.3203730583190918,0.)),$);
#15821=IFCINDEXEDPOLYCURVE(#15820,(IFCLINEINDEX((1,2,3,4,1))),$);
#15822=IFCCARTESIANPOINTLIST3D(((102.63147735595703,2.3203730583190918,0.),(102.63147735595703,3.3203730583190918,0.),(102.53147888183594,3.3203730583190918,0.),(102.53147888183594,2.3203730583190918,0.)),$);
#15823=IFCINDEXEDPOLYCURVE(#15822,(IFCLINEINDEX((1,2,3,4,1))),$);
#15824=IFCCARTESIANPOINTLIST3D(((104.06337738037109,2.3203730583190918,0.),(104.06337738037109,3.3203730583190918,0.),(103.96337890625,3.3203730583190918,0.),(103.96337890625,2.3203730583190918,0.)),$);
#15825=IFCINDEXEDPOLYCURVE(#15824,(IFCLINEINDEX((1,2,3,4,1))),$);
#15826=IFCCARTESIANPOINTLIST3D(((102.33148193359375,2.3203730583190918,0.),(102.33148193359375,3.3203730583190918,0.),(102.43148040771484,3.3203730583190918,0.),(102.43148040771484,2.3203730583190918,0.)),$);
#15827=IFCINDEXEDPOLYCURVE(#15826,(IFCLINEINDEX((1,2,3,4,1))),$);
#15828=IFCCARTESIANPOINTLIST3D(((102.83148193359375,2.3203730583190918,0.),(102.83148193359375,3.3203730583190918,0.),(102.73147583007812,3.3203730583190918,0.),(102.73147583007812,2.3203730583190918,0.)),$);
#15829=IFCINDEXEDPOLYCURVE(#15828,(IFCLINEINDEX((1,2,3,4,1))),$);
#15830=IFCCARTESIANPOINTLIST3D(((102.93148040771484,2.3203730583190918,0.),(102.93148040771484,3.3203730583190918,0.),(103.03147888183594,3.3203730583190918,0.),(103.03147888183594,2.3203730583190918,0.)),$);
#15831=IFCINDEXEDPOLYCURVE(#15830,(IFCLINEINDEX((1,2,3,4,1))),$);
#15832=IFCCARTESIANPOINTLIST3D(((104.66337585449219,2.3203730583190918,0.),(104.66337585449219,3.3203730583190918,0.),(104.56337738037109,3.3203730583190918,0.),(104.56337738037109,2.3203730583190918,0.)),$);
#15833=IFCINDEXEDPOLYCURVE(#15832,(IFCLINEINDEX((1,2,3,4,1))),$);
#15834=IFCCARTESIANPOINTLIST3D(((97.592071533203125,40.246284484863281,0.),(97.592071533203125,40.496284484863281,0.),(99.592071533203125,40.496284484863281,0.),(97.342071533203125,40.496284484863281,0.),(97.342071533203125,36.496284484863281,0.),(97.592071533203125,36.496284484863281,0.),(97.592071533203125,40.246284484863281,0.),(98.792068481445312,40.246284484863281,0.),(98.792068481445312,40.496284484863281,0.)),$);
#15835=IFCINDEXEDPOLYCURVE(#15834,$,$);
#15836=IFCCARTESIANPOINTLIST3D(((98.092071533203125,31.246284484863281,0.),(101.09207153320312,31.246284484863281,0.)),$);
#15837=IFCINDEXEDPOLYCURVE(#15836,$,$);
#15838=IFCCARTESIANPOINTLIST3D(((117.95850372314453,31.246284484863281,0.),(117.95850372314453,30.246284484863281,0.),(114.30850219726562,30.246284484863281,0.),(114.30850219726562,31.246284484863281,0.)),$);
#15839=IFCINDEXEDPOLYCURVE(#15838,$,$);
#15840=IFCCARTESIANPOINTLIST3D(((109.71146392822266,31.746284484863281,0.),(109.96146392822266,31.746284484863281,0.),(109.96146392822266,31.496284484863281,0.),(111.71146392822266,31.496284484863281,0.)),$);
#15841=IFCINDEXEDPOLYCURVE(#15840,$,$);
#15842=IFCCARTESIANPOINTLIST3D(((109.71146392822266,31.246284484863281,0.),(110.21146392822266,31.246284484863281,0.),(110.21146392822266,31.496284484863281,0.)),$);
#15843=IFCINDEXEDPOLYCURVE(#15842,$,$);
#15844=IFCCARTESIANPOINTLIST3D(((153.42747497558594,17.608011245727539,0.),(153.42747497558594,20.608011245727539,0.),(154.42747497558594,20.608011245727539,0.),(154.42747497558594,17.608011245727539,0.)),$);
#15845=IFCINDEXEDPOLYCURVE(#15844,(IFCLINEINDEX((1,2,3,4,1))),$);
#15846=IFCCARTESIANPOINTLIST3D(((105.36338043212891,4.2203731536865234,0.),(110.46337890625,4.2203731536865234,0.),(110.46337890625,4.3203730583190918,0.),(110.46337890625,5.0703730583190918,0.),(106.61338043212891,5.0703730583190918,0.)),$);
#15847=IFCINDEXEDPOLYCURVE(#15846,$,$);
#15848=IFCCARTESIANPOINTLIST3D(((101.51736450195312,6.8703727722167969,0.),(95.593154907226562,6.8703727722167969,0.)),$);
#15849=IFCINDEXEDPOLYCURVE(#15848,$,$);
#15850=IFCCARTESIANPOINTLIST3D(((138.44061279296875,21.275100708007812,0.),(138.44061279296875,17.775100708007812,0.),(139.94061279296875,17.775100708007812,0.),(139.94061279296875,21.275100708007812,0.)),$);
#15851=IFCINDEXEDPOLYCURVE(#15850,(IFCLINEINDEX((1,2,3,4,1))),$);
#15852=IFCCARTESIANPOINTLIST3D(((138.44061279296875,17.775100708007812,0.),(135.44061279296875,17.775100708007812,0.),(135.44061279296875,12.275099754333496,0.),(139.44061279296875,12.275099754333496,0.),(139.44061279296875,11.525099754333496,0.),(152.44061279296875,11.525099754333496,0.),(152.44061279296875,21.275100708007812,0.),(147.19061279296875,21.275100708007812,0.),(147.19061279296875,20.025100708007812,0.),(145.69061279296875,20.025100708007812,0.),(145.69061279296875,21.275100708007812,0.),(139.94061279296875,21.275100708007812,0.)),$);
#15853=IFCINDEXEDPOLYCURVE(#15852,$,$);
#15854=IFCCARTESIANPOINTLIST3D(((95.763381958007812,6.6203727722167969,0.),(95.829086303710938,6.6203727722167969,0.),(95.829086303710938,6.5203728675842285,0.)),$);
#15855=IFCINDEXEDPOLYCURVE(#15854,$,$);
#15856=IFCCARTESIANPOINTLIST3D(((101.61338043212891,6.4203729629516602,0.),(95.763381958007812,6.4203729629516602,0.),(95.763381958007812,6.5203728675842285,0.)),$);
#15857=IFCINDEXEDPOLYCURVE(#15856,$,$);
#15858=IFCCARTESIANPOINTLIST3D(((106.86710357666016,6.4203729629516602,0.),(106.09730529785156,6.4203729629516602,0.)),$);
#15859=IFCINDEXEDPOLYCURVE(#15858,$,$);
#15860=IFCCARTESIANPOINTLIST3D(((155.77874755859375,26.210418701171875,0.),(155.90623474121094,25.904855728149414,0.),(155.65126037597656,25.904855728149414,0.)),$);
#15861=IFCINDEXEDPOLYCURVE(#15860,(IFCLINEINDEX((1,2,3,1))),$);
#15862=IFCSHAPEREPRESENTATION(#11,'Body','Curve3D',(#14815,#14817,#14819,#14821,#14823,#14825,#14827,#14829,#14831,#14833,#14835,#14837,#14839,#14841,#14843,#14845,#14847,#14849,#14851,#14853,#14855,#14857,#14859,#14861,#14863,#14865,#14867,#14869,#14871,#14873,#14875,#14877,#14879,#14881,#14883,#14885,#14887,#14889,#14891,#14893,#14895,#14897,#14899,#14901,#14903,#14905,#14907,#14909,#14911,#14913,#14915,#14917,#14919,#14921,#14923,#14925,#14927,#14929,#14931,#14933,#14935,#14937,#14939,#14941,#14943,#14945,#14947,#14949,#14951,#14953,#14955,#14957,#14959,#14961,#14963,#14965,#14967,#14969,#14971,#14973,#14975,#14977,#14979,#14981,#14983,#14985,#14987,#14989,#14991,#14993,#14995,#14997,#14999,#15001,#15003,#15005,#15007,#15009,#15011,#15013,#15015,#15017,#15019,#15021,#15023,#15025,#15027,#15029,#15031,#15033,#15035,#15037,#15039,#15041,#15043,#15045,#15047,#15049,#15051,#15053,#15055,#15057,#15059,#15061,#15063,#15065,#15067,#15069,#15071,#15073,#15075,#15077,#15079,#15081,#15083,#15085,#15087,#15089,#15091,#15093,#15095,#15097,#15099,#15101,#15103,#15105,#15107,#15109,#15111,#15113,#15115,#15117,#15119,#15121,#15123,#15125,#15127,#15129,#15131,#15133,#15135,#15137,#15139,#15141,#15143,#15145,#15147,#15149,#15151,#15153,#15155,#15157,#15159,#15161,#15163,#15165,#15167,#15169,#15171,#15173,#15175,#15177,#15179,#15181,#15183,#15185,#15187,#15189,#15191,#15193,#15195,#15197,#15199,#15201,#15203,#15205,#15207,#15209,#15211,#15213,#15215,#15217,#15219,#15221,#15223,#15225,#15227,#15229,#15231,#15233,#15235,#15237,#15239,#15241,#15243,#15245,#15247,#15249,#15251,#15253,#15255,#15257,#15259,#15261,#15263,#15265,#15267,#15269,#15271,#15273,#15275,#15277,#15279,#15281,#15283,#15285,#15287,#15289,#15291,#15293,#15295,#15297,#15299,#15301,#15303,#15305,#15307,#15309,#15311,#15313,#15315,#15317,#15319,#15321,#15323,#15325,#15327,#15329,#15331,#15333,#15335,#15337,#15339,#15341,#15343,#15345,#15347,#15349,#15351,#15353,#15355,#15357,#15359,#15361,#15363,#15365,#15367,#15369,#15371,#15373,#15375,#15377,#15379,#15381,#15383,#15385,#15387,#15389,#15391,#15393,#15395,#15397,#15399,#15401,#15403,#15405,#15407,#15409,#15411,#15413,#15415,#15417,#15419,#15421,#15423,#15425,#15427,#15429,#15431,#15433,#15435,#15437,#15439,#15441,#15443,#15445,#15447,#15449,#15451,#15453,#15455,#15457,#15459,#15461,#15463,#15465,#15467,#15469,#15471,#15473,#15475,#15477,#15479,#15481,#15483,#15485,#15487,#15489,#15491,#15493,#15495,#15497,#15499,#15501,#15503,#15505,#15507,#15509,#15511,#15513,#15515,#15517,#15519,#15521,#15523,#15525,#15527,#15529,#15531,#15533,#15535,#15537,#15539,#15541,#15543,#15545,#15547,#15549,#15551,#15553,#15555,#15557,#15559,#15561,#15563,#15565,#15567,#15569,#15571,#15573,#15575,#15577,#15579,#15581,#15583,#15585,#15587,#15589,#15591,#15593,#15595,#15597,#15599,#15601,#15603,#15605,#15607,#15609,#15611,#15613,#15615,#15617,#15619,#15621,#15623,#15625,#15627,#15629,#15631,#15633,#15635,#15637,#15639,#15641,#15643,#15645,#15647,#15649,#15651,#15653,#15655,#15657,#15659,#15661,#15663,#15665,#15667,#15669,#15671,#15673,#15675,#15677,#15679,#15681,#15683,#15685,#15687,#15689,#15691,#15693,#15695,#15697,#15699,#15701,#15703,#15705,#15707,#15709,#15711,#15713,#15715,#15717,#15719,#15721,#15723,#15725,#15727,#15729,#15731,#15733,#15735,#15737,#15739,#15741,#15743,#15745,#15747,#15749,#15751,#15753,#15755,#15757,#15759,#15761,#15763,#15765,#15767,#15769,#15771,#15773,#15775,#15777,#15779,#15781,#15783,#15785,#15787,#15789,#15791,#15793,#15795,#15797,#15799,#15801,#15803,#15805,#15807,#15809,#15811,#15813,#15815,#15817,#15819,#15821,#15823,#15825,#15827,#15829,#15831,#15833,#15835,#15837,#15839,#15841,#15843,#15845,#15847,#15849,#15851,#15853,#15855,#15857,#15859,#15861));
#15863=IFCCARTESIANPOINT((-360.00002589322094,-360.00002589322094,-1000.));
#15864=IFCAXIS2PLACEMENT3D(#15863,$,$);
#15865=IFCRECTANGULARPYRAMID(#15864,720.00005178644187,720.00005178644187,1000.);
#15866=IFCCARTESIANPOINT((0.,0.,-0.0020000000949949026));
#15867=IFCAXIS2PLACEMENT3D(#15866,$,$);
#15868=IFCPLANE(#15867);
#15869=IFCHALFSPACESOLID(#15868,.F.);
#15870=IFCBOOLEANRESULT(.DIFFERENCE.,#15865,#15869);
#15871=IFCCSGSOLID(#15870);
#15872=IFCSHAPEREPRESENTATION(#11,'Body','CSG',(#15871));
#15890=IFCRELDEFINESBYTYPE('3FbyHgEzH5PRGI3IEyTjbP',$,$,$,(#17909),#14791);
#15899=IFCCARTESIANPOINTLIST2D(((0.49884879589080811,-1.229461669921875),(1.7988495826721191,-1.229461669921875),(1.7988495826721191,-0.62946164608001709),(0.49884879589080811,-0.62946164608001709),(0.49884879589080811,-1.229461669921875)),$);
#15900=IFCINDEXEDPOLYCURVE(#15899,$,$);
#15901=IFCARBITRARYCLOSEDPROFILEDEF(.AREA.,$,#15900);
#15918=IFCCARTESIANPOINT((7.9020914435386675,16.237152151379465,0.));
#15919=IFCDIRECTION((0.,0.,1.));
#15920=IFCDIRECTION((-0.99999999999999623,8.7422776573475527E-08,0.));
#15921=IFCAXIS2PLACEMENT3D(#15918,#15919,#15920);
#15922=IFCLOCALPLACEMENT(#11392,#15921);
#15938=IFCCARTESIANPOINTLIST3D(((0.,0.,0.),(0.61000001430511475,0.,0.),(0.,0.50800001621246338,0.),(0.61000001430511475,0.50800001621246338,0.),(0.026999998837709427,0.39800000190734863,0.),(0.026999998837709427,0.026999998837709427,0.),(0.58300000429153442,0.026999998837709427,0.),(0.58300000429153442,0.39800000190734863,0.),(0.026999998837709427,0.39800000190734863,-0.26199999451637268),(0.026999998837709427,0.026999998837709427,-0.26199999451637268),(0.58300000429153442,0.026999998837709427,-0.26199999451637268),(0.58300000429153442,0.39800000190734863,-0.26199999451637268),(0.30500000715255737,0.026999998837709427,0.),(0.30500000715255737,0.39800000190734863,0.),(0.30500000715255737,0.,0.),(0.30500000715255737,0.47313177585601807,0.),(0.28486824035644531,0.45300000905990601,0.),(0.30500000715255737,0.43286824226379395,0.),(0.32513177394866943,0.45300000905990601,0.),(0.29505199193954468,0.47021466493606567,0.),(0.31494802236557007,0.47021466493606567,0.),(0.28778535127639771,0.44305199384689331,0.),(0.28778535127639771,0.4629480242729187,0.),(0.31494802236557007,0.43578535318374634,0.),(0.29505199193954468,0.43578535318374634,0.),(0.32221466302871704,0.4629480242729187,0.),(0.32221466302871704,0.44305199384689331,0.),(0.026999998837709427,0.29699999094009399,0.),(0.58300000429153442,0.29699999094009399,0.),(0.026999998837709427,0.29699999094009399,-0.26199999451637268),(0.58300000429153442,0.29699999094009399,-0.26199999451637268),(0.026999998837709427,0.29699999094009399,-0.13099999725818634),(0.58300000429153442,0.29699999094009399,-0.13099999725818634),(0.30500000715255737,0.39800000190734863,-0.26199999451637268),(0.30500000715255737,0.026999998837709427,-0.26199999451637268),(0.30500000715255737,0.2811276912689209,-0.26942726969718933),(0.32087230682373047,0.29699999094009399,-0.26942726969718933),(0.30500000715255737,0.31287229061126709,-0.26942726969718933),(0.28912770748138428,0.29699999094009399,-0.26942726969718933),(0.31251370906829834,0.28333097696304321,-0.26942726969718933),(0.29748627543449402,0.28333094716072083,-0.26942726969718933),(0.31866902112960815,0.30451369285583496,-0.26942726969718933),(0.31866905093193054,0.28948628902435303,-0.26942726969718933),(0.29748627543449402,0.31066903471946716,-0.26942726969718933),(0.31251370906829834,0.31066903471946716,-0.26942726969718933),(0.29133099317550659,0.28948628902435303,-0.26942726969718933),(0.29133099317550659,0.30451369285583496,-0.26942726969718933),(0.2824542224407196,0.25798538327217102,-0.26199999451637268),(0.30500000715255737,0.25137418508529663,-0.26199999451637268),(0.32754576206207275,0.25798538327217102,-0.26199999451637268),(0.34401464462280273,0.27445423603057861,-0.26199999451637268),(0.35062581300735474,0.29699999094009399,-0.26199999451637268),(0.34401464462280273,0.31954574584960938,-0.26199999451637268),(0.32754576206207275,0.33601462841033936,-0.26199999451637268),(0.30500000715255737,0.34262579679489136,-0.26199999451637268),(0.2824542224407196,0.33601459860801697,-0.26199999451637268),(0.2659853994846344,0.31954574584960938,-0.26199999451637268),(0.25937420129776001,0.29699999094009399,-0.26199999451637268),(0.2659853994846344,0.27445423603057861,-0.26199999451637268),(0.2903343141078949,0.27127200365066528,-0.26942726969718933),(0.30500000715255737,0.26697152853012085,-0.26942726969718933),(0.31966567039489746,0.27127200365066528,-0.26942726969718933),(0.33072799444198608,0.28233432769775391,-0.26942726969718933),(0.33502846956253052,0.29699999094009399,-0.26942726969718933),(0.33072799444198608,0.31166565418243408,-0.26942726969718933),(0.31966567039489746,0.32272797822952271,-0.26942726969718933),(0.30500000715255737,0.32702845335006714,-0.26942726969718933),(0.2903343141078949,0.32272797822952271,-0.26942726969718933),(0.27927201986312866,0.31166565418243408,-0.26942726969718933),(0.27497154474258423,0.29699999094009399,-0.26942726969718933),(0.27927201986312866,0.28233432769775391,-0.26942726969718933)),$);
#15939=IFCINDEXEDPOLYGONALFACE((29,8,12,31,33));
#15940=IFCINDEXEDPOLYGONALFACE((13,6,28,5,14,18,25,22,17,23,20,16,21,26,19,4,3,1,15));
#15941=IFCINDEXEDPOLYGONALFACE((8,14,5,9,34,12));
#15942=IFCINDEXEDPOLYGONALFACE((28,6,10,30,32));
#15943=IFCINDEXEDPOLYGONALFACE((6,13,7,11,35,10));
#15944=IFCINDEXEDPOLYGONALFACE((7,13,15,2,4,19,27,24,18,14,8,29));
#15945=IFCINDEXEDPOLYGONALFACE((5,28,32,30,9));
#15946=IFCINDEXEDPOLYGONALFACE((7,29,33,31,11));
#15947=IFCINDEXEDPOLYGONALFACE((10,35,49,48,59,58,30));
#15948=IFCINDEXEDPOLYGONALFACE((34,55,54,53,52,31,12));
#15949=IFCINDEXEDPOLYGONALFACE((30,58,57,56,55,34,9));
#15950=IFCINDEXEDPOLYGONALFACE((52,51,50,49,35,11,31));
#15951=IFCINDEXEDPOLYGONALFACE((61,60,48,49));
#15952=IFCINDEXEDPOLYGONALFACE((62,61,49,50));
#15953=IFCINDEXEDPOLYGONALFACE((63,62,50,51));
#15954=IFCINDEXEDPOLYGONALFACE((64,63,51,52));
#15955=IFCINDEXEDPOLYGONALFACE((65,64,52,53));
#15956=IFCINDEXEDPOLYGONALFACE((66,65,53,54));
#15957=IFCINDEXEDPOLYGONALFACE((67,66,54,55));
#15958=IFCINDEXEDPOLYGONALFACE((68,67,55,56));
#15959=IFCINDEXEDPOLYGONALFACE((69,68,56,57));
#15960=IFCINDEXEDPOLYGONALFACE((70,69,57,58));
#15961=IFCINDEXEDPOLYGONALFACE((71,70,58,59));
#15962=IFCINDEXEDPOLYGONALFACE((60,71,59,48));
#15963=IFCINDEXEDPOLYGONALFACE((36,41,60,61));
#15964=IFCINDEXEDPOLYGONALFACE((40,36,61,62));
#15965=IFCINDEXEDPOLYGONALFACE((43,40,62,63));
#15966=IFCINDEXEDPOLYGONALFACE((37,43,63,64));
#15967=IFCINDEXEDPOLYGONALFACE((42,37,64,65));
#15968=IFCINDEXEDPOLYGONALFACE((45,42,65,66));
#15969=IFCINDEXEDPOLYGONALFACE((38,45,66,67));
#15970=IFCINDEXEDPOLYGONALFACE((44,38,67,68));
#15971=IFCINDEXEDPOLYGONALFACE((47,44,68,69));
#15972=IFCINDEXEDPOLYGONALFACE((39,47,69,70));
#15973=IFCINDEXEDPOLYGONALFACE((46,39,70,71));
#15974=IFCINDEXEDPOLYGONALFACE((41,46,71,60));
#15975=IFCPOLYGONALFACESET(#15938,$,(#15939,#15940,#15941,#15942,#15943,#15944,#15945,#15946,#15947,#15948,#15949,#15950,#15951,#15952,#15953,#15954,#15955,#15956,#15957,#15958,#15959,#15960,#15961,#15962,#15963,#15964,#15965,#15966,#15967,#15968,#15969,#15970,#15971,#15972,#15973,#15974),$);
#15976=IFCSHAPEREPRESENTATION(#11,'Body','Tessellation',(#15975));
#15977=IFCSANITARYTERMINALTYPE('1op6sh04D5sQJuWYHhypGc',$,'KOHLER',$,$,(#15983),(#15982),$,$,.SINK.);
#15978=IFCCARTESIANPOINT((0.,0.,0.));
#15979=IFCDIRECTION((1.,0.,0.));
#15980=IFCDIRECTION((0.,0.,1.));
#15981=IFCAXIS2PLACEMENT3D(#15978,#15980,#15979);
#15982=IFCREPRESENTATIONMAP(#15981,#15976);
#15983=IFCPROPERTYSET('36L3R2$ID97ffCiL1ig$g0',$,'Pset_ManufacturerTypeInformation',$,(#15984,#15985));
#15984=IFCPROPERTYSINGLEVALUE('Manufacturer',$,IFCLABEL('KOHLER'),$);
#15985=IFCPROPERTYSINGLEVALUE('ModelLabel',$,IFCLABEL('K-38795IN'),$);
#15986=IFCSANITARYTERMINAL('2w8JL3mjr52RG1AKtjLuhu',$,'SanitaryTerminal',$,$,#17815,#16015,$,$);
#16007=IFCRELDEFINESBYTYPE('2hw$y7Dt1FUwP14LVnilNR',$,$,$,(#15986),#15977);
#16008=IFCCARTESIANPOINT((0.,0.,0.));
#16009=IFCDIRECTION((1.,0.,0.));
#16010=IFCDIRECTION((0.,1.,0.));
#16011=IFCDIRECTION((0.,0.,1.));
#16012=IFCCARTESIANTRANSFORMATIONOPERATOR3D(#16009,#16010,#16008,1.,#16011);
#16013=IFCMAPPEDITEM(#15982,#16012);
#16014=IFCSHAPEREPRESENTATION(#11,'Body','MappedRepresentation',(#16013));
#16015=IFCPRODUCTDEFINITIONSHAPE($,$,(#16014));
#16036=IFCCARTESIANPOINTLIST2D(((0.49884879589080811,-0.62946164608001709),(5.2488489151000977,-0.62946140766143799),(5.2488489151000977,-1.2294614315032959),(0.49884879589080811,-1.229461669921875),(0.49884879589080811,-0.62946164608001709)),$);
#16037=IFCINDEXEDPOLYCURVE(#16036,$,$);
#16038=IFCCARTESIANPOINTLIST2D(((3.3613767623901367,-0.70137417316436768),(4.5462846755981445,-0.70137393474578857),(4.5462846755981445,-1.1575491428375244),(3.3613767623901367,-1.1575493812561035),(3.3613767623901367,-0.70137417316436768)),$);
#16039=IFCINDEXEDPOLYCURVE(#16038,$,$);
#16040=IFCARBITRARYPROFILEDEFWITHVOIDS(.AREA.,$,#16037,(#16039));
#16074=IFCCARTESIANPOINTLIST2D(((0.,0.),(0.,0.012000000104308128),(0.67565828561782837,0.012000000104308128),(0.67565828561782837,0.)),$);
#16075=IFCINDEXEDPOLYCURVE(#16074,(IFCLINEINDEX((1,2,3,4,1))),$);
#16076=IFCARBITRARYCLOSEDPROFILEDEF(.AREA.,$,#16075);
#16077=IFCCARTESIANPOINT((0.,0.,0.));
#16078=IFCDIRECTION((0.,0.,1.));
#16079=IFCDIRECTION((1.,0.,0.));
#16080=IFCAXIS2PLACEMENT3D(#16077,#16078,#16079);
#16081=IFCDIRECTION((0.,0.,1.));
#16082=IFCEXTRUDEDAREASOLID(#16076,#16080,#16081,0.83799999952316284);
#16083=IFCSHAPEREPRESENTATION(#11,'Body','SweptSolid',(#16082));
#16084=IFCCARTESIANPOINTLIST2D(((0.,0.),(0.67565828561782837,8.1618759395496454E-07)),$);
#16085=IFCINDEXEDPOLYCURVE(#16084,$,$);
#16086=IFCSHAPEREPRESENTATION(#23,'Axis','Curve2D',(#16085));
#16105=IFCELECTRICAPPLIANCE('1EVoncmeTFQ82KY_MdlOTk',$,'ElectricAppliance',$,$,#17825,#16130,'#03',$);
#16111=IFCRELDEFINESBYPROPERTIES('09e6E2oi9F19SJaZN3H1$J',$,$,$,(#16105),#16112);
#16112=IFCPROPERTYSET('2PmFJjcSb4o9nkSYDaUFeJ',$,'EQ_Electrical',$,(#16113));
#16113=IFCPROPERTYSINGLEVALUE('Comments',$,IFCTEXT('Ceiling Level Fixing with anchor bolt.'),$);
#16122=IFCRELDEFINESBYTYPE('0qawdjbybB7wS1NYCIcd8m',$,$,$,(#16105),#14408);
#16123=IFCCARTESIANPOINT((0.,0.,0.));
#16124=IFCDIRECTION((1.,0.,0.));
#16125=IFCDIRECTION((0.,1.,0.));
#16126=IFCDIRECTION((0.,0.,1.));
#16127=IFCCARTESIANTRANSFORMATIONOPERATOR3D(#16124,#16125,#16123,1.,#16126);
#16128=IFCMAPPEDITEM(#14407,#16127);
#16129=IFCSHAPEREPRESENTATION(#11,'Body','MappedRepresentation',(#16128));
#16130=IFCPRODUCTDEFINITIONSHAPE($,$,(#16129));
#16131=IFCRELCONNECTSELEMENTS('3Ks$OFXcP55gjFk$obqLVI',$,$,'TOP',$,#14721,#12407);
#16132=IFCRELCONNECTSELEMENTS('0fedfdDPHFswHRb21EuGXM',$,$,'TOP',$,#14721,#12337);
#16133=IFCRELCONNECTSELEMENTS('1qQ8gKigXAvhvjdWnNLraK',$,$,'TOP',$,#14721,#12515);
#16134=IFCRELCONNECTSELEMENTS('3pu55N6Nr76ux_$vEf2c0a',$,$,'TOP',$,#14721,#12376);
#16135=IFCRELCONNECTSELEMENTS('3NCdLrSGn2m9xP$e1uNY$b',$,$,'TOP',$,#14721,#12437);
#16136=IFCRELCONNECTSELEMENTS('3ZgiWYsW98rPhztYpL15N2',$,$,'TOP',$,#14721,#13399);
#16137=IFCRELCONNECTSELEMENTS('3VWin2zKzFdB3Jwa5mQErQ',$,$,'TOP',$,#14721,#12663);
#16138=IFCRELCONNECTSELEMENTS('3JQ$gHrpr8N8938z__RoJp',$,$,'TOP',$,#14721,#12467);
#16139=IFCSYSTEMFURNITUREELEMENT('0BVwgQ4o9CzRaGyv_c$MMD',$,'SystemFurnitureElement',$,$,#17830,#16150,$,$);
#16145=IFCRELASSOCIATESMATERIAL('13yD5lg3509gAmMzfEHpPt',$,$,$,(#16139),#16146);
#16146=IFCMATERIALLAYERSETUSAGE(#10781,.AXIS3.,.POSITIVE.,-0.012000000104308128,$);
#16147=IFCRELDEFINESBYPROPERTIES('0X7eHnDh13SAdaMkDtTc_x',$,$,$,(#16139),#16148);
#16148=IFCPROPERTYSET('139IDUBcT2ufZIw54tL7lk',$,'EPset_Parametric',$,(#16149));
#16149=IFCPROPERTYSINGLEVALUE('Engine',$,IFCLABEL('Bonsai.DumbLayer3'),$);
#16150=IFCPRODUCTDEFINITIONSHAPE($,$,(#16151));
#16151=IFCSHAPEREPRESENTATION(#11,'Body','SweptSolid',(#16152));
#16152=IFCEXTRUDEDAREASOLID(#17746,#16156,#16160,0.012000000104308128);
#16156=IFCAXIS2PLACEMENT3D(#16157,#16158,#16159);
#16157=IFCCARTESIANPOINT((-0.,-0.,-0.012000000104308128));
#16158=IFCDIRECTION((0.,0.,1.));
#16159=IFCDIRECTION((1.,0.,0.));
#16160=IFCDIRECTION((0.,0.,1.));
#16161=IFCPROPERTYSINGLEVALUE('Manufacturer',$,IFCLABEL('GROHE'),$);
#16162=IFCPROPERTYSINGLEVALUE('ModelLabel',$,IFCLABEL('Essence Single-lever sink mixer 1/2\X2\2033\X0\'),$);
#16163=IFCPROPERTYSET('0SzepmHv1ASB_nBDD0QtBu',$,'Pset_ManufacturerTypeInformation',$,(#16161,#16162));
#16164=IFCCARTESIANPOINT((0.,0.,0.));
#16165=IFCDIRECTION((0.,0.,1.));
#16166=IFCDIRECTION((1.,0.,0.));
#16167=IFCAXIS2PLACEMENT3D(#16164,#16165,#16166);
#16174=IFCCARTESIANPOINTLIST3D(((0.,0.022500000894069672,0.),(0.,0.022500000894069672,0.079999998211860657),(0.006952882744371891,0.021398773416876793,0.079999998211860657),(0.006952882744371891,0.021398773416876793,0.),(0.01322516892105341,0.018202884122729301,0.079999998211860657),(0.01322516892105341,0.018202884122729301,0.),(0.018202884122729301,0.01322516892105341,0.079999998211860657),(0.018202884122729301,0.01322516892105341,0.),(0.021398773416876793,0.006952882744371891,0.079999998211860657),(0.021398773416876793,0.006952882744371891,0.),(0.022500000894069672,0.,0.079999998211860657),(0.022500000894069672,0.,0.),(0.021398773416876793,-0.006952882744371891,0.079999998211860657),(0.021398773416876793,-0.006952882744371891,0.),(0.018202884122729301,-0.01322516892105341,0.079999998211860657),(0.018202884122729301,-0.01322516892105341,0.),(0.01322516892105341,-0.018202884122729301,0.079999998211860657),(0.01322516892105341,-0.018202884122729301,0.),(0.006952882744371891,-0.021398773416876793,0.079999998211860657),(0.006952882744371891,-0.021398773416876793,0.),(0.,-0.022500000894069672,0.079999998211860657),(0.,-0.022500000894069672,0.),(-0.006952882744371891,-0.021398773416876793,0.079999998211860657),(-0.006952882744371891,-0.021398773416876793,0.),(-0.01322516892105341,-0.018202884122729301,0.079999998211860657),(-0.01322516892105341,-0.018202884122729301,0.),(-0.018202884122729301,-0.01322516892105341,0.079999998211860657),(-0.018202884122729301,-0.01322516892105341,0.),(-0.021398773416876793,-0.006952882744371891,0.079999998211860657),(-0.021398773416876793,-0.006952882744371891,0.),(-0.022500000894069672,0.,0.079999998211860657),(-0.022500000894069672,0.,0.),(-0.021398773416876793,0.006952882744371891,0.079999998211860657),(-0.021398773416876793,0.006952882744371891,0.),(-0.018202884122729301,0.01322516892105341,0.079999998211860657),(-0.018202884122729301,0.01322516892105341,0.),(-0.01322516892105341,0.018202884122729301,0.079999998211860657),(-0.01322516892105341,0.018202884122729301,0.),(0.011250000447034836,9.3132258849326632E-11,0.13000001013278961),(0.010699386708438396,-0.0034764411393553019,0.13000001013278961),(-0.006952882744371891,0.021398773416876793,0.079999998211860657),(-0.006952882744371891,0.021398773416876793,0.),(0.0066125849261879921,0.0091014420613646507,0.13000001013278961),(0.0034764416050165892,0.010699386708438396,0.13000001013278961),(0.0034764413721859455,0.010699385777115822,0.26976278424263),(0.0066125849261879921,0.0091014429926872253,0.26976278424263),(1.8626451769865326E-10,-0.011250000447034836,0.13000001013278961),(-0.0034764411393553019,-0.010699386708438396,0.13000001013278961),(-0.011250000447034836,9.3132258849326632E-11,0.13000001013278961),(-0.010699386708438396,0.0034764416050165892,0.13000001013278961),(0.0091014420613646507,0.0066125844605267048,0.13000001013278961),(0.010699386708438396,0.0034764416050165892,0.13000001013278961),(0.0066125849261879921,-0.0091014420613646507,0.13000001013278961),(0.0034764416050165892,-0.010699386708438396,0.13000001013278961),(-0.0091014420613646507,-0.0066125844605267048,0.13000001013278961),(-0.010699386708438396,-0.0034764411393553019,0.13000001013278961),(-0.0066125839948654175,0.0091014420613646507,0.13000001013278961),(-0.0034764411393553019,0.010699386708438396,0.13000001013278961),(0.0091014420613646507,-0.0066125844605267048,0.13000001013278961),(-0.0066125839948654175,-0.0091014420613646507,0.13000001013278961),(-0.0091014420613646507,0.0066125844605267048,0.13000001013278961),(1.8626451769865326E-10,0.011250000447034836,0.13000001013278961),(-0.010699385777115822,0.0034764413721859455,0.26976278424263),(-0.0091014429926872253,0.0066125849261879921,0.26976278424263),(0.0034764413721859455,-0.010699385777115822,0.26976278424263),(1.8626454545422888E-10,-0.011250002309679985,0.26976278424263),(0.0091014429926872253,0.0066125849261879921,0.26976278424263),(-0.0066125844605267048,0.0091014429926872253,0.26976278424263),(-0.0034764413721859455,-0.010699385777115822,0.26976278424263),(0.010699385777115822,0.0034764413721859455,0.26976278424263),(-0.0034764413721859455,0.010699385777115822,0.26976278424263),(-0.0066125844605267048,-0.0091014429926872253,0.26976278424263),(0.011250002309679985,9.313227272711444E-11,0.26976278424263),(1.8626454545422888E-10,0.011250002309679985,0.26976278424263),(-0.0091014429926872253,-0.0066125849261879921,0.26976278424263),(0.010699385777115822,-0.0034764413721859455,0.26976278424263),(-0.010699385777115822,-0.0034764413721859455,0.26976278424263),(0.0091014429926872253,-0.0066125849261879921,0.26976278424263),(-0.011250002309679985,9.313227272711444E-11,0.26976278424263),(0.0066125849261879921,-0.0091014429926872253,0.26976278424263),(0.0034764413721859455,-0.010940350592136383,0.27289372682571411),(1.8626454545422888E-10,-0.011464022099971771,0.27272358536720276),(0.0091014429926872253,-0.007053568959236145,0.27415663003921509),(0.010699385777115822,-0.0040709227323532104,0.27512574195861816),(0.010699385777115822,-0.0062935575842857361,0.28004249930381775),(0.0091014429926872253,-0.0088307559490203857,0.27819913625717163),(0.0066125849261879921,0.0078913569450378418,0.279012531042099),(0.0091014429926872253,0.0055243074893951416,0.27824342250823975),(-0.0091014429926872253,0.0055243074893951416,0.27824342250823975),(-0.0066125844605267048,0.0078913569450378418,0.279012531042099),(-0.0034764413721859455,-0.010940350592136383,0.27289372682571411),(0.010699385777115822,0.002541661262512207,0.27727431058883667),(-0.0034764413721859455,0.0094110891222953796,0.27950632572174072),(-0.0066125844605267048,-0.0094206184148788452,0.27338752150535583),(0.011250002309679985,-0.00076463073492050171,0.27620002627372742),(1.8626454545422888E-10,0.0099347606301307678,0.27967646718025208),(-0.0091014429926872253,-0.007053568959236145,0.27415663003921509),(-0.010699385777115822,-0.0040709227323532104,0.27512574195861816),(-0.011250002309679985,-0.00076463073492050171,0.27620002627372742),(0.0066125849261879921,-0.0094206184148788452,0.27338752150535583),(0.0034764413721859455,0.0094110891222953796,0.27950632572174072),(-0.010699385777115822,0.002541661262512207,0.27727431058883667),(0.010699385777115822,-0.00066855549812316895,0.28412932157516479),(0.0091014429926872253,0.0018686279654502869,0.28597268462181091),(0.0091014429926872253,-0.0039966031908988953,0.29219400882720947),(0.010699385777115822,-0.0058399811387062073,0.28965681791305542),(-0.010699385777115822,-0.0062935575842857361,0.28004249930381775),(-0.011250002309679985,-0.003481060266494751,0.28208592534065247),(0.0066125849261879921,-0.01084427535533905,0.27673622965812683),(1.8626454545422888E-10,0.0056203901767730713,0.28869849443435669),(0.0034764413721859455,0.0051749274134635925,0.28837487101554871),(-0.010699385777115822,-0.00066855549812316895,0.28412932157516479),(0.0034764413721859455,-0.012137040495872498,0.27579697966575623),(0.0066125849261879921,0.0038821622729301453,0.2874356210231781),(-0.0091014429926872253,0.0018686279654502869,0.28597268462181091),(1.8626454545422888E-10,-0.012582503259181976,0.27547332644462585),(-0.0066125844605267048,0.0038821622729301453,0.2874356210231781),(-0.0034764413721859455,-0.012137040495872498,0.27579697966575623),(-0.0034764413721859455,0.0051749274134635925,0.28837487101554871),(-0.0066125844605267048,-0.01084427535533905,0.27673622965812683),(0.011250002309679985,-0.003481060266494751,0.28208592534065247),(-0.0091014429926872253,-0.0088307559490203857,0.27819913625717163),(0.0034764413721859455,-0.0015944391489028931,0.29550030827522278),(1.8626454545422888E-10,-0.0012707933783531189,0.29594573378562927),(1.8626454545422888E-10,-0.010064214468002319,0.30070877075195312),(0.0034764413721859455,-0.010234370827674866,0.30018514394760132),(-0.0066125844605267048,-0.0025336891412734985,0.29420754313468933),(-0.0034764413721859455,-0.0015944391489028931,0.29550030827522278),(-0.0034764413721859455,-0.014172323048114777,0.2781883180141449),(-0.0066125844605267048,-0.013233073055744171,0.27948108315467834),(0.011250002309679985,-0.0078833922743797302,0.28684431314468384),(-0.0091014429926872253,-0.011770166456699371,0.2814946174621582),(0.010699385777115822,-0.0099267736077308655,0.28403180837631226),(-0.010699385777115822,-0.0099267736077308655,0.28403180837631226),(0.0091014429926872253,-0.011770166456699371,0.2814946174621582),(-0.011250002309679985,-0.0078833922743797302,0.28684431314468384),(0.0066125849261879921,-0.013233073055744171,0.27948108315467834),(-0.010699385777115822,-0.0058399811387062073,0.28965681791305542),(0.0034764413721859455,-0.014172323048114777,0.2781883180141449),(0.0066125849261879921,-0.0025336891412734985,0.29420754313468933),(-0.0091014429926872253,-0.0039966031908988953,0.29219400882720947),(1.8626454545422888E-10,-0.014495968818664551,0.27774283289909363),(-0.0091014429926872253,-0.015584073960781097,0.283720463514328),(-0.0066125844605267048,-0.01635316014289856,0.28135344386100769),(-0.0066125844605267048,-0.019899137318134308,0.28216999769210815),(-0.0091014429926872253,-0.019899137318134308,0.28465878963470459),(-0.011250002309679985,-0.013540670275688171,0.29000940918922424),(-0.010699385777115822,-0.012466385960578918,0.29331570863723755),(0.0066125849261879921,-0.01635316014289856,0.28135344386100769),(0.0034764413721859455,-0.016846954822540283,0.27983370423316956),(0.0066125849261879921,-0.010728165507316589,0.29866540431976318),(-0.0091014429926872253,-0.011497266590595245,0.29629838466644287),(1.8626454545422888E-10,-0.017017096281051636,0.27930998802185059),(0.0091014429926872253,-0.011497266590595245,0.29629838466644287),(-0.0066125844605267048,-0.010728165507316589,0.29866540431976318),(-0.0034764413721859455,-0.016846954822540283,0.27983370423316956),(0.010699385777115822,-0.012466385960578918,0.29331570863723755),(-0.0034764413721859455,-0.010234370827674866,0.30018514394760132),(0.011250002309679985,-0.013540670275688171,0.29000940918922424),(0.010699385777115822,-0.014614932239055634,0.28670310974121094),(-0.010699385777115822,-0.014614932239055634,0.28670310974121094),(0.0091014429926872253,-0.015584073960781097,0.283720463514328),(1.8626454545422888E-10,-0.01989910751581192,0.28002139925956726),(0.0034764413721859455,-0.019899137318134308,0.28057205677032471),(0.003950000274926424,-0.16989913582801819,0.28057205677032471),(0.00047355913557112217,-0.1698991060256958,0.28002139925956726),(0.011250002309679985,-0.019899137318134308,0.2912713885307312),(0.010699385777115822,-0.019899114966392517,0.28779494762420654),(-0.010699385777115822,-0.019899114966392517,0.28779494762420654),(0.0091014429926872253,-0.019899137318134308,0.28465878963470459),(-0.011250002309679985,-0.019899137318134308,0.2912713885307312),(0.0066125849261879921,-0.019899137318134308,0.28216999769210815),(1.8626454545422888E-10,-0.019899114966392517,0.30252137780189514),(0.0034764413721859455,-0.019899137318134308,0.30197080969810486),(-0.010699385777115822,-0.019899129867553711,0.29474782943725586),(0.0066125849261879921,-0.019899137318134308,0.30037286877632141),(-0.0091014429926872253,-0.019899144768714905,0.2978840172290802),(0.0091014429926872253,-0.019899144768714905,0.2978840172290802),(-0.0066125844605267048,-0.019899137318134308,0.30037286877632141),(-0.0034764413721859455,-0.019899137318134308,0.28057205677032471),(0.010699385777115822,-0.019899129867553711,0.29474782943725586),(-0.0034764413721859455,-0.019899137318134308,0.30197080969810486),(0.0070861438289284706,-0.16989913582801819,0.28216999769210815),(0.0070861438289284706,-0.17430570721626282,0.28133201599121094),(0.003950000274926424,-0.17386525869369507,0.27979597449302673),(0.0070861438289284706,-0.16989913582801819,0.30037286877632141),(0.0095750018954277039,-0.16989915072917938,0.2978840172290802),(-0.0086278840899467468,-0.16989915072917938,0.2978840172290802),(-0.0061390255577862263,-0.16989913582801819,0.30037286877632141),(-0.003002882469445467,-0.16989913582801819,0.28057205677032471),(0.0111729446798563,-0.16989913582801819,0.29474782943725586),(-0.003002882469445467,-0.16989913582801819,0.30197080969810486),(-0.0061390255577862263,-0.16989913582801819,0.28216999769210815),(0.011723561212420464,-0.16989913582801819,0.2912713885307312),(0.00047355913557112217,-0.16989912092685699,0.30252137780189514),(-0.0086278840899467468,-0.16989913582801819,0.28465878963470459),(0.0111729446798563,-0.16989912092685699,0.28779494762420654),(-0.010225826874375343,-0.16989912092685699,0.28779494762420654),(0.0095750018954277039,-0.16989913582801819,0.28465878963470459),(-0.010776443406939507,-0.16989913582801819,0.2912713885307312),(0.003950000274926424,-0.16989913582801819,0.30197080969810486),(-0.010225826874375343,-0.16989913582801819,0.29474782943725586),(0.0111729446798563,-0.17585614323616028,0.2867390513420105),(0.011723561212420464,-0.17681440711021423,0.29008081555366516),(0.011723561212420464,-0.18313360214233398,0.28703024983406067),(0.0111729446798563,-0.1812913715839386,0.2840820848941803),(0.003950000274926424,-0.1797635555267334,0.30036577582359314),(0.0070861438289284706,-0.17932310700416565,0.29882973432540894),(-0.010225826874375343,-0.1777726411819458,0.29342257976531982),(-0.0086278840899467468,-0.17863708734512329,0.29643729329109192),(0.00047355913557112217,-0.17371344566345215,0.27926662564277649),(0.0095750018954277039,-0.17863708734512329,0.29643729329109192),(-0.0061390255577862263,-0.17932310700416565,0.29882973432540894),(-0.003002882469445467,-0.17386525869369507,0.27979597449302673),(0.0111729446798563,-0.1777726411819458,0.29342257976531982),(-0.003002882469445467,-0.1797635555267334,0.30036577582359314),(-0.0061390255577862263,-0.17430570721626282,0.28133201599121094),(0.00047355913557112217,-0.17991530895233154,0.30089500546455383),(-0.0086278840899467468,-0.17499172687530518,0.28372439742088318),(-0.010225826874375343,-0.17585614323616028,0.2867390513420105),(0.0095750018954277039,-0.17499172687530518,0.28372439742088318),(-0.010776443406939507,-0.17681440711021423,0.29008081555366516),(0.0095750018954277039,-0.18663778901100159,0.29263809323310852),(0.0070861438289284706,-0.18795666098594666,0.29474878311157227),(0.0070861438289284706,-0.19513089954853058,0.28844618797302246),(0.0095750018954277039,-0.19328133761882782,0.28678080439567566),(-0.0086278840899467468,-0.17962947487831116,0.28142246603965759),(-0.010225826874375343,-0.1812913715839386,0.2840820848941803),(0.0095750018954277039,-0.17962947487831116,0.28142246603965759),(-0.010776443406939507,-0.18313360214233398,0.28703024983406067),(0.0070861438289284706,-0.17831060290336609,0.27931186556816101),(0.00047355913557112217,-0.18909519910812378,0.29657080769538879),(0.003950000274926424,-0.18880346417427063,0.29610389471054077),(-0.010225826874375343,-0.18497583270072937,0.28997844457626343),(0.003950000274926424,-0.1774638295173645,0.27795672416687012),(-0.0086278840899467468,-0.18663778901100159,0.29263809323310852),(0.00047355913557112217,-0.1771719753742218,0.27748975157737732),(-0.0061390255577862263,-0.18795666098594666,0.29474878311157227),(-0.003002882469445467,-0.1774638295173645,0.27795672416687012),(0.0111729446798563,-0.18497583270072937,0.28997844457626343),(-0.003002882469445467,-0.18880346417427063,0.29610389471054077),(-0.0061390255577862263,-0.17831060290336609,0.27931186556816101),(-0.010776443406939507,-0.18836717307567596,0.28235605359077454),(-0.010225826874375343,-0.18578366935253143,0.28002989292144775),(-0.010225826874375343,-0.18898501992225647,0.27489641308784485),(-0.010776443406939507,-0.192109614610672,0.27642038464546204),(-0.0086278840899467468,-0.19328133761882782,0.28678080439567566),(-0.0061390255577862263,-0.19513089954853058,0.28844618797302246),(0.00047355913557112217,-0.18000675737857819,0.27482840418815613),(-0.003002882469445467,-0.18041603267192841,0.27519682049751282),(0.0111729446798563,-0.19095064699649811,0.28468227386474609),(-0.003002882469445467,-0.19631843268871307,0.28951540589332581),(-0.0061390255577862263,-0.18160353600978851,0.27626609802246094),(0.011723561212420464,-0.18836717307567596,0.28235605359077454),(0.00047355913557112217,-0.19672755897045135,0.2898838222026825),(-0.0086278840899467468,-0.18345306813716888,0.27793139219284058),(0.0111729446798563,-0.18578366935253143,0.28002989292144775),(0.0095750018954277039,-0.18345306813716888,0.27793139219284058),(0.0070861438289284706,-0.18160353600978851,0.27626609802246094),(0.003950000274926424,-0.19631843268871307,0.28951540589332581),(-0.010225826874375343,-0.19095064699649811,0.28468227386474609),(0.003950000274926424,-0.18041603267192841,0.27519682049751282),(-0.0061390255577862263,-0.18392935395240784,0.2724306583404541),(-0.003002882469445467,-0.18249312043190002,0.27173012495040894),(-0.003002882469445467,-0.18353420495986938,0.26782518625259399),(-0.0061390255577862263,-0.18510791659355164,0.26810267567634583),(0.0095750018954277039,-0.18616625666618347,0.27352163195610046),(0.0070861438289284706,-0.18392935395240784,0.2724306583404541),(0.00047355913557112217,-0.20222106575965881,0.28135210275650024),(0.003950000274926424,-0.20172622799873352,0.2811107337474823),(-0.010225826874375343,-0.19523420929908752,0.27794438600540161),(0.003950000274926424,-0.18249312043190002,0.27173012495040894),(0.0070861438289284706,-0.20028999447822571,0.28041025996208191),(-0.0086278840899467468,-0.1980530321598053,0.279319167137146),(0.00047355913557112217,-0.18199816346168518,0.27148875594139099),(0.0095750018954277039,-0.1980530321598053,0.279319167137146),(-0.0061390255577862263,-0.20028999447822571,0.28041025996208191),(0.0111729446798563,-0.19523420929908752,0.27794438600540161),(-0.003002882469445467,-0.20172622799873352,0.2811107337474823),(0.011723561212420464,-0.192109614610672,0.27642038464546204),(-0.0086278840899467468,-0.18616625666618347,0.27352163195610046),(0.0111729446798563,-0.18898501992225647,0.27489641308784485),(0.0111729446798563,-0.19064736366271973,0.26907938718795776),(0.011723561212420464,-0.19407099485397339,0.26968306303024292),(0.011723578907549381,-0.19615475833415985,0.25786536931991577),(0.011172962374985218,-0.19273112714290619,0.25726169347763062),(0.0111729446798563,-0.19749459624290466,0.27028676867485046),(-0.003002882469445467,-0.20460790395736694,0.27154102921485901),(0.00047355913557112217,-0.20515009760856628,0.27163666486740112),(-0.0086278840899467468,-0.1875588595867157,0.26853483915328979),(-0.010225826874375343,-0.19064736366271973,0.26907938718795776),(0.0095750018954277039,-0.1875588595867157,0.26853483915328979),(-0.010776443406939507,-0.19407099485397339,0.26968306303024292),(0.0070861438289284706,-0.18510791659355164,0.26810267567634583),(0.003950000274926424,-0.20460790395736694,0.27154102921485901),(-0.010225826874375343,-0.19749459624290466,0.27028676867485046),(0.003950000274926424,-0.18353420495986938,0.26782518625259399),(0.0070861438289284706,-0.20303422212600708,0.27126356959342957),(-0.0086278840899467468,-0.20058318972587585,0.27083134651184082),(0.00047355913557112217,-0.18299189209938049,0.26772961020469666),(0.0095750018954277039,-0.20058318972587585,0.27083134651184082),(-0.0061390255577862263,-0.20303422212600708,0.27126356959342957),(0.0039500179700553417,-0.20669166743755341,0.25972333550453186),(0.0004735770053230226,-0.20723386108875275,0.25981897115707397),(-0.0030028645414859056,-0.20669166743755341,0.25972333550453186),(-0.0061390078626573086,-0.20511798560619354,0.25944587588310242),(-0.0086278663948178291,-0.20266695320606232,0.25901365280151367),(-0.010225809179246426,-0.19957835972309113,0.25846907496452332),(-0.010776425711810589,-0.19615475833415985,0.25786536931991577),(-0.010225809179246426,-0.19273112714290619,0.25726169347763062),(-0.0086278663948178291,-0.18964262306690216,0.25671714544296265),(-0.0061390078626573086,-0.1871916800737381,0.25628498196601868),(-0.0030028645414859056,-0.18561796844005585,0.25600749254226685),(0.0004735770053230226,-0.18507565557956696,0.25591191649436951),(0.0039500179700553417,-0.18561796844005585,0.25600749254226685),(0.0070861615240573883,-0.1871916800737381,0.25628498196601868),(0.0095750195905566216,-0.18964262306690216,0.25671714544296265),(0.011172962374985218,-0.19957835972309113,0.25846907496452332),(0.0095750195905566216,-0.20266695320606232,0.25901365280151367),(0.0070861615240573883,-0.20511798560619354,0.25944587588310242)),$);
#16175=IFCINDEXEDPOLYGONALFACE((4,1,2));
#16176=IFCINDEXEDPOLYGONALFACE((4,2,3));
#16177=IFCINDEXEDPOLYGONALFACE((6,4,3));
#16178=IFCINDEXEDPOLYGONALFACE((6,3,5));
#16179=IFCINDEXEDPOLYGONALFACE((8,6,5));
#16180=IFCINDEXEDPOLYGONALFACE((8,5,7));
#16181=IFCINDEXEDPOLYGONALFACE((7,9,10));
#16182=IFCINDEXEDPOLYGONALFACE((7,10,8));
#16183=IFCINDEXEDPOLYGONALFACE((9,11,12));
#16184=IFCINDEXEDPOLYGONALFACE((9,12,10));
#16185=IFCINDEXEDPOLYGONALFACE((11,13,14));
#16186=IFCINDEXEDPOLYGONALFACE((11,14,12));
#16187=IFCINDEXEDPOLYGONALFACE((13,15,16));
#16188=IFCINDEXEDPOLYGONALFACE((13,16,14));
#16189=IFCINDEXEDPOLYGONALFACE((18,16,15));
#16190=IFCINDEXEDPOLYGONALFACE((18,15,17));
#16191=IFCINDEXEDPOLYGONALFACE((20,18,17));
#16192=IFCINDEXEDPOLYGONALFACE((20,17,19));
#16193=IFCINDEXEDPOLYGONALFACE((22,20,19));
#16194=IFCINDEXEDPOLYGONALFACE((22,19,21));
#16195=IFCINDEXEDPOLYGONALFACE((24,22,21));
#16196=IFCINDEXEDPOLYGONALFACE((24,21,23));
#16197=IFCINDEXEDPOLYGONALFACE((26,24,23));
#16198=IFCINDEXEDPOLYGONALFACE((26,23,25));
#16199=IFCINDEXEDPOLYGONALFACE((28,26,25));
#16200=IFCINDEXEDPOLYGONALFACE((28,25,27));
#16201=IFCINDEXEDPOLYGONALFACE((27,29,30));
#16202=IFCINDEXEDPOLYGONALFACE((27,30,28));
#16203=IFCINDEXEDPOLYGONALFACE((29,31,32));
#16204=IFCINDEXEDPOLYGONALFACE((29,32,30));
#16205=IFCINDEXEDPOLYGONALFACE((31,33,34));
#16206=IFCINDEXEDPOLYGONALFACE((31,34,32));
#16207=IFCINDEXEDPOLYGONALFACE((33,35,36));
#16208=IFCINDEXEDPOLYGONALFACE((33,36,34));
#16209=IFCINDEXEDPOLYGONALFACE((38,36,35));
#16210=IFCINDEXEDPOLYGONALFACE((38,35,37));
#16211=IFCINDEXEDPOLYGONALFACE((40,13,11));
#16212=IFCINDEXEDPOLYGONALFACE((40,11,39));
#16213=IFCINDEXEDPOLYGONALFACE((42,38,37));
#16214=IFCINDEXEDPOLYGONALFACE((42,37,41));
#16215=IFCINDEXEDPOLYGONALFACE((1,42,41));
#16216=IFCINDEXEDPOLYGONALFACE((1,41,2));
#16217=IFCINDEXEDPOLYGONALFACE((22,18,20));
#16218=IFCINDEXEDPOLYGONALFACE((12,14,16));
#16219=IFCINDEXEDPOLYGONALFACE((12,16,18));
#16220=IFCINDEXEDPOLYGONALFACE((12,18,22));
#16221=IFCINDEXEDPOLYGONALFACE((8,10,12));
#16222=IFCINDEXEDPOLYGONALFACE((26,22,24));
#16223=IFCINDEXEDPOLYGONALFACE((1,4,6));
#16224=IFCINDEXEDPOLYGONALFACE((1,6,8));
#16225=IFCINDEXEDPOLYGONALFACE((1,8,12));
#16226=IFCINDEXEDPOLYGONALFACE((32,26,28));
#16227=IFCINDEXEDPOLYGONALFACE((32,28,30));
#16228=IFCINDEXEDPOLYGONALFACE((32,12,22));
#16229=IFCINDEXEDPOLYGONALFACE((32,22,26));
#16230=IFCINDEXEDPOLYGONALFACE((32,1,12));
#16231=IFCINDEXEDPOLYGONALFACE((36,32,34));
#16232=IFCINDEXEDPOLYGONALFACE((38,42,1));
#16233=IFCINDEXEDPOLYGONALFACE((38,1,32));
#16234=IFCINDEXEDPOLYGONALFACE((38,32,36));
#16235=IFCINDEXEDPOLYGONALFACE((44,45,46));
#16236=IFCINDEXEDPOLYGONALFACE((43,44,46));
#16237=IFCINDEXEDPOLYGONALFACE((21,47,48));
#16238=IFCINDEXEDPOLYGONALFACE((21,48,23));
#16239=IFCINDEXEDPOLYGONALFACE((31,49,50));
#16240=IFCINDEXEDPOLYGONALFACE((31,50,33));
#16241=IFCINDEXEDPOLYGONALFACE((52,9,7));
#16242=IFCINDEXEDPOLYGONALFACE((51,52,7));
#16243=IFCINDEXEDPOLYGONALFACE((17,53,54));
#16244=IFCINDEXEDPOLYGONALFACE((19,17,54));
#16245=IFCINDEXEDPOLYGONALFACE((55,29,27));
#16246=IFCINDEXEDPOLYGONALFACE((55,56,29));
#16247=IFCINDEXEDPOLYGONALFACE((41,37,57));
#16248=IFCINDEXEDPOLYGONALFACE((41,57,58));
#16249=IFCINDEXEDPOLYGONALFACE((5,3,44));
#16250=IFCINDEXEDPOLYGONALFACE((5,44,43));
#16251=IFCINDEXEDPOLYGONALFACE((59,15,13));
#16252=IFCINDEXEDPOLYGONALFACE((40,59,13));
#16253=IFCINDEXEDPOLYGONALFACE((23,48,60));
#16254=IFCINDEXEDPOLYGONALFACE((25,23,60));
#16255=IFCINDEXEDPOLYGONALFACE((50,35,33));
#16256=IFCINDEXEDPOLYGONALFACE((50,61,35));
#16257=IFCINDEXEDPOLYGONALFACE((52,11,9));
#16258=IFCINDEXEDPOLYGONALFACE((39,11,52));
#16259=IFCINDEXEDPOLYGONALFACE((21,54,47));
#16260=IFCINDEXEDPOLYGONALFACE((19,54,21));
#16261=IFCINDEXEDPOLYGONALFACE((31,56,49));
#16262=IFCINDEXEDPOLYGONALFACE((29,56,31));
#16263=IFCINDEXEDPOLYGONALFACE((58,2,41));
#16264=IFCINDEXEDPOLYGONALFACE((62,2,58));
#16265=IFCINDEXEDPOLYGONALFACE((43,7,5));
#16266=IFCINDEXEDPOLYGONALFACE((43,51,7));
#16267=IFCINDEXEDPOLYGONALFACE((53,17,15));
#16268=IFCINDEXEDPOLYGONALFACE((59,53,15));
#16269=IFCINDEXEDPOLYGONALFACE((25,60,55));
#16270=IFCINDEXEDPOLYGONALFACE((27,25,55));
#16271=IFCINDEXEDPOLYGONALFACE((44,3,2));
#16272=IFCINDEXEDPOLYGONALFACE((44,2,62));
#16273=IFCINDEXEDPOLYGONALFACE((37,35,61));
#16274=IFCINDEXEDPOLYGONALFACE((37,61,57));
#16275=IFCINDEXEDPOLYGONALFACE((63,61,50));
#16276=IFCINDEXEDPOLYGONALFACE((63,64,61));
#16277=IFCINDEXEDPOLYGONALFACE((47,54,65));
#16278=IFCINDEXEDPOLYGONALFACE((47,65,66));
#16279=IFCINDEXEDPOLYGONALFACE((67,51,43));
#16280=IFCINDEXEDPOLYGONALFACE((46,67,43));
#16281=IFCINDEXEDPOLYGONALFACE((57,61,64));
#16282=IFCINDEXEDPOLYGONALFACE((57,64,68));
#16283=IFCINDEXEDPOLYGONALFACE((48,47,66));
#16284=IFCINDEXEDPOLYGONALFACE((48,66,69));
#16285=IFCINDEXEDPOLYGONALFACE((70,52,51));
#16286=IFCINDEXEDPOLYGONALFACE((67,70,51));
#16287=IFCINDEXEDPOLYGONALFACE((57,68,71));
#16288=IFCINDEXEDPOLYGONALFACE((58,57,71));
#16289=IFCINDEXEDPOLYGONALFACE((60,48,69));
#16290=IFCINDEXEDPOLYGONALFACE((60,69,72));
#16291=IFCINDEXEDPOLYGONALFACE((70,39,52));
#16292=IFCINDEXEDPOLYGONALFACE((70,73,39));
#16293=IFCINDEXEDPOLYGONALFACE((58,71,74));
#16294=IFCINDEXEDPOLYGONALFACE((62,58,74));
#16295=IFCINDEXEDPOLYGONALFACE((55,60,72));
#16296=IFCINDEXEDPOLYGONALFACE((55,72,75));
#16297=IFCINDEXEDPOLYGONALFACE((73,40,39));
#16298=IFCINDEXEDPOLYGONALFACE((73,76,40));
#16299=IFCINDEXEDPOLYGONALFACE((77,56,55));
#16300=IFCINDEXEDPOLYGONALFACE((75,77,55));
#16301=IFCINDEXEDPOLYGONALFACE((76,59,40));
#16302=IFCINDEXEDPOLYGONALFACE((76,78,59));
#16303=IFCINDEXEDPOLYGONALFACE((79,49,56));
#16304=IFCINDEXEDPOLYGONALFACE((77,79,56));
#16305=IFCINDEXEDPOLYGONALFACE((78,53,59));
#16306=IFCINDEXEDPOLYGONALFACE((78,80,53));
#16307=IFCINDEXEDPOLYGONALFACE((62,74,45));
#16308=IFCINDEXEDPOLYGONALFACE((44,62,45));
#16309=IFCINDEXEDPOLYGONALFACE((63,50,49));
#16310=IFCINDEXEDPOLYGONALFACE((79,63,49));
#16311=IFCINDEXEDPOLYGONALFACE((54,53,80));
#16312=IFCINDEXEDPOLYGONALFACE((54,80,65));
#16313=IFCINDEXEDPOLYGONALFACE((82,65,81));
#16314=IFCINDEXEDPOLYGONALFACE((66,65,82));
#16315=IFCINDEXEDPOLYGONALFACE((84,86,83));
#16316=IFCINDEXEDPOLYGONALFACE((85,86,84));
#16317=IFCINDEXEDPOLYGONALFACE((46,87,88));
#16318=IFCINDEXEDPOLYGONALFACE((67,46,88));
#16319=IFCINDEXEDPOLYGONALFACE((68,64,89));
#16320=IFCINDEXEDPOLYGONALFACE((68,89,90));
#16321=IFCINDEXEDPOLYGONALFACE((69,66,82));
#16322=IFCINDEXEDPOLYGONALFACE((69,82,91));
#16323=IFCINDEXEDPOLYGONALFACE((92,70,67));
#16324=IFCINDEXEDPOLYGONALFACE((88,92,67));
#16325=IFCINDEXEDPOLYGONALFACE((71,68,90));
#16326=IFCINDEXEDPOLYGONALFACE((71,90,93));
#16327=IFCINDEXEDPOLYGONALFACE((72,69,91));
#16328=IFCINDEXEDPOLYGONALFACE((72,91,94));
#16329=IFCINDEXEDPOLYGONALFACE((95,73,70));
#16330=IFCINDEXEDPOLYGONALFACE((92,95,70));
#16331=IFCINDEXEDPOLYGONALFACE((74,71,93));
#16332=IFCINDEXEDPOLYGONALFACE((74,93,96));
#16333=IFCINDEXEDPOLYGONALFACE((75,72,94));
#16334=IFCINDEXEDPOLYGONALFACE((75,94,97));
#16335=IFCINDEXEDPOLYGONALFACE((84,76,73));
#16336=IFCINDEXEDPOLYGONALFACE((95,84,73));
#16337=IFCINDEXEDPOLYGONALFACE((97,77,75));
#16338=IFCINDEXEDPOLYGONALFACE((97,98,77));
#16339=IFCINDEXEDPOLYGONALFACE((83,78,76));
#16340=IFCINDEXEDPOLYGONALFACE((84,83,76));
#16341=IFCINDEXEDPOLYGONALFACE((98,79,77));
#16342=IFCINDEXEDPOLYGONALFACE((98,99,79));
#16343=IFCINDEXEDPOLYGONALFACE((100,78,83));
#16344=IFCINDEXEDPOLYGONALFACE((80,78,100));
#16345=IFCINDEXEDPOLYGONALFACE((74,96,101));
#16346=IFCINDEXEDPOLYGONALFACE((45,74,101));
#16347=IFCINDEXEDPOLYGONALFACE((99,63,79));
#16348=IFCINDEXEDPOLYGONALFACE((99,102,63));
#16349=IFCINDEXEDPOLYGONALFACE((81,80,100));
#16350=IFCINDEXEDPOLYGONALFACE((65,80,81));
#16351=IFCINDEXEDPOLYGONALFACE((45,101,87));
#16352=IFCINDEXEDPOLYGONALFACE((46,45,87));
#16353=IFCINDEXEDPOLYGONALFACE((102,64,63));
#16354=IFCINDEXEDPOLYGONALFACE((102,89,64));
#16355=IFCINDEXEDPOLYGONALFACE((104,106,103));
#16356=IFCINDEXEDPOLYGONALFACE((105,106,104));
#16357=IFCINDEXEDPOLYGONALFACE((107,99,98));
#16358=IFCINDEXEDPOLYGONALFACE((107,108,99));
#16359=IFCINDEXEDPOLYGONALFACE((83,109,100));
#16360=IFCINDEXEDPOLYGONALFACE((86,109,83));
#16361=IFCINDEXEDPOLYGONALFACE((111,101,96));
#16362=IFCINDEXEDPOLYGONALFACE((111,96,110));
#16363=IFCINDEXEDPOLYGONALFACE((108,102,99));
#16364=IFCINDEXEDPOLYGONALFACE((108,112,102));
#16365=IFCINDEXEDPOLYGONALFACE((113,100,109));
#16366=IFCINDEXEDPOLYGONALFACE((81,100,113));
#16367=IFCINDEXEDPOLYGONALFACE((101,111,114));
#16368=IFCINDEXEDPOLYGONALFACE((87,101,114));
#16369=IFCINDEXEDPOLYGONALFACE((112,89,102));
#16370=IFCINDEXEDPOLYGONALFACE((112,115,89));
#16371=IFCINDEXEDPOLYGONALFACE((81,113,116));
#16372=IFCINDEXEDPOLYGONALFACE((81,116,82));
#16373=IFCINDEXEDPOLYGONALFACE((104,88,87));
#16374=IFCINDEXEDPOLYGONALFACE((114,104,87));
#16375=IFCINDEXEDPOLYGONALFACE((115,90,89));
#16376=IFCINDEXEDPOLYGONALFACE((115,117,90));
#16377=IFCINDEXEDPOLYGONALFACE((116,118,91));
#16378=IFCINDEXEDPOLYGONALFACE((82,116,91));
#16379=IFCINDEXEDPOLYGONALFACE((88,103,92));
#16380=IFCINDEXEDPOLYGONALFACE((104,103,88));
#16381=IFCINDEXEDPOLYGONALFACE((93,90,117));
#16382=IFCINDEXEDPOLYGONALFACE((93,117,119));
#16383=IFCINDEXEDPOLYGONALFACE((94,91,118));
#16384=IFCINDEXEDPOLYGONALFACE((94,118,120));
#16385=IFCINDEXEDPOLYGONALFACE((92,121,95));
#16386=IFCINDEXEDPOLYGONALFACE((103,121,92));
#16387=IFCINDEXEDPOLYGONALFACE((119,96,93));
#16388=IFCINDEXEDPOLYGONALFACE((110,96,119));
#16389=IFCINDEXEDPOLYGONALFACE((120,97,94));
#16390=IFCINDEXEDPOLYGONALFACE((120,122,97));
#16391=IFCINDEXEDPOLYGONALFACE((95,85,84));
#16392=IFCINDEXEDPOLYGONALFACE((121,85,95));
#16393=IFCINDEXEDPOLYGONALFACE((122,98,97));
#16394=IFCINDEXEDPOLYGONALFACE((122,107,98));
#16395=IFCINDEXEDPOLYGONALFACE((124,125,126));
#16396=IFCINDEXEDPOLYGONALFACE((124,126,123));
#16397=IFCINDEXEDPOLYGONALFACE((127,119,117));
#16398=IFCINDEXEDPOLYGONALFACE((128,119,127));
#16399=IFCINDEXEDPOLYGONALFACE((129,130,120));
#16400=IFCINDEXEDPOLYGONALFACE((118,129,120));
#16401=IFCINDEXEDPOLYGONALFACE((103,131,121));
#16402=IFCINDEXEDPOLYGONALFACE((106,131,103));
#16403=IFCINDEXEDPOLYGONALFACE((128,110,119));
#16404=IFCINDEXEDPOLYGONALFACE((124,110,128));
#16405=IFCINDEXEDPOLYGONALFACE((130,122,120));
#16406=IFCINDEXEDPOLYGONALFACE((130,132,122));
#16407=IFCINDEXEDPOLYGONALFACE((121,133,85));
#16408=IFCINDEXEDPOLYGONALFACE((131,133,121));
#16409=IFCINDEXEDPOLYGONALFACE((132,107,122));
#16410=IFCINDEXEDPOLYGONALFACE((134,107,132));
#16411=IFCINDEXEDPOLYGONALFACE((85,135,86));
#16412=IFCINDEXEDPOLYGONALFACE((133,135,85));
#16413=IFCINDEXEDPOLYGONALFACE((134,108,107));
#16414=IFCINDEXEDPOLYGONALFACE((136,108,134));
#16415=IFCINDEXEDPOLYGONALFACE((86,137,109));
#16416=IFCINDEXEDPOLYGONALFACE((135,137,86));
#16417=IFCINDEXEDPOLYGONALFACE((123,111,110));
#16418=IFCINDEXEDPOLYGONALFACE((123,110,124));
#16419=IFCINDEXEDPOLYGONALFACE((136,112,108));
#16420=IFCINDEXEDPOLYGONALFACE((138,112,136));
#16421=IFCINDEXEDPOLYGONALFACE((109,137,139));
#16422=IFCINDEXEDPOLYGONALFACE((109,139,113));
#16423=IFCINDEXEDPOLYGONALFACE((140,114,111));
#16424=IFCINDEXEDPOLYGONALFACE((140,111,123));
#16425=IFCINDEXEDPOLYGONALFACE((138,115,112));
#16426=IFCINDEXEDPOLYGONALFACE((141,115,138));
#16427=IFCINDEXEDPOLYGONALFACE((113,139,142));
#16428=IFCINDEXEDPOLYGONALFACE((113,142,116));
#16429=IFCINDEXEDPOLYGONALFACE((114,105,104));
#16430=IFCINDEXEDPOLYGONALFACE((140,105,114));
#16431=IFCINDEXEDPOLYGONALFACE((141,117,115));
#16432=IFCINDEXEDPOLYGONALFACE((141,127,117));
#16433=IFCINDEXEDPOLYGONALFACE((142,129,118));
#16434=IFCINDEXEDPOLYGONALFACE((116,142,118));
#16435=IFCINDEXEDPOLYGONALFACE((145,143,144));
#16436=IFCINDEXEDPOLYGONALFACE((145,146,143));
#16437=IFCINDEXEDPOLYGONALFACE((147,138,136));
#16438=IFCINDEXEDPOLYGONALFACE((147,148,138));
#16439=IFCINDEXEDPOLYGONALFACE((150,139,137));
#16440=IFCINDEXEDPOLYGONALFACE((150,137,149));
#16441=IFCINDEXEDPOLYGONALFACE((123,126,151));
#16442=IFCINDEXEDPOLYGONALFACE((140,123,151));
#16443=IFCINDEXEDPOLYGONALFACE((148,141,138));
#16444=IFCINDEXEDPOLYGONALFACE((148,152,141));
#16445=IFCINDEXEDPOLYGONALFACE((153,142,139));
#16446=IFCINDEXEDPOLYGONALFACE((153,139,150));
#16447=IFCINDEXEDPOLYGONALFACE((154,105,140));
#16448=IFCINDEXEDPOLYGONALFACE((151,154,140));
#16449=IFCINDEXEDPOLYGONALFACE((152,127,141));
#16450=IFCINDEXEDPOLYGONALFACE((152,155,127));
#16451=IFCINDEXEDPOLYGONALFACE((129,142,153));
#16452=IFCINDEXEDPOLYGONALFACE((156,129,153));
#16453=IFCINDEXEDPOLYGONALFACE((157,106,105));
#16454=IFCINDEXEDPOLYGONALFACE((154,157,105));
#16455=IFCINDEXEDPOLYGONALFACE((128,127,155));
#16456=IFCINDEXEDPOLYGONALFACE((128,155,158));
#16457=IFCINDEXEDPOLYGONALFACE((130,129,156));
#16458=IFCINDEXEDPOLYGONALFACE((144,130,156));
#16459=IFCINDEXEDPOLYGONALFACE((159,131,106));
#16460=IFCINDEXEDPOLYGONALFACE((157,159,106));
#16461=IFCINDEXEDPOLYGONALFACE((124,158,125));
#16462=IFCINDEXEDPOLYGONALFACE((128,158,124));
#16463=IFCINDEXEDPOLYGONALFACE((144,132,130));
#16464=IFCINDEXEDPOLYGONALFACE((144,143,132));
#16465=IFCINDEXEDPOLYGONALFACE((160,133,131));
#16466=IFCINDEXEDPOLYGONALFACE((159,160,131));
#16467=IFCINDEXEDPOLYGONALFACE((143,134,132));
#16468=IFCINDEXEDPOLYGONALFACE((143,161,134));
#16469=IFCINDEXEDPOLYGONALFACE((162,135,133));
#16470=IFCINDEXEDPOLYGONALFACE((160,162,133));
#16471=IFCINDEXEDPOLYGONALFACE((161,136,134));
#16472=IFCINDEXEDPOLYGONALFACE((161,147,136));
#16473=IFCINDEXEDPOLYGONALFACE((149,137,135));
#16474=IFCINDEXEDPOLYGONALFACE((162,149,135));
#16475=IFCINDEXEDPOLYGONALFACE((164,165,166));
#16476=IFCINDEXEDPOLYGONALFACE((163,164,166));
#16477=IFCINDEXEDPOLYGONALFACE((168,160,159));
#16478=IFCINDEXEDPOLYGONALFACE((167,168,159));
#16479=IFCINDEXEDPOLYGONALFACE((146,161,143));
#16480=IFCINDEXEDPOLYGONALFACE((146,169,161));
#16481=IFCINDEXEDPOLYGONALFACE((170,162,160));
#16482=IFCINDEXEDPOLYGONALFACE((168,170,160));
#16483=IFCINDEXEDPOLYGONALFACE((169,147,161));
#16484=IFCINDEXEDPOLYGONALFACE((169,171,147));
#16485=IFCINDEXEDPOLYGONALFACE((172,149,162));
#16486=IFCINDEXEDPOLYGONALFACE((170,172,162));
#16487=IFCINDEXEDPOLYGONALFACE((125,173,174));
#16488=IFCINDEXEDPOLYGONALFACE((125,174,126));
#16489=IFCINDEXEDPOLYGONALFACE((171,148,147));
#16490=IFCINDEXEDPOLYGONALFACE((171,175,148));
#16491=IFCINDEXEDPOLYGONALFACE((149,172,164));
#16492=IFCINDEXEDPOLYGONALFACE((150,149,164));
#16493=IFCINDEXEDPOLYGONALFACE((126,174,176));
#16494=IFCINDEXEDPOLYGONALFACE((151,126,176));
#16495=IFCINDEXEDPOLYGONALFACE((175,152,148));
#16496=IFCINDEXEDPOLYGONALFACE((175,177,152));
#16497=IFCINDEXEDPOLYGONALFACE((163,153,150));
#16498=IFCINDEXEDPOLYGONALFACE((163,150,164));
#16499=IFCINDEXEDPOLYGONALFACE((178,154,151));
#16500=IFCINDEXEDPOLYGONALFACE((176,178,151));
#16501=IFCINDEXEDPOLYGONALFACE((177,155,152));
#16502=IFCINDEXEDPOLYGONALFACE((177,179,155));
#16503=IFCINDEXEDPOLYGONALFACE((156,153,163));
#16504=IFCINDEXEDPOLYGONALFACE((180,156,163));
#16505=IFCINDEXEDPOLYGONALFACE((181,157,154));
#16506=IFCINDEXEDPOLYGONALFACE((178,181,154));
#16507=IFCINDEXEDPOLYGONALFACE((158,155,179));
#16508=IFCINDEXEDPOLYGONALFACE((158,179,182));
#16509=IFCINDEXEDPOLYGONALFACE((144,156,180));
#16510=IFCINDEXEDPOLYGONALFACE((144,180,145));
#16511=IFCINDEXEDPOLYGONALFACE((167,159,157));
#16512=IFCINDEXEDPOLYGONALFACE((181,167,157));
#16513=IFCINDEXEDPOLYGONALFACE((125,182,173));
#16514=IFCINDEXEDPOLYGONALFACE((158,182,125));
#16515=IFCINDEXEDPOLYGONALFACE((165,183,184));
#16516=IFCINDEXEDPOLYGONALFACE((165,184,185));
#16517=IFCINDEXEDPOLYGONALFACE((178,176,186));
#16518=IFCINDEXEDPOLYGONALFACE((178,186,187));
#16519=IFCINDEXEDPOLYGONALFACE((179,177,188));
#16520=IFCINDEXEDPOLYGONALFACE((179,188,189));
#16521=IFCINDEXEDPOLYGONALFACE((163,166,190));
#16522=IFCINDEXEDPOLYGONALFACE((180,163,190));
#16523=IFCINDEXEDPOLYGONALFACE((187,181,178));
#16524=IFCINDEXEDPOLYGONALFACE((187,191,181));
#16525=IFCINDEXEDPOLYGONALFACE((182,179,189));
#16526=IFCINDEXEDPOLYGONALFACE((182,189,192));
#16527=IFCINDEXEDPOLYGONALFACE((180,190,193));
#16528=IFCINDEXEDPOLYGONALFACE((145,180,193));
#16529=IFCINDEXEDPOLYGONALFACE((191,167,181));
#16530=IFCINDEXEDPOLYGONALFACE((191,194,167));
#16531=IFCINDEXEDPOLYGONALFACE((173,182,192));
#16532=IFCINDEXEDPOLYGONALFACE((173,192,195));
#16533=IFCINDEXEDPOLYGONALFACE((145,193,196));
#16534=IFCINDEXEDPOLYGONALFACE((146,145,196));
#16535=IFCINDEXEDPOLYGONALFACE((197,168,167));
#16536=IFCINDEXEDPOLYGONALFACE((194,197,167));
#16537=IFCINDEXEDPOLYGONALFACE((198,169,146));
#16538=IFCINDEXEDPOLYGONALFACE((196,198,146));
#16539=IFCINDEXEDPOLYGONALFACE((199,170,168));
#16540=IFCINDEXEDPOLYGONALFACE((197,199,168));
#16541=IFCINDEXEDPOLYGONALFACE((200,171,169));
#16542=IFCINDEXEDPOLYGONALFACE((198,200,169));
#16543=IFCINDEXEDPOLYGONALFACE((170,199,183));
#16544=IFCINDEXEDPOLYGONALFACE((172,170,183));
#16545=IFCINDEXEDPOLYGONALFACE((174,173,195));
#16546=IFCINDEXEDPOLYGONALFACE((174,195,201));
#16547=IFCINDEXEDPOLYGONALFACE((200,175,171));
#16548=IFCINDEXEDPOLYGONALFACE((200,202,175));
#16549=IFCINDEXEDPOLYGONALFACE((172,183,165));
#16550=IFCINDEXEDPOLYGONALFACE((164,172,165));
#16551=IFCINDEXEDPOLYGONALFACE((176,174,201));
#16552=IFCINDEXEDPOLYGONALFACE((176,201,186));
#16553=IFCINDEXEDPOLYGONALFACE((202,177,175));
#16554=IFCINDEXEDPOLYGONALFACE((202,188,177));
#16555=IFCINDEXEDPOLYGONALFACE((205,203,204));
#16556=IFCINDEXEDPOLYGONALFACE((205,206,203));
#16557=IFCINDEXEDPOLYGONALFACE((186,201,207));
#16558=IFCINDEXEDPOLYGONALFACE((186,207,208));
#16559=IFCINDEXEDPOLYGONALFACE((210,188,202));
#16560=IFCINDEXEDPOLYGONALFACE((209,210,202));
#16561=IFCINDEXEDPOLYGONALFACE((185,166,165));
#16562=IFCINDEXEDPOLYGONALFACE((211,166,185));
#16563=IFCINDEXEDPOLYGONALFACE((208,187,186));
#16564=IFCINDEXEDPOLYGONALFACE((208,212,187));
#16565=IFCINDEXEDPOLYGONALFACE((213,189,188));
#16566=IFCINDEXEDPOLYGONALFACE((210,213,188));
#16567=IFCINDEXEDPOLYGONALFACE((214,190,166));
#16568=IFCINDEXEDPOLYGONALFACE((214,166,211));
#16569=IFCINDEXEDPOLYGONALFACE((212,191,187));
#16570=IFCINDEXEDPOLYGONALFACE((212,215,191));
#16571=IFCINDEXEDPOLYGONALFACE((189,213,216));
#16572=IFCINDEXEDPOLYGONALFACE((192,189,216));
#16573=IFCINDEXEDPOLYGONALFACE((190,214,217));
#16574=IFCINDEXEDPOLYGONALFACE((193,190,217));
#16575=IFCINDEXEDPOLYGONALFACE((215,194,191));
#16576=IFCINDEXEDPOLYGONALFACE((215,204,194));
#16577=IFCINDEXEDPOLYGONALFACE((192,216,218));
#16578=IFCINDEXEDPOLYGONALFACE((192,218,195));
#16579=IFCINDEXEDPOLYGONALFACE((219,196,193));
#16580=IFCINDEXEDPOLYGONALFACE((217,219,193));
#16581=IFCINDEXEDPOLYGONALFACE((204,197,194));
#16582=IFCINDEXEDPOLYGONALFACE((204,203,197));
#16583=IFCINDEXEDPOLYGONALFACE((220,198,196));
#16584=IFCINDEXEDPOLYGONALFACE((219,220,196));
#16585=IFCINDEXEDPOLYGONALFACE((203,199,197));
#16586=IFCINDEXEDPOLYGONALFACE((203,221,199));
#16587=IFCINDEXEDPOLYGONALFACE((222,200,198));
#16588=IFCINDEXEDPOLYGONALFACE((220,222,198));
#16589=IFCINDEXEDPOLYGONALFACE((221,183,199));
#16590=IFCINDEXEDPOLYGONALFACE((221,184,183));
#16591=IFCINDEXEDPOLYGONALFACE((201,218,207));
#16592=IFCINDEXEDPOLYGONALFACE((195,218,201));
#16593=IFCINDEXEDPOLYGONALFACE((209,202,200));
#16594=IFCINDEXEDPOLYGONALFACE((222,209,200));
#16595=IFCINDEXEDPOLYGONALFACE((225,223,224));
#16596=IFCINDEXEDPOLYGONALFACE((225,226,223));
#16597=IFCINDEXEDPOLYGONALFACE((228,220,219));
#16598=IFCINDEXEDPOLYGONALFACE((227,228,219));
#16599=IFCINDEXEDPOLYGONALFACE((206,221,203));
#16600=IFCINDEXEDPOLYGONALFACE((206,229,221));
#16601=IFCINDEXEDPOLYGONALFACE((230,222,220));
#16602=IFCINDEXEDPOLYGONALFACE((228,230,220));
#16603=IFCINDEXEDPOLYGONALFACE((229,184,221));
#16604=IFCINDEXEDPOLYGONALFACE((229,231,184));
#16605=IFCINDEXEDPOLYGONALFACE((207,232,233));
#16606=IFCINDEXEDPOLYGONALFACE((218,232,207));
#16607=IFCINDEXEDPOLYGONALFACE((234,209,222));
#16608=IFCINDEXEDPOLYGONALFACE((230,234,222));
#16609=IFCINDEXEDPOLYGONALFACE((185,184,231));
#16610=IFCINDEXEDPOLYGONALFACE((185,231,235));
#16611=IFCINDEXEDPOLYGONALFACE((208,207,233));
#16612=IFCINDEXEDPOLYGONALFACE((208,233,224));
#16613=IFCINDEXEDPOLYGONALFACE((236,210,209));
#16614=IFCINDEXEDPOLYGONALFACE((234,236,209));
#16615=IFCINDEXEDPOLYGONALFACE((235,211,185));
#16616=IFCINDEXEDPOLYGONALFACE((237,211,235));
#16617=IFCINDEXEDPOLYGONALFACE((224,212,208));
#16618=IFCINDEXEDPOLYGONALFACE((224,223,212));
#16619=IFCINDEXEDPOLYGONALFACE((238,213,210));
#16620=IFCINDEXEDPOLYGONALFACE((236,238,210));
#16621=IFCINDEXEDPOLYGONALFACE((239,214,211));
#16622=IFCINDEXEDPOLYGONALFACE((239,211,237));
#16623=IFCINDEXEDPOLYGONALFACE((223,215,212));
#16624=IFCINDEXEDPOLYGONALFACE((223,240,215));
#16625=IFCINDEXEDPOLYGONALFACE((213,238,241));
#16626=IFCINDEXEDPOLYGONALFACE((216,213,241));
#16627=IFCINDEXEDPOLYGONALFACE((214,239,242));
#16628=IFCINDEXEDPOLYGONALFACE((217,214,242));
#16629=IFCINDEXEDPOLYGONALFACE((240,204,215));
#16630=IFCINDEXEDPOLYGONALFACE((240,205,204));
#16631=IFCINDEXEDPOLYGONALFACE((216,241,232));
#16632=IFCINDEXEDPOLYGONALFACE((216,232,218));
#16633=IFCINDEXEDPOLYGONALFACE((227,219,217));
#16634=IFCINDEXEDPOLYGONALFACE((242,227,217));
#16635=IFCINDEXEDPOLYGONALFACE((246,244,245));
#16636=IFCINDEXEDPOLYGONALFACE((243,244,246));
#16637=IFCINDEXEDPOLYGONALFACE((248,238,236));
#16638=IFCINDEXEDPOLYGONALFACE((247,248,236));
#16639=IFCINDEXEDPOLYGONALFACE((250,239,237));
#16640=IFCINDEXEDPOLYGONALFACE((250,237,249));
#16641=IFCINDEXEDPOLYGONALFACE((226,240,223));
#16642=IFCINDEXEDPOLYGONALFACE((226,251,240));
#16643=IFCINDEXEDPOLYGONALFACE((238,248,252));
#16644=IFCINDEXEDPOLYGONALFACE((238,252,241));
#16645=IFCINDEXEDPOLYGONALFACE((253,242,239));
#16646=IFCINDEXEDPOLYGONALFACE((253,239,250));
#16647=IFCINDEXEDPOLYGONALFACE((251,205,240));
#16648=IFCINDEXEDPOLYGONALFACE((251,254,205));
#16649=IFCINDEXEDPOLYGONALFACE((241,252,255));
#16650=IFCINDEXEDPOLYGONALFACE((241,255,232));
#16651=IFCINDEXEDPOLYGONALFACE((256,227,242));
#16652=IFCINDEXEDPOLYGONALFACE((253,256,242));
#16653=IFCINDEXEDPOLYGONALFACE((254,206,205));
#16654=IFCINDEXEDPOLYGONALFACE((254,257,206));
#16655=IFCINDEXEDPOLYGONALFACE((244,228,227));
#16656=IFCINDEXEDPOLYGONALFACE((256,244,227));
#16657=IFCINDEXEDPOLYGONALFACE((257,229,206));
#16658=IFCINDEXEDPOLYGONALFACE((257,258,229));
#16659=IFCINDEXEDPOLYGONALFACE((243,230,228));
#16660=IFCINDEXEDPOLYGONALFACE((243,228,244));
#16661=IFCINDEXEDPOLYGONALFACE((258,231,229));
#16662=IFCINDEXEDPOLYGONALFACE((258,259,231));
#16663=IFCINDEXEDPOLYGONALFACE((233,255,260));
#16664=IFCINDEXEDPOLYGONALFACE((232,255,233));
#16665=IFCINDEXEDPOLYGONALFACE((261,234,230));
#16666=IFCINDEXEDPOLYGONALFACE((261,230,243));
#16667=IFCINDEXEDPOLYGONALFACE((259,235,231));
#16668=IFCINDEXEDPOLYGONALFACE((262,235,259));
#16669=IFCINDEXEDPOLYGONALFACE((224,260,225));
#16670=IFCINDEXEDPOLYGONALFACE((233,260,224));
#16671=IFCINDEXEDPOLYGONALFACE((247,236,234));
#16672=IFCINDEXEDPOLYGONALFACE((261,247,234));
#16673=IFCINDEXEDPOLYGONALFACE((262,237,235));
#16674=IFCINDEXEDPOLYGONALFACE((249,237,262));
#16675=IFCINDEXEDPOLYGONALFACE((264,266,263));
#16676=IFCINDEXEDPOLYGONALFACE((265,266,264));
#16677=IFCINDEXEDPOLYGONALFACE((259,258,267));
#16678=IFCINDEXEDPOLYGONALFACE((259,267,268));
#16679=IFCINDEXEDPOLYGONALFACE((269,260,255));
#16680=IFCINDEXEDPOLYGONALFACE((270,260,269));
#16681=IFCINDEXEDPOLYGONALFACE((271,243,246));
#16682=IFCINDEXEDPOLYGONALFACE((261,243,271));
#16683=IFCINDEXEDPOLYGONALFACE((262,268,272));
#16684=IFCINDEXEDPOLYGONALFACE((259,268,262));
#16685=IFCINDEXEDPOLYGONALFACE((270,225,260));
#16686=IFCINDEXEDPOLYGONALFACE((273,225,270));
#16687=IFCINDEXEDPOLYGONALFACE((274,261,271));
#16688=IFCINDEXEDPOLYGONALFACE((247,261,274));
#16689=IFCINDEXEDPOLYGONALFACE((249,272,275));
#16690=IFCINDEXEDPOLYGONALFACE((262,272,249));
#16691=IFCINDEXEDPOLYGONALFACE((226,225,273));
#16692=IFCINDEXEDPOLYGONALFACE((226,273,276));
#16693=IFCINDEXEDPOLYGONALFACE((277,247,274));
#16694=IFCINDEXEDPOLYGONALFACE((248,247,277));
#16695=IFCINDEXEDPOLYGONALFACE((249,275,264));
#16696=IFCINDEXEDPOLYGONALFACE((249,264,250));
#16697=IFCINDEXEDPOLYGONALFACE((251,226,276));
#16698=IFCINDEXEDPOLYGONALFACE((251,276,278));
#16699=IFCINDEXEDPOLYGONALFACE((279,252,248));
#16700=IFCINDEXEDPOLYGONALFACE((279,248,277));
#16701=IFCINDEXEDPOLYGONALFACE((250,264,263));
#16702=IFCINDEXEDPOLYGONALFACE((250,263,253));
#16703=IFCINDEXEDPOLYGONALFACE((254,251,278));
#16704=IFCINDEXEDPOLYGONALFACE((254,278,280));
#16705=IFCINDEXEDPOLYGONALFACE((269,255,252));
#16706=IFCINDEXEDPOLYGONALFACE((269,252,279));
#16707=IFCINDEXEDPOLYGONALFACE((281,253,263));
#16708=IFCINDEXEDPOLYGONALFACE((256,253,281));
#16709=IFCINDEXEDPOLYGONALFACE((257,254,280));
#16710=IFCINDEXEDPOLYGONALFACE((257,280,282));
#16711=IFCINDEXEDPOLYGONALFACE((245,256,281));
#16712=IFCINDEXEDPOLYGONALFACE((244,256,245));
#16713=IFCINDEXEDPOLYGONALFACE((258,257,282));
#16714=IFCINDEXEDPOLYGONALFACE((258,282,267));
#16715=IFCINDEXEDPOLYGONALFACE((283,284,285));
#16716=IFCINDEXEDPOLYGONALFACE((283,285,286));
#16717=IFCINDEXEDPOLYGONALFACE((280,278,287));
#16718=IFCINDEXEDPOLYGONALFACE((280,287,284));
#16719=IFCINDEXEDPOLYGONALFACE((289,269,279));
#16720=IFCINDEXEDPOLYGONALFACE((289,279,288));
#16721=IFCINDEXEDPOLYGONALFACE((290,263,266));
#16722=IFCINDEXEDPOLYGONALFACE((281,263,290));
#16723=IFCINDEXEDPOLYGONALFACE((282,280,284));
#16724=IFCINDEXEDPOLYGONALFACE((282,284,283));
#16725=IFCINDEXEDPOLYGONALFACE((291,281,290));
#16726=IFCINDEXEDPOLYGONALFACE((245,281,291));
#16727=IFCINDEXEDPOLYGONALFACE((267,282,283));
#16728=IFCINDEXEDPOLYGONALFACE((267,283,292));
#16729=IFCINDEXEDPOLYGONALFACE((245,291,293));
#16730=IFCINDEXEDPOLYGONALFACE((246,245,293));
#16731=IFCINDEXEDPOLYGONALFACE((268,267,292));
#16732=IFCINDEXEDPOLYGONALFACE((268,292,294));
#16733=IFCINDEXEDPOLYGONALFACE((289,270,269));
#16734=IFCINDEXEDPOLYGONALFACE((295,270,289));
#16735=IFCINDEXEDPOLYGONALFACE((246,293,296));
#16736=IFCINDEXEDPOLYGONALFACE((271,246,296));
#16737=IFCINDEXEDPOLYGONALFACE((294,272,268));
#16738=IFCINDEXEDPOLYGONALFACE((294,297,272));
#16739=IFCINDEXEDPOLYGONALFACE((295,273,270));
#16740=IFCINDEXEDPOLYGONALFACE((295,298,273));
#16741=IFCINDEXEDPOLYGONALFACE((271,296,299));
#16742=IFCINDEXEDPOLYGONALFACE((274,271,299));
#16743=IFCINDEXEDPOLYGONALFACE((275,297,300));
#16744=IFCINDEXEDPOLYGONALFACE((272,297,275));
#16745=IFCINDEXEDPOLYGONALFACE((276,273,298));
#16746=IFCINDEXEDPOLYGONALFACE((276,298,301));
#16747=IFCINDEXEDPOLYGONALFACE((274,299,302));
#16748=IFCINDEXEDPOLYGONALFACE((277,274,302));
#16749=IFCINDEXEDPOLYGONALFACE((275,300,265));
#16750=IFCINDEXEDPOLYGONALFACE((275,265,264));
#16751=IFCINDEXEDPOLYGONALFACE((278,276,301));
#16752=IFCINDEXEDPOLYGONALFACE((278,301,287));
#16753=IFCINDEXEDPOLYGONALFACE((288,279,277));
#16754=IFCINDEXEDPOLYGONALFACE((302,288,277));
#16755=IFCINDEXEDPOLYGONALFACE((286,316,317));
#16756=IFCINDEXEDPOLYGONALFACE((285,316,286));
#16757=IFCINDEXEDPOLYGONALFACE((318,316,285));
#16758=IFCINDEXEDPOLYGONALFACE((313,314,315));
#16759=IFCINDEXEDPOLYGONALFACE((312,315,316));
#16760=IFCINDEXEDPOLYGONALFACE((312,313,315));
#16761=IFCINDEXEDPOLYGONALFACE((320,318,319));
#16762=IFCINDEXEDPOLYGONALFACE((310,311,312));
#16763=IFCINDEXEDPOLYGONALFACE((309,310,312));
#16764=IFCINDEXEDPOLYGONALFACE((304,320,303));
#16765=IFCINDEXEDPOLYGONALFACE((304,316,318));
#16766=IFCINDEXEDPOLYGONALFACE((304,318,320));
#16767=IFCINDEXEDPOLYGONALFACE((304,312,316));
#16768=IFCINDEXEDPOLYGONALFACE((308,309,312));
#16769=IFCINDEXEDPOLYGONALFACE((308,312,304));
#16770=IFCINDEXEDPOLYGONALFACE((306,304,305));
#16771=IFCINDEXEDPOLYGONALFACE((306,308,304));
#16772=IFCINDEXEDPOLYGONALFACE((307,308,306));
#16773=IFCINDEXEDPOLYGONALFACE((291,290,311));
#16774=IFCINDEXEDPOLYGONALFACE((291,311,310));
#16775=IFCINDEXEDPOLYGONALFACE((283,286,317));
#16776=IFCINDEXEDPOLYGONALFACE((292,283,317));
#16777=IFCINDEXEDPOLYGONALFACE((291,310,309));
#16778=IFCINDEXEDPOLYGONALFACE((293,291,309));
#16779=IFCINDEXEDPOLYGONALFACE((292,317,316));
#16780=IFCINDEXEDPOLYGONALFACE((294,292,316));
#16781=IFCINDEXEDPOLYGONALFACE((304,295,289));
#16782=IFCINDEXEDPOLYGONALFACE((303,295,304));
#16783=IFCINDEXEDPOLYGONALFACE((293,309,308));
#16784=IFCINDEXEDPOLYGONALFACE((296,293,308));
#16785=IFCINDEXEDPOLYGONALFACE((315,297,294));
#16786=IFCINDEXEDPOLYGONALFACE((316,315,294));
#16787=IFCINDEXEDPOLYGONALFACE((320,298,295));
#16788=IFCINDEXEDPOLYGONALFACE((303,320,295));
#16789=IFCINDEXEDPOLYGONALFACE((299,296,308));
#16790=IFCINDEXEDPOLYGONALFACE((299,308,307));
#16791=IFCINDEXEDPOLYGONALFACE((297,315,314));
#16792=IFCINDEXEDPOLYGONALFACE((297,314,300));
#16793=IFCINDEXEDPOLYGONALFACE((301,298,320));
#16794=IFCINDEXEDPOLYGONALFACE((301,320,319));
#16795=IFCINDEXEDPOLYGONALFACE((299,307,306));
#16796=IFCINDEXEDPOLYGONALFACE((302,299,306));
#16797=IFCINDEXEDPOLYGONALFACE((265,314,313));
#16798=IFCINDEXEDPOLYGONALFACE((300,314,265));
#16799=IFCINDEXEDPOLYGONALFACE((301,319,318));
#16800=IFCINDEXEDPOLYGONALFACE((287,301,318));
#16801=IFCINDEXEDPOLYGONALFACE((306,288,302));
#16802=IFCINDEXEDPOLYGONALFACE((306,305,288));
#16803=IFCINDEXEDPOLYGONALFACE((312,266,265));
#16804=IFCINDEXEDPOLYGONALFACE((313,312,265));
#16805=IFCINDEXEDPOLYGONALFACE((284,287,318));
#16806=IFCINDEXEDPOLYGONALFACE((284,318,285));
#16807=IFCINDEXEDPOLYGONALFACE((304,289,288));
#16808=IFCINDEXEDPOLYGONALFACE((304,288,305));
#16809=IFCINDEXEDPOLYGONALFACE((266,312,311));
#16810=IFCINDEXEDPOLYGONALFACE((290,266,311));
#16811=IFCPOLYGONALFACESET(#16174,$,(#16175,#16176,#16177,#16178,#16179,#16180,#16181,#16182,#16183,#16184,#16185,#16186,#16187,#16188,#16189,#16190,#16191,#16192,#16193,#16194,#16195,#16196,#16197,#16198,#16199,#16200,#16201,#16202,#16203,#16204,#16205,#16206,#16207,#16208,#16209,#16210,#16211,#16212,#16213,#16214,#16215,#16216,#16217,#16218,#16219,#16220,#16221,#16222,#16223,#16224,#16225,#16226,#16227,#16228,#16229,#16230,#16231,#16232,#16233,#16234,#16235,#16236,#16237,#16238,#16239,#16240,#16241,#16242,#16243,#16244,#16245,#16246,#16247,#16248,#16249,#16250,#16251,#16252,#16253,#16254,#16255,#16256,#16257,#16258,#16259,#16260,#16261,#16262,#16263,#16264,#16265,#16266,#16267,#16268,#16269,#16270,#16271,#16272,#16273,#16274,#16275,#16276,#16277,#16278,#16279,#16280,#16281,#16282,#16283,#16284,#16285,#16286,#16287,#16288,#16289,#16290,#16291,#16292,#16293,#16294,#16295,#16296,#16297,#16298,#16299,#16300,#16301,#16302,#16303,#16304,#16305,#16306,#16307,#16308,#16309,#16310,#16311,#16312,#16313,#16314,#16315,#16316,#16317,#16318,#16319,#16320,#16321,#16322,#16323,#16324,#16325,#16326,#16327,#16328,#16329,#16330,#16331,#16332,#16333,#16334,#16335,#16336,#16337,#16338,#16339,#16340,#16341,#16342,#16343,#16344,#16345,#16346,#16347,#16348,#16349,#16350,#16351,#16352,#16353,#16354,#16355,#16356,#16357,#16358,#16359,#16360,#16361,#16362,#16363,#16364,#16365,#16366,#16367,#16368,#16369,#16370,#16371,#16372,#16373,#16374,#16375,#16376,#16377,#16378,#16379,#16380,#16381,#16382,#16383,#16384,#16385,#16386,#16387,#16388,#16389,#16390,#16391,#16392,#16393,#16394,#16395,#16396,#16397,#16398,#16399,#16400,#16401,#16402,#16403,#16404,#16405,#16406,#16407,#16408,#16409,#16410,#16411,#16412,#16413,#16414,#16415,#16416,#16417,#16418,#16419,#16420,#16421,#16422,#16423,#16424,#16425,#16426,#16427,#16428,#16429,#16430,#16431,#16432,#16433,#16434,#16435,#16436,#16437,#16438,#16439,#16440,#16441,#16442,#16443,#16444,#16445,#16446,#16447,#16448,#16449,#16450,#16451,#16452,#16453,#16454,#16455,#16456,#16457,#16458,#16459,#16460,#16461,#16462,#16463,#16464,#16465,#16466,#16467,#16468,#16469,#16470,#16471,#16472,#16473,#16474,#16475,#16476,#16477,#16478,#16479,#16480,#16481,#16482,#16483,#16484,#16485,#16486,#16487,#16488,#16489,#16490,#16491,#16492,#16493,#16494,#16495,#16496,#16497,#16498,#16499,#16500,#16501,#16502,#16503,#16504,#16505,#16506,#16507,#16508,#16509,#16510,#16511,#16512,#16513,#16514,#16515,#16516,#16517,#16518,#16519,#16520,#16521,#16522,#16523,#16524,#16525,#16526,#16527,#16528,#16529,#16530,#16531,#16532,#16533,#16534,#16535,#16536,#16537,#16538,#16539,#16540,#16541,#16542,#16543,#16544,#16545,#16546,#16547,#16548,#16549,#16550,#16551,#16552,#16553,#16554,#16555,#16556,#16557,#16558,#16559,#16560,#16561,#16562,#16563,#16564,#16565,#16566,#16567,#16568,#16569,#16570,#16571,#16572,#16573,#16574,#16575,#16576,#16577,#16578,#16579,#16580,#16581,#16582,#16583,#16584,#16585,#16586,#16587,#16588,#16589,#16590,#16591,#16592,#16593,#16594,#16595,#16596,#16597,#16598,#16599,#16600,#16601,#16602,#16603,#16604,#16605,#16606,#16607,#16608,#16609,#16610,#16611,#16612,#16613,#16614,#16615,#16616,#16617,#16618,#16619,#16620,#16621,#16622,#16623,#16624,#16625,#16626,#16627,#16628,#16629,#16630,#16631,#16632,#16633,#16634,#16635,#16636,#16637,#16638,#16639,#16640,#16641,#16642,#16643,#16644,#16645,#16646,#16647,#16648,#16649,#16650,#16651,#16652,#16653,#16654,#16655,#16656,#16657,#16658,#16659,#16660,#16661,#16662,#16663,#16664,#16665,#16666,#16667,#16668,#16669,#16670,#16671,#16672,#16673,#16674,#16675,#16676,#16677,#16678,#16679,#16680,#16681,#16682,#16683,#16684,#16685,#16686,#16687,#16688,#16689,#16690,#16691,#16692,#16693,#16694,#16695,#16696,#16697,#16698,#16699,#16700,#16701,#16702,#16703,#16704,#16705,#16706,#16707,#16708,#16709,#16710,#16711,#16712,#16713,#16714,#16715,#16716,#16717,#16718,#16719,#16720,#16721,#16722,#16723,#16724,#16725,#16726,#16727,#16728,#16729,#16730,#16731,#16732,#16733,#16734,#16735,#16736,#16737,#16738,#16739,#16740,#16741,#16742,#16743,#16744,#16745,#16746,#16747,#16748,#16749,#16750,#16751,#16752,#16753,#16754,#16755,#16756,#16757,#16758,#16759,#16760,#16761,#16762,#16763,#16764,#16765,#16766,#16767,#16768,#16769,#16770,#16771,#16772,#16773,#16774,#16775,#16776,#16777,#16778,#16779,#16780,#16781,#16782,#16783,#16784,#16785,#16786,#16787,#16788,#16789,#16790,#16791,#16792,#16793,#16794,#16795,#16796,#16797,#16798,#16799,#16800,#16801,#16802,#16803,#16804,#16805,#16806,#16807,#16808,#16809,#16810),$);
#16812=IFCCARTESIANPOINTLIST3D(((0.065820865333080292,0.00076739350333809853,0.072127379477024078),(0.065820857882499695,0.00076739350333809853,0.12212738394737244),(0.064813435077667236,0.00092695443890988827,0.072127379477024078),(0.066729672253131866,0.00030432874336838722,0.12212738394737244),(0.066729679703712463,0.00030432874336838722,0.072127379477024078),(0.067450918257236481,-0.00041691178921610117,0.12212738394737244),(0.067450918257236481,-0.00041691178921610117,0.072127379477024078),(0.067913979291915894,-0.0013257275568321347,0.12212738394737244),(0.06791398674249649,-0.0013257275568321347,0.072127379477024078),(0.068073540925979614,-0.0023331576958298683,0.12212738394737244),(0.068073548376560211,-0.0023331576958298683,0.072127379477024078),(0.06791398674249649,-0.0033405879512429237,0.072127379477024078),(0.067913979291915894,-0.0033405879512429237,0.12212738394737244),(0.067450918257236481,-0.0042494037188589573,0.072127379477024078),(0.066729679703712463,-0.0049706441350281239,0.072127379477024078),(0.067450918257236481,-0.0042494037188589573,0.12212738394737244),(0.066729672253131866,-0.0049706441350281239,0.12212738394737244),(0.062175944447517395,-0.0042494037188589573,0.12212738394737244),(0.061712879687547684,-0.0033405879512429237,0.12212738394737244),(0.065820857882499695,-0.0054337088949978352,0.12212738394737244),(0.064813427627086639,-0.0055932700634002686,0.12212738394737244),(0.061712879687547684,-0.0013257275568321347,0.12212738394737244),(0.065820865333080292,-0.0054337088949978352,0.072127379477024078),(0.064813435077667236,-0.0055932700634002686,0.072127379477024078),(0.063806004822254181,-0.0054337088949978352,0.072127379477024078),(0.062897190451622009,-0.0049706441350281239,0.072127379477024078),(0.063805997371673584,-0.0054337088949978352,0.12212738394737244),(0.062897183001041412,-0.0049706441350281239,0.12212738394737244),(0.062175948172807693,-0.0042494037188589573,0.072127379477024078),(0.061712883412837982,-0.0033405879512429237,0.072127379477024078),(0.061553321778774261,-0.0023331576958298683,0.072127379477024078),(0.061712883412837982,-0.0013257275568321347,0.072127379477024078),(0.061553318053483963,-0.0023331576958298683,0.12212738394737244),(0.062175944447517395,-0.00041691178921610117,0.12212738394737244),(0.062175948172807693,-0.00041691178921610117,0.072127379477024078),(0.062897183001041412,0.00030432874336838722,0.12212738394737244),(0.062897190451622009,0.00030432874336838722,0.072127379477024078),(0.063805997371673584,0.00076739350333809853,0.12212738394737244),(0.063806004822254181,0.00076739350333809853,0.072127379477024078),(0.064813427627086639,0.00092695443890988827,0.12212738394737244)),$);
#16813=IFCINDEXEDPOLYGONALFACE((1,2,4));
#16814=IFCINDEXEDPOLYGONALFACE((1,3,2));
#16815=IFCINDEXEDPOLYGONALFACE((5,1,4));
#16816=IFCINDEXEDPOLYGONALFACE((7,5,6));
#16817=IFCINDEXEDPOLYGONALFACE((5,4,6));
#16818=IFCINDEXEDPOLYGONALFACE((6,8,7));
#16819=IFCINDEXEDPOLYGONALFACE((8,9,7));
#16820=IFCINDEXEDPOLYGONALFACE((8,10,9));
#16821=IFCINDEXEDPOLYGONALFACE((10,11,9));
#16822=IFCINDEXEDPOLYGONALFACE((10,12,11));
#16823=IFCINDEXEDPOLYGONALFACE((10,13,12));
#16824=IFCINDEXEDPOLYGONALFACE((13,14,12));
#16825=IFCINDEXEDPOLYGONALFACE((15,14,16));
#16826=IFCINDEXEDPOLYGONALFACE((13,16,14));
#16827=IFCINDEXEDPOLYGONALFACE((13,17,16));
#16828=IFCINDEXEDPOLYGONALFACE((15,16,17));
#16829=IFCINDEXEDPOLYGONALFACE((17,18,21));
#16830=IFCINDEXEDPOLYGONALFACE((17,19,18));
#16831=IFCINDEXEDPOLYGONALFACE((17,22,19));
#16832=IFCINDEXEDPOLYGONALFACE((23,17,20));
#16833=IFCINDEXEDPOLYGONALFACE((17,21,20));
#16834=IFCINDEXEDPOLYGONALFACE((4,22,17));
#16835=IFCINDEXEDPOLYGONALFACE((8,17,13));
#16836=IFCINDEXEDPOLYGONALFACE((4,17,8));
#16837=IFCINDEXEDPOLYGONALFACE((23,15,17));
#16838=IFCINDEXEDPOLYGONALFACE((24,23,20));
#16839=IFCINDEXEDPOLYGONALFACE((25,24,21));
#16840=IFCINDEXEDPOLYGONALFACE((24,20,21));
#16841=IFCINDEXEDPOLYGONALFACE((26,25,27));
#16842=IFCINDEXEDPOLYGONALFACE((25,21,27));
#16843=IFCINDEXEDPOLYGONALFACE((26,27,28));
#16844=IFCINDEXEDPOLYGONALFACE((27,18,28));
#16845=IFCINDEXEDPOLYGONALFACE((21,18,27));
#16846=IFCINDEXEDPOLYGONALFACE((29,28,18));
#16847=IFCINDEXEDPOLYGONALFACE((29,26,28));
#16848=IFCINDEXEDPOLYGONALFACE((18,30,29));
#16849=IFCINDEXEDPOLYGONALFACE((18,19,30));
#16850=IFCINDEXEDPOLYGONALFACE((19,31,30));
#16851=IFCINDEXEDPOLYGONALFACE((33,22,31));
#16852=IFCINDEXEDPOLYGONALFACE((22,32,31));
#16853=IFCINDEXEDPOLYGONALFACE((19,33,31));
#16854=IFCINDEXEDPOLYGONALFACE((22,33,19));
#16855=IFCINDEXEDPOLYGONALFACE((22,34,32));
#16856=IFCINDEXEDPOLYGONALFACE((34,35,32));
#16857=IFCINDEXEDPOLYGONALFACE((34,36,35));
#16858=IFCINDEXEDPOLYGONALFACE((36,37,35));
#16859=IFCINDEXEDPOLYGONALFACE((39,37,38));
#16860=IFCINDEXEDPOLYGONALFACE((37,36,38));
#16861=IFCINDEXEDPOLYGONALFACE((3,39,40));
#16862=IFCINDEXEDPOLYGONALFACE((39,38,40));
#16863=IFCINDEXEDPOLYGONALFACE((3,40,2));
#16864=IFCINDEXEDPOLYGONALFACE((4,2,40));
#16865=IFCINDEXEDPOLYGONALFACE((40,38,36));
#16866=IFCINDEXEDPOLYGONALFACE((40,36,34));
#16867=IFCINDEXEDPOLYGONALFACE((4,40,34));
#16868=IFCINDEXEDPOLYGONALFACE((4,34,22));
#16869=IFCINDEXEDPOLYGONALFACE((8,13,10));
#16870=IFCINDEXEDPOLYGONALFACE((6,4,8));
#16871=IFCPOLYGONALFACESET(#16812,$,(#16813,#16814,#16815,#16816,#16817,#16818,#16819,#16820,#16821,#16822,#16823,#16824,#16825,#16826,#16827,#16828,#16829,#16830,#16831,#16832,#16833,#16834,#16835,#16836,#16837,#16838,#16839,#16840,#16841,#16842,#16843,#16844,#16845,#16846,#16847,#16848,#16849,#16850,#16851,#16852,#16853,#16854,#16855,#16856,#16857,#16858,#16859,#16860,#16861,#16862,#16863,#16864,#16865,#16866,#16867,#16868,#16869,#16870),$);
#16872=IFCCARTESIANPOINTLIST3D(((-1.862645149230957E-09,0.016966303810477257,0.056128934025764465),(0.0713987797498703,0.017839426174759865,0.061641618609428406),(-1.862645149230957E-09,0.017839426174759865,0.061641618609428406),(0.0713987797498703,0.016966303810477257,0.056128934025764465),(-1.862645149230957E-09,0.014432400465011597,0.05115586519241333),(0.,0.010485751554369926,0.047209218144416809),(0.0713987797498703,0.014432400465011597,0.05115586519241333),(0.0713987797498703,0.0055126859806478024,0.044675320386886597),(0.0713987797498703,0.010485751554369926,0.047209218144416809),(0.,0.0055126859806478024,0.044675320386886597),(0.,3.8582206873805092E-11,0.043802198022603989),(0.,-0.0055126859806478024,0.044675320386886597),(0.0713987797498703,3.8582206873805092E-11,0.043802198022603989),(0.0713987797498703,3.8582206873805092E-11,0.079481042921543121),(0.0713987797498703,-0.017839426174759865,0.061641618609428406),(0.0713987797498703,-0.0055126859806478024,0.044675320386886597),(0.0713987797498703,-0.014432400465011597,0.05115586519241333),(0.0713987797498703,-0.010485751554369926,0.047209218144416809),(0.0713987797498703,-0.016966303810477257,0.056128934025764465),(0.,-0.010485751554369926,0.047209218144416809),(-1.862645149230957E-09,-0.014432400465011597,0.05115586519241333),(-1.862645149230957E-09,-0.016966303810477257,0.056128934025764465),(-1.862645149230957E-09,-0.017839426174759865,0.061641618609428406),(-1.862645149230957E-09,-0.016966303810477257,0.067154303193092346),(0.0713987797498703,-0.016966303810477257,0.067154303193092346),(-1.862645149230957E-09,-0.014432400465011597,0.072127372026443481),(0.0713987797498703,-0.010485751554369926,0.076074019074440002),(0.0713987797498703,-0.014432400465011597,0.072127372026443481),(-3.7252902984619141E-09,-0.010485751554369926,0.076074019074440002),(-3.7252902984619141E-09,-0.0055126859806478024,0.078607924282550812),(-3.7252902984619141E-09,3.8582206873805092E-11,0.079481042921543121),(0.0713987797498703,-0.0055126859806478024,0.078607924282550812),(-3.7252902984619141E-09,0.0055126859806478024,0.078607924282550812),(-3.7252902984619141E-09,0.010485751554369926,0.076074019074440002),(0.0713987797498703,0.0055126859806478024,0.078607924282550812),(0.0713987797498703,0.010485751554369926,0.076074019074440002),(0.0713987797498703,0.014432400465011597,0.072127372026443481),(0.0713987797498703,0.016966303810477257,0.067154303193092346),(-1.862645149230957E-09,0.014432400465011597,0.072127372026443481),(-1.862645149230957E-09,0.016966303810477257,0.067154303193092346)),$);
#16873=IFCINDEXEDPOLYGONALFACE((2,4,1));
#16874=IFCINDEXEDPOLYGONALFACE((2,1,3));
#16875=IFCINDEXEDPOLYGONALFACE((4,5,1));
#16876=IFCINDEXEDPOLYGONALFACE((6,5,7));
#16877=IFCINDEXEDPOLYGONALFACE((4,7,5));
#16878=IFCINDEXEDPOLYGONALFACE((8,7,4));
#16879=IFCINDEXEDPOLYGONALFACE((8,9,7));
#16880=IFCINDEXEDPOLYGONALFACE((6,7,9));
#16881=IFCINDEXEDPOLYGONALFACE((10,9,8));
#16882=IFCINDEXEDPOLYGONALFACE((10,6,9));
#16883=IFCINDEXEDPOLYGONALFACE((11,10,8));
#16884=IFCINDEXEDPOLYGONALFACE((12,11,13));
#16885=IFCINDEXEDPOLYGONALFACE((11,8,13));
#16886=IFCINDEXEDPOLYGONALFACE((14,13,2));
#16887=IFCINDEXEDPOLYGONALFACE((13,8,2));
#16888=IFCINDEXEDPOLYGONALFACE((15,13,14));
#16889=IFCINDEXEDPOLYGONALFACE((15,16,13));
#16890=IFCINDEXEDPOLYGONALFACE((12,13,16));
#16891=IFCINDEXEDPOLYGONALFACE((19,17,16));
#16892=IFCINDEXEDPOLYGONALFACE((17,18,16));
#16893=IFCINDEXEDPOLYGONALFACE((20,16,18));
#16894=IFCINDEXEDPOLYGONALFACE((15,19,16));
#16895=IFCINDEXEDPOLYGONALFACE((20,12,16));
#16896=IFCINDEXEDPOLYGONALFACE((21,20,17));
#16897=IFCINDEXEDPOLYGONALFACE((20,18,17));
#16898=IFCINDEXEDPOLYGONALFACE((17,22,21));
#16899=IFCINDEXEDPOLYGONALFACE((17,19,22));
#16900=IFCINDEXEDPOLYGONALFACE((19,23,22));
#16901=IFCINDEXEDPOLYGONALFACE((19,15,23));
#16902=IFCINDEXEDPOLYGONALFACE((15,24,23));
#16903=IFCINDEXEDPOLYGONALFACE((15,25,24));
#16904=IFCINDEXEDPOLYGONALFACE((25,26,24));
#16905=IFCINDEXEDPOLYGONALFACE((29,26,27));
#16906=IFCINDEXEDPOLYGONALFACE((26,28,27));
#16907=IFCINDEXEDPOLYGONALFACE((25,28,26));
#16908=IFCINDEXEDPOLYGONALFACE((30,29,27));
#16909=IFCINDEXEDPOLYGONALFACE((31,30,32));
#16910=IFCINDEXEDPOLYGONALFACE((30,27,32));
#16911=IFCINDEXEDPOLYGONALFACE((27,14,32));
#16912=IFCINDEXEDPOLYGONALFACE((31,32,14));
#16913=IFCINDEXEDPOLYGONALFACE((33,31,14));
#16914=IFCINDEXEDPOLYGONALFACE((34,33,35));
#16915=IFCINDEXEDPOLYGONALFACE((33,14,35));
#16916=IFCINDEXEDPOLYGONALFACE((14,36,35));
#16917=IFCINDEXEDPOLYGONALFACE((34,35,36));
#16918=IFCINDEXEDPOLYGONALFACE((39,36,37));
#16919=IFCINDEXEDPOLYGONALFACE((36,38,37));
#16920=IFCINDEXEDPOLYGONALFACE((14,38,36));
#16921=IFCINDEXEDPOLYGONALFACE((39,34,36));
#16922=IFCINDEXEDPOLYGONALFACE((37,40,39));
#16923=IFCINDEXEDPOLYGONALFACE((37,38,40));
#16924=IFCINDEXEDPOLYGONALFACE((38,3,40));
#16925=IFCINDEXEDPOLYGONALFACE((38,2,3));
#16926=IFCINDEXEDPOLYGONALFACE((14,2,38));
#16927=IFCINDEXEDPOLYGONALFACE((28,25,27));
#16928=IFCINDEXEDPOLYGONALFACE((27,25,14));
#16929=IFCINDEXEDPOLYGONALFACE((25,15,14));
#16930=IFCINDEXEDPOLYGONALFACE((2,8,4));
#16931=IFCPOLYGONALFACESET(#16872,$,(#16873,#16874,#16875,#16876,#16877,#16878,#16879,#16880,#16881,#16882,#16883,#16884,#16885,#16886,#16887,#16888,#16889,#16890,#16891,#16892,#16893,#16894,#16895,#16896,#16897,#16898,#16899,#16900,#16901,#16902,#16903,#16904,#16905,#16906,#16907,#16908,#16909,#16910,#16911,#16912,#16913,#16914,#16915,#16916,#16917,#16918,#16919,#16920,#16921,#16922,#16923,#16924,#16925,#16926,#16927,#16928,#16929,#16930),$);
#16932=IFCSHAPEREPRESENTATION(#11,'Body','Tessellation',(#16811,#16871,#16931));
#16933=IFCREPRESENTATIONMAP(#16167,#16932);
#16934=IFCSANITARYTERMINALTYPE('10W6Q0i0n0kBZ4308fNQWZ',$,'SINKTAP MIXER',$,$,(#16163),(#16933),$,'SINKTAP',.USERDEFINED.);
#16935=IFCCARTESIANPOINT((0.,0.,0.));
#16936=IFCDIRECTION((0.,0.,1.));
#16937=IFCDIRECTION((1.,0.,0.));
#16938=IFCAXIS2PLACEMENT3D(#16935,#16936,#16937);
#16945=IFCCARTESIANPOINTLIST3D(((0.0016481125494465232,0.0050723673775792122,0.),(1.3675838239635141E-11,0.005333402194082737,0.),(0.,0.018000001087784767,0.059999998658895493),(0.0055623063817620277,0.017119018360972404,0.059999998658895493),(0.0031348948832601309,0.0043148132972419262,0.),(0.010580135509371758,0.014562307856976986,0.059999998658895493),(0.0043148137629032135,0.0031348958145827055,0.),(0.014562307856976986,0.010580135509371758,0.059999998658895493),(0.017119018360972404,0.0055623063817620277,0.059999998658895493),(0.0050723673775792122,0.0016481125494465232,0.),(0.018000001087784767,0.,0.059999998658895493),(0.005333402194082737,4.7865388735912617E-11,0.),(0.017119018360972404,-0.0055623063817620277,0.059999998658895493),(0.0050723673775792122,-0.0016481124330312014,0.),(0.014562307856976986,-0.010580135509371758,0.059999998658895493),(0.0043148132972419262,-0.0031348948832601309,0.),(0.0031348958145827055,-0.0043148137629032135,0.),(0.010580135509371758,-0.014562307856976986,0.059999998658895493),(0.0016481125494465232,-0.0050723673775792122,0.),(0.0055623063817620277,-0.017119018360972404,0.059999998658895493),(1.3675838239635141E-11,-0.005333402194082737,0.),(0.,-0.018000001087784767,0.059999998658895493),(-0.0016481125494465232,-0.0050723673775792122,0.),(-0.0055623063817620277,-0.017119018360972404,0.059999998658895493),(-0.0031348948832601309,-0.0043148132972419262,0.),(-0.010580135509371758,-0.014562307856976986,0.059999998658895493),(-0.0043148137629032135,-0.0031348958145827055,0.),(-0.014562307856976986,-0.010580135509371758,0.059999998658895493),(-0.017119018360972404,-0.0055623063817620277,0.059999998658895493),(-0.0050723673775792122,-0.0016481124330312014,0.),(-0.018000001087784767,0.,0.059999998658895493),(-0.005333402194082737,4.7865388735912617E-11,0.),(-0.017119018360972404,0.0055623063817620277,0.059999998658895493),(-0.0050723673775792122,0.0016481125494465232,0.),(-0.014562307856976986,0.010580135509371758,0.059999998658895493),(-0.0043148132972419262,0.0031348948832601309,0.),(-0.0031348958145827055,0.0043148137629032135,0.),(-0.010580135509371758,0.014562307856976986,0.059999998658895493),(0.0050990944728255272,-0.0016567960847169161,0.059999998658895493),(0.0053615043871104717,6.446899958323371E-11,0.059999998658895493),(-0.0016481125494465232,0.0050723673775792122,0.),(-0.0055623063817620277,0.017119018360972404,0.059999998658895493),(0.0016567964339628816,0.0050990944728255272,0.059999998658895493),(0.0031514137517660856,0.0043375492095947266,0.059999998658895493),(1.3147817556902197E-10,-0.0053615043871104717,0.059999998658895493),(-0.0016567960847169161,-0.0050990944728255272,0.059999998658895493),(-0.0053615043871104717,6.446899958323371E-11,0.059999998658895493),(-0.0050990944728255272,0.0016567964339628816,0.059999998658895493),(0.0050990935415029526,0.0016567962011322379,0.059999998658895493),(0.0043375482782721519,0.003151413518935442,0.059999998658895493),(0.0031514137517660856,-0.0043375492095947266,0.059999998658895493),(0.0016567964339628816,-0.0050990944728255272,0.059999998658895493),(-0.0043375492095947266,-0.003151413518935442,0.059999998658895493),(-0.0050990944728255272,-0.0016567960847169161,0.059999998658895493),(-0.003151413518935442,0.0043375482782721519,0.059999998658895493),(-0.0016567958518862724,0.0050990935415029526,0.059999998658895493),(0.0043375482782721519,-0.0031514137517660856,0.059999998658895493),(-0.003151413518935442,-0.0043375482782721519,0.059999998658895493),(-0.0043375482782721519,0.0031514130532741547,0.059999998658895493),(1.3147817556902197E-10,0.0053615043871104717,0.059999998658895493),(0.0085595091804862022,-0.0027811529580503702,0.059999998658895493),(0.0090000005438923836,7.4505811242797648E-11,0.059999998658895493),(0.0027811534237116575,0.0085595091804862022,0.059999998658895493),(0.0052900682203471661,0.007281153928488493,0.059999998658895493),(1.490116224855953E-10,-0.0090000005438923836,0.059999998658895493),(-0.0027811529580503702,-0.0085595091804862022,0.059999998658895493),(-0.0090000005438923836,7.4505811242797648E-11,0.059999998658895493),(-0.0085595091804862022,0.0027811534237116575,0.059999998658895493),(0.0085595091804862022,0.0027811534237116575,0.059999998658895493),(0.007281153928488493,0.0052900677546858788,0.059999998658895493),(0.0052900682203471661,-0.007281153928488493,0.059999998658895493),(0.0027811534237116575,-0.0085595091804862022,0.059999998658895493),(-0.007281153928488493,-0.0052900677546858788,0.059999998658895493),(-0.0085595091804862022,-0.0027811529580503702,0.059999998658895493),(-0.0052900672890245914,0.007281153928488493,0.059999998658895493),(-0.0027811529580503702,0.0085595091804862022,0.059999998658895493),(0.007281153928488493,-0.0052900677546858788,0.059999998658895493),(-0.0052900672890245914,-0.007281153928488493,0.059999998658895493),(-0.007281153928488493,0.0052900677546858788,0.059999998658895493),(1.490116224855953E-10,0.0090000005438923836,0.059999998658895493),(0.0055623063817620277,0.017119018360972404,0.),(0.,0.018000001087784767,0.),(0.010580135509371758,0.014562307856976986,0.),(0.014562307856976986,0.010580135509371758,0.),(0.017119018360972404,0.0055623063817620277,0.),(0.018000001087784767,0.,0.),(0.017119018360972404,-0.0055623063817620277,0.),(0.014562307856976986,-0.010580135509371758,0.),(0.010580135509371758,-0.014562307856976986,0.),(0.0055623063817620277,-0.017119018360972404,0.),(0.,-0.018000001087784767,0.),(-0.0055623063817620277,-0.017119018360972404,0.),(-0.010580135509371758,-0.014562307856976986,0.),(-0.014562307856976986,-0.010580135509371758,0.),(-0.017119018360972404,-0.0055623063817620277,0.),(-0.018000001087784767,0.,0.),(-0.017119018360972404,0.0055623063817620277,0.),(-0.014562307856976986,0.010580135509371758,0.),(-0.010580135509371758,0.014562307856976986,0.),(-0.0055623063817620277,0.017119018360972404,0.),(0.0016481125494465232,0.0050723673775792122,-0.05000000074505806),(1.3675838239635141E-11,0.005333402194082737,-0.05000000074505806),(0.0031348948832601309,0.0043148132972419262,-0.05000000074505806),(0.0043148137629032135,0.0031348958145827055,-0.05000000074505806),(0.0050723673775792122,0.0016481125494465232,-0.05000000074505806),(0.005333402194082737,4.7865388735912617E-11,-0.05000000074505806),(0.0050723673775792122,-0.0016481124330312014,-0.05000000074505806),(0.0043148132972419262,-0.0031348948832601309,-0.05000000074505806),(0.0031348958145827055,-0.0043148137629032135,-0.05000000074505806),(0.0016481125494465232,-0.0050723673775792122,-0.05000000074505806),(1.3675838239635141E-11,-0.005333402194082737,-0.05000000074505806),(-0.0016481125494465232,-0.0050723673775792122,-0.05000000074505806),(-0.0031348948832601309,-0.0043148132972419262,-0.05000000074505806),(-0.0043148137629032135,-0.0031348958145827055,-0.05000000074505806),(-0.0050723673775792122,-0.0016481124330312014,-0.05000000074505806),(-0.005333402194082737,4.7865388735912617E-11,-0.05000000074505806),(-0.0050723673775792122,0.0016481125494465232,-0.05000000074505806),(-0.0043148132972419262,0.0031348948832601309,-0.05000000074505806),(-0.0031348958145827055,0.0043148137629032135,-0.05000000074505806),(-0.0016481125494465232,0.0050723673775792122,-0.05000000074505806),(0.0050991415046155453,-0.0016567960847169161,0.15000000596046448),(0.0053615518845617771,6.446899958323371E-11,0.15000000596046448),(0.0016568435821682215,0.0050990944728255272,0.15000000596046448),(0.003151461249217391,0.0043375492095947266,0.15000000596046448),(4.7311360162893834E-08,-0.0053615043871104717,0.15000000596046448),(-0.0016567489365115762,-0.0050990944728255272,0.15000000596046448),(-0.0053614573553204536,6.446899958323371E-11,0.15000000596046448),(-0.0050990469753742218,0.0016567964339628816,0.15000000596046448),(0.005099141038954258,0.0016567962011322379,0.15000000596046448),(0.00433759531006217,0.003151413518935442,0.15000000596046448),(0.003151461249217391,-0.0043375492095947266,0.15000000596046448),(0.0016568435821682215,-0.0050990944728255272,0.15000000596046448),(-0.0043375021778047085,-0.003151413518935442,0.15000000596046448),(-0.0050990469753742218,-0.0016567960847169161,0.15000000596046448),(-0.0031513662543147802,0.0043375482782721519,0.15000000596046448),(-0.0016567487036809325,0.0050990935415029526,0.15000000596046448),(0.00433759531006217,-0.0031514137517660856,0.15000000596046448),(-0.0031513662543147802,-0.0043375482782721519,0.15000000596046448),(-0.0043375007808208466,0.0031514130532741547,0.15000000596046448),(4.7311360162893834E-08,0.0053615043871104717,0.15000000596046448),(0.0050991415046155453,-0.0020747452508658171,0.16208186745643616),(0.0053615514189004898,-0.0004688531334977597,0.1624893993139267),(0.0016568435821682215,0.0044735702686011791,0.16374367475509644),(0.0031514607835561037,0.0037354230880737305,0.16355635225772858),(4.7238852829423195E-08,-0.0056656240485608578,0.1611705869436264),(-0.0016567489365115762,-0.0054112761281430721,0.16123513877391815),(-0.005361457820981741,-0.0004688531334977597,0.1624893993139267),(-0.0050990474410355091,0.0011370390420779586,0.16289694607257843),(0.0050991405732929707,0.0011370390420779586,0.16289694607257843),(0.00433759531006217,0.0025857330765575171,0.16326458752155304),(0.0031514607835561037,-0.0046731294132769108,0.16142246127128601),(0.0016568435821682215,-0.0054112761281430721,0.16123513877391815),(-0.0043375021778047085,-0.0035234391689300537,0.16171422600746155),(-0.0050990474410355091,-0.0020747452508658171,0.16208186745643616),(-0.0031513664871454239,0.0037354230880737305,0.16355635225772858),(-0.0016567487036809325,0.0044735702686011791,0.16374367475509644),(0.00433759531006217,-0.0035234391689300537,0.16171422600746155),(-0.0031513664871454239,-0.0046731294132769108,0.16142246127128601),(-0.0043375012464821339,0.0025857330765575171,0.16326458752155304),(4.7160302329984916E-08,0.0047279181890189648,0.16380822658538818),(0.0050991401076316833,-0.0054517509415745735,0.17368970811367035),(0.0053615504875779152,-0.0039954455569386482,0.17447973787784576),(0.0016568426508456469,0.00048659145249985158,0.17691121995449066),(0.0031514596194028854,-0.00018279552750755101,0.1765480637550354),(4.6513463303199387E-08,-0.0087081408128142357,0.17192314565181732),(-0.0016567496350035071,-0.0084774885326623917,0.17204825580120087),(-0.0053614587523043156,-0.0039954455569386482,0.17447973787784576),(-0.0050990483723580837,-0.0025391429662704468,0.17526976764202118),(0.005099139641970396,-0.0025391429662704468,0.17526976764202118),(0.0043375939130783081,-0.0012253940803930163,0.17598246037960052),(0.0031514600850641727,-0.0078080981038510799,0.17241139709949493),(0.0016568427672609687,-0.0084774885326623917,0.17204825580120087),(-0.0043375031091272831,-0.0067654997110366821,0.17297700047492981),(-0.0050990483723580837,-0.0054517509415745735,0.17368970811367035),(-0.0031513676512986422,-0.00018279552750755101,0.1765480637550354),(-0.0016567496350035071,0.00048659145249985158,0.17691121995449066),(0.0043375943787395954,-0.0067654997110366821,0.17297700047492981),(-0.0031513671856373549,-0.0078080981038510799,0.17241139709949493),(-0.0043375021778047085,-0.0012253940803930163,0.17598246037960052),(4.6204085890622082E-08,0.0007172495243139565,0.17703633010387421),(0.0050991387106478214,-0.01158029492944479,0.18411020934581757),(0.0053615490905940533,-0.010363069362938404,0.1852341890335083),(0.0016568409046158195,-0.0066168396733701229,0.18869344890117645),(0.0031514577567577362,-0.007176330778747797,0.18817679584026337),(4.5179756824609285E-08,-0.014302092604339123,0.18159691989421844),(-0.0016567510319873691,-0.014109307900071144,0.18177492916584015),(-0.0053614601492881775,-0.010363069362938404,0.1852341890335083),(-0.005099050235003233,-0.0091458437964320183,0.18635816872119904),(0.0050991377793252468,-0.0091458437964320183,0.18635818362236023),(0.0043375920504331589,-0.0080477716401219368,0.18737213313579559),(0.0031514584552496672,-0.013549807481467724,0.18229155242443085),(0.0016568414866924286,-0.014109307900071144,0.18177492916584015),(-0.004337504506111145,-0.012678369879722595,0.18309623003005981),(-0.005099050235003233,-0.01158029492944479,0.18411020934581757),(-0.0031513695139437914,-0.007176330778747797,0.18817679584026337),(-0.0016567513812333345,-0.0066168396733701229,0.18869344890117645),(0.0043375929817557335,-0.012678369879722595,0.18309624493122101),(-0.0031513688154518604,-0.013549807481467724,0.18229155242443085),(-0.0043375040404498577,-0.0080477716401219368,0.18737213313579559),(4.4501469176339015E-08,-0.0064240484498441219,0.18887147307395935),(0.0050991363823413849,-0.020083785057067871,0.19270305335521698),(0.0053615467622876167,-0.019180435687303543,0.19409190118312836),(0.0016568386927247047,-0.016400212422013283,0.19836637377738953),(0.003151455195620656,-0.016815429553389549,0.19772796332836151),(4.3319701603650174E-08,-0.022103732451796532,0.18959745764732361),(-0.0016567526618018746,-0.021960658952593803,0.18981742858886719),(-0.005361462477594614,-0.019180435687303543,0.19409190118312836),(-0.0050990525633096695,-0.018277084454894066,0.19548076391220093),(0.0050991354510188103,-0.018277084454894066,0.19548077881336212),(0.0043375897221267223,-0.017462164163589478,0.19673366844654083),(0.0031514563597738743,-0.021545428782701492,0.19045580923557281),(0.001656839856877923,-0.021960658952593803,0.18981742858886719),(-0.0043375068344175816,-0.020898699760437012,0.19145010411739349),(-0.0050990520976483822,-0.020083785057067871,0.19270305335521698),(-0.0031513720750808716,-0.016815429553389549,0.19772796332836151),(-0.0016567535931244493,-0.016400212422013283,0.19836637377738953),(0.004337590653449297,-0.020898705348372459,0.19145011901855469),(-0.0031513709109276533,-0.021545428782701492,0.19045580923557281),(-0.0043375063687562943,-0.017462164163589478,0.19673366844654083),(4.215707605226271E-08,-0.016257137060165405,0.19858634471893311),(0.0050991340540349483,-0.030439669266343117,0.19894017279148102),(0.0053615435026586056,-0.029905706644058228,0.20050857961177826),(0.0016568361315876245,-0.028262335807085037,0.20533557236194611),(0.0031514521688222885,-0.028507763519883156,0.20461463928222656),(4.1047595544796422E-08,-0.031633634120225906,0.19543313980102539),(-0.0016567548736929893,-0.031549066305160522,0.19568155705928802),(-0.0053614652715623379,-0.029905706644058228,0.20050857961177826),(-0.0050990558229386806,-0.029371744021773338,0.20207695662975311),(0.0050991321913897991,-0.029371744021773338,0.20207695662975311),(0.0043375869281589985,-0.028890049085021019,0.20349180698394775),(0.0031514537986367941,-0.031303625553846359,0.19640244543552399),(0.0016568376449868083,-0.031549066305160522,0.19568155705928802),(-0.0043375096283853054,-0.030921345576643944,0.19752529263496399),(-0.005099054891616106,-0.030439669266343117,0.19894017279148102),(-0.0031513751018792391,-0.028507763519883156,0.20461463928222656),(-0.0016567561542615294,-0.028262335807085037,0.20533557236194611),(0.0043375878594815731,-0.030921353027224541,0.19752529263496399),(-0.0031513737048953772,-0.031303625553846359,0.19640244543552399),(-0.0043375096283853054,-0.028890049085021019,0.20349180698394775),(3.9314972610782206E-08,-0.028177767992019653,0.20558397471904755),(0.0050991312600672245,-0.042011577636003494,0.20243830978870392),(0.0053615407086908817,-0.041879814118146896,0.20408986508846283),(0.0016568329883739352,-0.041474279016256332,0.2091728001832962),(0.003151449142023921,-0.041534837335348129,0.20841364562511444),(3.8503056742911212E-08,-0.042306192219257355,0.19874535501003265),(-0.0016567575512453914,-0.042285330593585968,0.19900692999362946),(-0.005361468531191349,-0.041879814118146896,0.20408986508846283),(-0.0050990586169064045,-0.041748054325580597,0.20574140548706055),(0.0050991293974220753,-0.041748054325580597,0.20574140548706055),(0.0043375841341912746,-0.041629176586866379,0.20723126828670502),(0.0031514510046690702,-0.042224753648042679,0.19976603984832764),(0.0016568349674344063,-0.042285330593585968,0.19900692999362946),(-0.0043375119566917419,-0.042130418121814728,0.20094840228557587),(-0.0050990576855838299,-0.042011577636003494,0.20243830978870392),(-0.0031513781286776066,-0.041534837335348129,0.20841364562511444),(-0.0016567594138905406,-0.041474279016256332,0.2091728001832962),(0.0043375855311751366,-0.042130421847105026,0.20094840228557587),(-0.0031513762660324574,-0.042224753648042679,0.19976603984832764),(-0.0043375124223530293,-0.041629176586866379,0.20723126828670502),(3.6149810256347337E-08,-0.041453417390584946,0.20943437516689301),(0.0050991284660995007,-0.05408840999007225,0.20298250019550323),(0.0053615379147231579,-0.054366942495107651,0.20461574196815491),(0.0016568297287449241,-0.055224161595106125,0.20964224636554718),(0.0031514458823949099,-0.055096127092838287,0.20889154076576233),(3.5842454337853269E-08,-0.053465574979782104,0.19933056831359863),(-0.0016567601123824716,-0.053509693592786789,0.19958923757076263),(-0.0053614713251590729,-0.054366942495107651,0.20461574196815491),(-0.0050990614108741283,-0.054645475000143051,0.2062489241361618),(0.0050991266034543514,-0.054645475000143051,0.2062489241361618),(0.0043375804089009762,-0.054896730929613113,0.2077222615480423),(0.0031514484435319901,-0.053637709468603134,0.2003399133682251),(0.0016568324062973261,-0.053509693592786789,0.19958923757076263),(-0.0043375152163207531,-0.053837109357118607,0.20150916278362274),(-0.0050990604795515537,-0.05408840999007225,0.20298250019550323),(-0.0031513813883066177,-0.055096127092838287,0.20889154076576233),(-0.0016567625571042299,-0.055224161595106125,0.20964224636554718),(0.0043375822715461254,-0.053837116807699203,0.20150914788246155),(-0.0031513788271695375,-0.053637709468603134,0.2003399133682251),(-0.0043375156819820404,-0.054896730929613113,0.2077222615480423),(3.2856092957445071E-08,-0.055268283933401108,0.20990090072154999),(0.0050991252064704895,-0.065928041934967041,0.20053933560848236),(0.0053615346550941467,-0.066599763929843903,0.20205385982990265),(0.0016568265855312347,-0.06866706907749176,0.20671506226062775),(0.0031514426227658987,-0.068358302116394043,0.20601892471313477),(3.3229273554979954E-08,-0.064426042139530182,0.19715279340744019),(-0.0016567626735195518,-0.064532436430454254,0.19739265739917755),(-0.005361474584788084,-0.066599763929843903,0.20205385982990265),(-0.0050990646705031395,-0.067271463572978973,0.20356836915016174),(0.0050991233438253403,-0.067271463572978973,0.20356836915016174),(0.004337577149271965,-0.067877426743507385,0.20493462681770325),(0.0031514454167336226,-0.064841166138648987,0.19808879494667053),(0.0016568297287449241,-0.064532436430454254,0.19739265739917755),(-0.0043375180102884769,-0.065322056412696838,0.19917306303977966),(-0.0050990632735192776,-0.065928041934967041,0.20053933560848236),(-0.0031513848807662725,-0.068358302116394043,0.20601892471313477),(-0.0016567657003179193,-0.06866706907749176,0.20671506226062775),(0.0043375794775784016,-0.065322056412696838,0.19917303323745728),(-0.003151381853967905,-0.064841166138648987,0.19808879494667053),(-0.0043375189416110516,-0.067877426743507385,0.20493462681770325),(2.9636209930572477E-08,-0.068773448467254639,0.20695494115352631),(0.0050991224125027657,-0.076802931725978851,0.19525890052318573),(0.0053615318611264229,-0.077826552093029022,0.19656166434288025),(0.0016568237915635109,-0.080976895987987518,0.20057113468647003),(0.0031514395959675312,-0.080506376922130585,0.19997234642505646),(3.0824107710714088E-08,-0.074514053761959076,0.19234587252140045),(-0.0016567650018259883,-0.074676178395748138,0.19255219399929047),(-0.0053614773787558079,-0.077826552093029022,0.19656166434288025),(-0.0050990674644708633,-0.078850142657756805,0.19786441326141357),(0.0050991205498576164,-0.078850142657756805,0.19786441326141357),(0.0043375743553042412,-0.079773567616939545,0.19903963804244995),(0.0031514428555965424,-0.075146660208702087,0.19315101206302643),(0.0016568275168538094,-0.074676178395748138,0.19255219399929047),(-0.0043375208042562008,-0.075879476964473724,0.19408367574214935),(-0.0050990665331482887,-0.076802931725978851,0.19525890052318573),(-0.0031513876747339964,-0.080506376922130585,0.19997234642505646),(-0.0016567684942856431,-0.080976895987987518,0.20057113468647003),(0.0043375766836106777,-0.075879476964473724,0.19408364593982697),(-0.0031513844151049852,-0.075146660208702087,0.19315101206302643),(-0.0043375222012400627,-0.079773567616939545,0.19903963804244995),(2.6688031340427187E-08,-0.081139020621776581,0.20077748596668243),(0.0050991200841963291,-0.0860447958111763,0.18746571242809296),(0.0053615295328199863,-0.087357424199581146,0.18847665190696716),(0.0016568213468417525,-0.091397218406200409,0.19158801436424255),(0.0031514372676610947,-0.090793870389461517,0.1911233514547348),(2.8774747917736931E-08,-0.083109699189662933,0.18520520627498627),(-0.0016567669808864594,-0.083317600190639496,0.18536530435085297),(-0.0053614797070622444,-0.087357424199581146,0.18847665190696716),(-0.0050990697927772999,-0.088670007884502411,0.18948759138584137),(0.0050991182215511799,-0.088670007884502411,0.18948759138584137),(0.0043375720269978046,-0.089854143559932709,0.19039957225322723),(0.0031514407601207495,-0.083920918405056,0.18582999706268311),(0.0016568255377933383,-0.083317600190639496,0.18536530435085297),(-0.0043375231325626373,-0.084860630333423615,0.18655374646186829),(-0.0050990688614547253,-0.0860447958111763,0.18746571242809296),(-0.0031513900030404329,-0.090793870389461517,0.1911233514547348),(-0.0016567709390074015,-0.091397218406200409,0.19158801436424255),(0.0043375743553042412,-0.084860615432262421,0.1865537166595459),(-0.0031513867434114218,-0.083920918405056,0.18582999706268311),(-0.0043375245295464993,-0.089854143559932709,0.19039957225322723),(2.4192718939275437E-08,-0.091605119407176971,0.19174812734127045),(0.0050991182215511799,-0.093085736036300659,0.17763864994049072),(0.0053615276701748371,-0.094606690108776093,0.17829564213752747),(0.001656819717027247,-0.099287711083889008,0.18031769990921021),(0.0031514354050159454,-0.098588593304157257,0.18001572787761688),(2.7207125441464086E-08,-0.089684776961803436,0.17616955935955048),(-0.0016567684942856431,-0.089925669133663177,0.17627362906932831),(-0.0053614815697073936,-0.094606690108776093,0.17829564213752747),(-0.0050990716554224491,-0.096127621829509735,0.1789526641368866),(0.0050991163589060307,-0.096127621829509735,0.1789526641368866),(0.0043375701643526554,-0.097499698400497437,0.1795453280210495),(0.0031514391303062439,-0.09062475711107254,0.17657563090324402),(0.0016568240243941545,-0.089925669133663177,0.17627362906932831),(-0.0043375245295464993,-0.09171362966299057,0.17704598605632782),(-0.0050990707240998745,-0.093085736036300659,0.17763864994049072),(-0.0031513918656855822,-0.098588593304157257,0.18001572787761688),(-0.001656772568821907,-0.099287711083889008,0.18031769990921021),(0.0043375729583203793,-0.091713599860668182,0.17704597115516663),(-0.0031513881403952837,-0.09062475711107254,0.17657563090324402),(-0.0043375263921916485,-0.097499698400497437,0.1795453280210495),(2.2303611402207935E-08,-0.099528603255748749,0.18042175471782684),(0.0050991172902286053,-0.097493082284927368,0.1663815826177597),(0.0053615267388522625,-0.099128909409046173,0.16664426028728485),(0.0016568185528740287,-0.10416348278522491,0.16745276749134064),(0.0031514342408627272,-0.10341157764196396,0.16733205318450928),(2.6217577442366746E-08,-0.093835242092609406,0.16579422354698181),(-0.0016567694256082177,-0.094094328582286835,0.16583582758903503),(-0.0053614825010299683,-0.099128909409046173,0.16664426028728485),(-0.0050990725867450237,-0.10076472908258438,0.16690699756145477),(0.005099115427583456,-0.10076472908258438,0.16690699756145477),(0.0043375692330300808,-0.1022404208779335,0.16714394092559814),(0.0031514379661530256,-0.094846233725547791,0.16595658659934998),(0.0016568230930715799,-0.094094328582286835,0.16583582758903503),(-0.0043375259265303612,-0.096017345786094666,0.16614465415477753),(-0.0050990716554224491,-0.097493082284927368,0.1663815826177597),(-0.0031513930298388004,-0.10341157764196396,0.16733205318450928),(-0.0016567737329751253,-0.10416348278522491,0.16745276749134064),(0.0043375715613365173,-0.096017323434352875,0.16614463925361633),(-0.003151389304548502,-0.094846233725547791,0.16595658659934998),(-0.0043375273235142231,-0.1022404208779335,0.16714394092559814),(2.1136797201393165E-08,-0.10442256927490234,0.16749437153339386)),$);
#16946=IFCINDEXEDPOLYGONALFACE((81,82,3));
#16947=IFCINDEXEDPOLYGONALFACE((81,3,4));
#16948=IFCINDEXEDPOLYGONALFACE((83,81,4));
#16949=IFCINDEXEDPOLYGONALFACE((83,4,6));
#16950=IFCINDEXEDPOLYGONALFACE((84,83,6));
#16951=IFCINDEXEDPOLYGONALFACE((84,6,8));
#16952=IFCINDEXEDPOLYGONALFACE((8,9,85));
#16953=IFCINDEXEDPOLYGONALFACE((8,85,84));
#16954=IFCINDEXEDPOLYGONALFACE((9,11,86));
#16955=IFCINDEXEDPOLYGONALFACE((9,86,85));
#16956=IFCINDEXEDPOLYGONALFACE((11,13,87));
#16957=IFCINDEXEDPOLYGONALFACE((11,87,86));
#16958=IFCINDEXEDPOLYGONALFACE((13,15,88));
#16959=IFCINDEXEDPOLYGONALFACE((13,88,87));
#16960=IFCINDEXEDPOLYGONALFACE((89,88,15));
#16961=IFCINDEXEDPOLYGONALFACE((89,15,18));
#16962=IFCINDEXEDPOLYGONALFACE((90,89,18));
#16963=IFCINDEXEDPOLYGONALFACE((90,18,20));
#16964=IFCINDEXEDPOLYGONALFACE((91,90,20));
#16965=IFCINDEXEDPOLYGONALFACE((91,20,22));
#16966=IFCINDEXEDPOLYGONALFACE((92,91,22));
#16967=IFCINDEXEDPOLYGONALFACE((92,22,24));
#16968=IFCINDEXEDPOLYGONALFACE((93,92,24));
#16969=IFCINDEXEDPOLYGONALFACE((93,24,26));
#16970=IFCINDEXEDPOLYGONALFACE((94,93,26));
#16971=IFCINDEXEDPOLYGONALFACE((94,26,28));
#16972=IFCINDEXEDPOLYGONALFACE((28,29,95));
#16973=IFCINDEXEDPOLYGONALFACE((28,95,94));
#16974=IFCINDEXEDPOLYGONALFACE((29,31,96));
#16975=IFCINDEXEDPOLYGONALFACE((29,96,95));
#16976=IFCINDEXEDPOLYGONALFACE((31,33,97));
#16977=IFCINDEXEDPOLYGONALFACE((31,97,96));
#16978=IFCINDEXEDPOLYGONALFACE((33,35,98));
#16979=IFCINDEXEDPOLYGONALFACE((33,98,97));
#16980=IFCINDEXEDPOLYGONALFACE((99,98,35));
#16981=IFCINDEXEDPOLYGONALFACE((99,35,38));
#16982=IFCINDEXEDPOLYGONALFACE((61,13,11));
#16983=IFCINDEXEDPOLYGONALFACE((61,11,62));
#16984=IFCINDEXEDPOLYGONALFACE((100,99,38));
#16985=IFCINDEXEDPOLYGONALFACE((100,38,42));
#16986=IFCINDEXEDPOLYGONALFACE((82,100,42));
#16987=IFCINDEXEDPOLYGONALFACE((82,42,3));
#16988=IFCINDEXEDPOLYGONALFACE((22,65,66));
#16989=IFCINDEXEDPOLYGONALFACE((22,66,24));
#16990=IFCINDEXEDPOLYGONALFACE((31,67,68));
#16991=IFCINDEXEDPOLYGONALFACE((31,68,33));
#16992=IFCINDEXEDPOLYGONALFACE((69,9,8));
#16993=IFCINDEXEDPOLYGONALFACE((70,69,8));
#16994=IFCINDEXEDPOLYGONALFACE((18,71,72));
#16995=IFCINDEXEDPOLYGONALFACE((20,18,72));
#16996=IFCINDEXEDPOLYGONALFACE((73,29,28));
#16997=IFCINDEXEDPOLYGONALFACE((73,74,29));
#16998=IFCINDEXEDPOLYGONALFACE((42,38,75));
#16999=IFCINDEXEDPOLYGONALFACE((42,75,76));
#17000=IFCINDEXEDPOLYGONALFACE((6,4,63));
#17001=IFCINDEXEDPOLYGONALFACE((6,63,64));
#17002=IFCINDEXEDPOLYGONALFACE((77,15,13));
#17003=IFCINDEXEDPOLYGONALFACE((61,77,13));
#17004=IFCINDEXEDPOLYGONALFACE((24,66,78));
#17005=IFCINDEXEDPOLYGONALFACE((26,24,78));
#17006=IFCINDEXEDPOLYGONALFACE((68,35,33));
#17007=IFCINDEXEDPOLYGONALFACE((68,79,35));
#17008=IFCINDEXEDPOLYGONALFACE((69,11,9));
#17009=IFCINDEXEDPOLYGONALFACE((62,11,69));
#17010=IFCINDEXEDPOLYGONALFACE((22,72,65));
#17011=IFCINDEXEDPOLYGONALFACE((20,72,22));
#17012=IFCINDEXEDPOLYGONALFACE((31,74,67));
#17013=IFCINDEXEDPOLYGONALFACE((29,74,31));
#17014=IFCINDEXEDPOLYGONALFACE((76,3,42));
#17015=IFCINDEXEDPOLYGONALFACE((80,3,76));
#17016=IFCINDEXEDPOLYGONALFACE((64,8,6));
#17017=IFCINDEXEDPOLYGONALFACE((64,70,8));
#17018=IFCINDEXEDPOLYGONALFACE((71,18,15));
#17019=IFCINDEXEDPOLYGONALFACE((77,71,15));
#17020=IFCINDEXEDPOLYGONALFACE((26,78,73));
#17021=IFCINDEXEDPOLYGONALFACE((28,26,73));
#17022=IFCINDEXEDPOLYGONALFACE((63,4,3));
#17023=IFCINDEXEDPOLYGONALFACE((63,3,80));
#17024=IFCINDEXEDPOLYGONALFACE((38,35,79));
#17025=IFCINDEXEDPOLYGONALFACE((38,79,75));
#17026=IFCINDEXEDPOLYGONALFACE((48,47,127,128));
#17027=IFCINDEXEDPOLYGONALFACE((40,39,61,62));
#17028=IFCINDEXEDPOLYGONALFACE((43,44,64,63));
#17029=IFCINDEXEDPOLYGONALFACE((45,46,66,65));
#17030=IFCINDEXEDPOLYGONALFACE((47,48,68,67));
#17031=IFCINDEXEDPOLYGONALFACE((50,49,69,70));
#17032=IFCINDEXEDPOLYGONALFACE((51,52,72,71));
#17033=IFCINDEXEDPOLYGONALFACE((53,54,74,73));
#17034=IFCINDEXEDPOLYGONALFACE((55,56,76,75));
#17035=IFCINDEXEDPOLYGONALFACE((39,57,77,61));
#17036=IFCINDEXEDPOLYGONALFACE((46,58,78,66));
#17037=IFCINDEXEDPOLYGONALFACE((48,59,79,68));
#17038=IFCINDEXEDPOLYGONALFACE((49,40,62,69));
#17039=IFCINDEXEDPOLYGONALFACE((52,45,65,72));
#17040=IFCINDEXEDPOLYGONALFACE((54,47,67,74));
#17041=IFCINDEXEDPOLYGONALFACE((56,60,80,76));
#17042=IFCINDEXEDPOLYGONALFACE((44,50,70,64));
#17043=IFCINDEXEDPOLYGONALFACE((57,51,71,77));
#17044=IFCINDEXEDPOLYGONALFACE((58,53,73,78));
#17045=IFCINDEXEDPOLYGONALFACE((60,43,63,80));
#17046=IFCINDEXEDPOLYGONALFACE((59,55,75,79));
#17047=IFCINDEXEDPOLYGONALFACE((5,7,104,103));
#17048=IFCINDEXEDPOLYGONALFACE((1,2,82,81));
#17049=IFCINDEXEDPOLYGONALFACE((5,1,81,83));
#17050=IFCINDEXEDPOLYGONALFACE((7,5,83,84));
#17051=IFCINDEXEDPOLYGONALFACE((10,7,84,85));
#17052=IFCINDEXEDPOLYGONALFACE((12,10,85,86));
#17053=IFCINDEXEDPOLYGONALFACE((14,12,86,87));
#17054=IFCINDEXEDPOLYGONALFACE((16,14,87,88));
#17055=IFCINDEXEDPOLYGONALFACE((17,16,88,89));
#17056=IFCINDEXEDPOLYGONALFACE((19,17,89,90));
#17057=IFCINDEXEDPOLYGONALFACE((21,19,90,91));
#17058=IFCINDEXEDPOLYGONALFACE((23,21,91,92));
#17059=IFCINDEXEDPOLYGONALFACE((25,23,92,93));
#17060=IFCINDEXEDPOLYGONALFACE((27,25,93,94));
#17061=IFCINDEXEDPOLYGONALFACE((30,27,94,95));
#17062=IFCINDEXEDPOLYGONALFACE((32,30,95,96));
#17063=IFCINDEXEDPOLYGONALFACE((34,32,96,97));
#17064=IFCINDEXEDPOLYGONALFACE((36,34,97,98));
#17065=IFCINDEXEDPOLYGONALFACE((37,36,98,99));
#17066=IFCINDEXEDPOLYGONALFACE((41,37,99,100));
#17067=IFCINDEXEDPOLYGONALFACE((2,41,100,82));
#17068=IFCINDEXEDPOLYGONALFACE((109,110,111,112,113,114,115,116,117,118,119,120,102,101,103,104,105,106,107,108));
#17069=IFCINDEXEDPOLYGONALFACE((36,37,119,118));
#17070=IFCINDEXEDPOLYGONALFACE((21,23,112,111));
#17071=IFCINDEXEDPOLYGONALFACE((7,10,105,104));
#17072=IFCINDEXEDPOLYGONALFACE((37,41,120,119));
#17073=IFCINDEXEDPOLYGONALFACE((23,25,113,112));
#17074=IFCINDEXEDPOLYGONALFACE((10,12,106,105));
#17075=IFCINDEXEDPOLYGONALFACE((41,2,102,120));
#17076=IFCINDEXEDPOLYGONALFACE((25,27,114,113));
#17077=IFCINDEXEDPOLYGONALFACE((12,14,107,106));
#17078=IFCINDEXEDPOLYGONALFACE((27,30,115,114));
#17079=IFCINDEXEDPOLYGONALFACE((14,16,108,107));
#17080=IFCINDEXEDPOLYGONALFACE((30,32,116,115));
#17081=IFCINDEXEDPOLYGONALFACE((16,17,109,108));
#17082=IFCINDEXEDPOLYGONALFACE((2,1,101,102));
#17083=IFCINDEXEDPOLYGONALFACE((32,34,117,116));
#17084=IFCINDEXEDPOLYGONALFACE((17,19,110,109));
#17085=IFCINDEXEDPOLYGONALFACE((1,5,103,101));
#17086=IFCINDEXEDPOLYGONALFACE((34,36,118,117));
#17087=IFCINDEXEDPOLYGONALFACE((19,21,111,110));
#17088=IFCINDEXEDPOLYGONALFACE((138,126,146,158));
#17089=IFCINDEXEDPOLYGONALFACE((43,60,140,123));
#17090=IFCINDEXEDPOLYGONALFACE((40,49,129,122));
#17091=IFCINDEXEDPOLYGONALFACE((49,50,130,129));
#17092=IFCINDEXEDPOLYGONALFACE((55,59,139,135));
#17093=IFCINDEXEDPOLYGONALFACE((45,52,132,125));
#17094=IFCINDEXEDPOLYGONALFACE((52,51,131,132));
#17095=IFCINDEXEDPOLYGONALFACE((47,54,134,127));
#17096=IFCINDEXEDPOLYGONALFACE((54,53,133,134));
#17097=IFCINDEXEDPOLYGONALFACE((60,56,136,140));
#17098=IFCINDEXEDPOLYGONALFACE((56,55,135,136));
#17099=IFCINDEXEDPOLYGONALFACE((39,40,122,121));
#17100=IFCINDEXEDPOLYGONALFACE((50,44,124,130));
#17101=IFCINDEXEDPOLYGONALFACE((57,39,121,137));
#17102=IFCINDEXEDPOLYGONALFACE((44,43,123,124));
#17103=IFCINDEXEDPOLYGONALFACE((51,57,137,131));
#17104=IFCINDEXEDPOLYGONALFACE((58,46,126,138));
#17105=IFCINDEXEDPOLYGONALFACE((46,45,125,126));
#17106=IFCINDEXEDPOLYGONALFACE((53,58,138,133));
#17107=IFCINDEXEDPOLYGONALFACE((59,48,128,139));
#17108=IFCINDEXEDPOLYGONALFACE((154,153,173,174));
#17109=IFCINDEXEDPOLYGONALFACE((126,125,145,146));
#17110=IFCINDEXEDPOLYGONALFACE((133,138,158,153));
#17111=IFCINDEXEDPOLYGONALFACE((139,128,148,159));
#17112=IFCINDEXEDPOLYGONALFACE((128,127,147,148));
#17113=IFCINDEXEDPOLYGONALFACE((123,140,160,143));
#17114=IFCINDEXEDPOLYGONALFACE((122,129,149,142));
#17115=IFCINDEXEDPOLYGONALFACE((129,130,150,149));
#17116=IFCINDEXEDPOLYGONALFACE((135,139,159,155));
#17117=IFCINDEXEDPOLYGONALFACE((125,132,152,145));
#17118=IFCINDEXEDPOLYGONALFACE((132,131,151,152));
#17119=IFCINDEXEDPOLYGONALFACE((127,134,154,147));
#17120=IFCINDEXEDPOLYGONALFACE((134,133,153,154));
#17121=IFCINDEXEDPOLYGONALFACE((140,136,156,160));
#17122=IFCINDEXEDPOLYGONALFACE((136,135,155,156));
#17123=IFCINDEXEDPOLYGONALFACE((121,122,142,141));
#17124=IFCINDEXEDPOLYGONALFACE((130,124,144,150));
#17125=IFCINDEXEDPOLYGONALFACE((137,121,141,157));
#17126=IFCINDEXEDPOLYGONALFACE((124,123,143,144));
#17127=IFCINDEXEDPOLYGONALFACE((131,137,157,151));
#17128=IFCINDEXEDPOLYGONALFACE((168,167,187,188));
#17129=IFCINDEXEDPOLYGONALFACE((160,156,176,180));
#17130=IFCINDEXEDPOLYGONALFACE((156,155,175,176));
#17131=IFCINDEXEDPOLYGONALFACE((141,142,162,161));
#17132=IFCINDEXEDPOLYGONALFACE((150,144,164,170));
#17133=IFCINDEXEDPOLYGONALFACE((157,141,161,177));
#17134=IFCINDEXEDPOLYGONALFACE((144,143,163,164));
#17135=IFCINDEXEDPOLYGONALFACE((151,157,177,171));
#17136=IFCINDEXEDPOLYGONALFACE((158,146,166,178));
#17137=IFCINDEXEDPOLYGONALFACE((146,145,165,166));
#17138=IFCINDEXEDPOLYGONALFACE((153,158,178,173));
#17139=IFCINDEXEDPOLYGONALFACE((159,148,168,179));
#17140=IFCINDEXEDPOLYGONALFACE((148,147,167,168));
#17141=IFCINDEXEDPOLYGONALFACE((143,160,180,163));
#17142=IFCINDEXEDPOLYGONALFACE((142,149,169,162));
#17143=IFCINDEXEDPOLYGONALFACE((149,150,170,169));
#17144=IFCINDEXEDPOLYGONALFACE((155,159,179,175));
#17145=IFCINDEXEDPOLYGONALFACE((145,152,172,165));
#17146=IFCINDEXEDPOLYGONALFACE((152,151,171,172));
#17147=IFCINDEXEDPOLYGONALFACE((147,154,174,167));
#17148=IFCINDEXEDPOLYGONALFACE((181,182,202,201));
#17149=IFCINDEXEDPOLYGONALFACE((163,180,200,183));
#17150=IFCINDEXEDPOLYGONALFACE((162,169,189,182));
#17151=IFCINDEXEDPOLYGONALFACE((169,170,190,189));
#17152=IFCINDEXEDPOLYGONALFACE((175,179,199,195));
#17153=IFCINDEXEDPOLYGONALFACE((165,172,192,185));
#17154=IFCINDEXEDPOLYGONALFACE((172,171,191,192));
#17155=IFCINDEXEDPOLYGONALFACE((167,174,194,187));
#17156=IFCINDEXEDPOLYGONALFACE((174,173,193,194));
#17157=IFCINDEXEDPOLYGONALFACE((180,176,196,200));
#17158=IFCINDEXEDPOLYGONALFACE((176,175,195,196));
#17159=IFCINDEXEDPOLYGONALFACE((161,162,182,181));
#17160=IFCINDEXEDPOLYGONALFACE((170,164,184,190));
#17161=IFCINDEXEDPOLYGONALFACE((177,161,181,197));
#17162=IFCINDEXEDPOLYGONALFACE((164,163,183,184));
#17163=IFCINDEXEDPOLYGONALFACE((171,177,197,191));
#17164=IFCINDEXEDPOLYGONALFACE((178,166,186,198));
#17165=IFCINDEXEDPOLYGONALFACE((166,165,185,186));
#17166=IFCINDEXEDPOLYGONALFACE((173,178,198,193));
#17167=IFCINDEXEDPOLYGONALFACE((179,168,188,199));
#17168=IFCINDEXEDPOLYGONALFACE((215,219,239,235));
#17169=IFCINDEXEDPOLYGONALFACE((190,184,204,210));
#17170=IFCINDEXEDPOLYGONALFACE((197,181,201,217));
#17171=IFCINDEXEDPOLYGONALFACE((184,183,203,204));
#17172=IFCINDEXEDPOLYGONALFACE((191,197,217,211));
#17173=IFCINDEXEDPOLYGONALFACE((198,186,206,218));
#17174=IFCINDEXEDPOLYGONALFACE((186,185,205,206));
#17175=IFCINDEXEDPOLYGONALFACE((193,198,218,213));
#17176=IFCINDEXEDPOLYGONALFACE((199,188,208,219));
#17177=IFCINDEXEDPOLYGONALFACE((188,187,207,208));
#17178=IFCINDEXEDPOLYGONALFACE((183,200,220,203));
#17179=IFCINDEXEDPOLYGONALFACE((182,189,209,202));
#17180=IFCINDEXEDPOLYGONALFACE((189,190,210,209));
#17181=IFCINDEXEDPOLYGONALFACE((195,199,219,215));
#17182=IFCINDEXEDPOLYGONALFACE((185,192,212,205));
#17183=IFCINDEXEDPOLYGONALFACE((192,191,211,212));
#17184=IFCINDEXEDPOLYGONALFACE((187,194,214,207));
#17185=IFCINDEXEDPOLYGONALFACE((194,193,213,214));
#17186=IFCINDEXEDPOLYGONALFACE((200,196,216,220));
#17187=IFCINDEXEDPOLYGONALFACE((196,195,215,216));
#17188=IFCINDEXEDPOLYGONALFACE((231,237,257,251));
#17189=IFCINDEXEDPOLYGONALFACE((205,212,232,225));
#17190=IFCINDEXEDPOLYGONALFACE((212,211,231,232));
#17191=IFCINDEXEDPOLYGONALFACE((207,214,234,227));
#17192=IFCINDEXEDPOLYGONALFACE((214,213,233,234));
#17193=IFCINDEXEDPOLYGONALFACE((220,216,236,240));
#17194=IFCINDEXEDPOLYGONALFACE((216,215,235,236));
#17195=IFCINDEXEDPOLYGONALFACE((201,202,222,221));
#17196=IFCINDEXEDPOLYGONALFACE((210,204,224,230));
#17197=IFCINDEXEDPOLYGONALFACE((217,201,221,237));
#17198=IFCINDEXEDPOLYGONALFACE((204,203,223,224));
#17199=IFCINDEXEDPOLYGONALFACE((211,217,237,231));
#17200=IFCINDEXEDPOLYGONALFACE((218,206,226,238));
#17201=IFCINDEXEDPOLYGONALFACE((206,205,225,226));
#17202=IFCINDEXEDPOLYGONALFACE((213,218,238,233));
#17203=IFCINDEXEDPOLYGONALFACE((219,208,228,239));
#17204=IFCINDEXEDPOLYGONALFACE((208,207,227,228));
#17205=IFCINDEXEDPOLYGONALFACE((203,220,240,223));
#17206=IFCINDEXEDPOLYGONALFACE((202,209,229,222));
#17207=IFCINDEXEDPOLYGONALFACE((209,210,230,229));
#17208=IFCINDEXEDPOLYGONALFACE((247,254,274,267));
#17209=IFCINDEXEDPOLYGONALFACE((238,226,246,258));
#17210=IFCINDEXEDPOLYGONALFACE((226,225,245,246));
#17211=IFCINDEXEDPOLYGONALFACE((233,238,258,253));
#17212=IFCINDEXEDPOLYGONALFACE((239,228,248,259));
#17213=IFCINDEXEDPOLYGONALFACE((228,227,247,248));
#17214=IFCINDEXEDPOLYGONALFACE((223,240,260,243));
#17215=IFCINDEXEDPOLYGONALFACE((222,229,249,242));
#17216=IFCINDEXEDPOLYGONALFACE((229,230,250,249));
#17217=IFCINDEXEDPOLYGONALFACE((235,239,259,255));
#17218=IFCINDEXEDPOLYGONALFACE((225,232,252,245));
#17219=IFCINDEXEDPOLYGONALFACE((232,231,251,252));
#17220=IFCINDEXEDPOLYGONALFACE((227,234,254,247));
#17221=IFCINDEXEDPOLYGONALFACE((234,233,253,254));
#17222=IFCINDEXEDPOLYGONALFACE((240,236,256,260));
#17223=IFCINDEXEDPOLYGONALFACE((236,235,255,256));
#17224=IFCINDEXEDPOLYGONALFACE((221,222,242,241));
#17225=IFCINDEXEDPOLYGONALFACE((230,224,244,250));
#17226=IFCINDEXEDPOLYGONALFACE((237,221,241,257));
#17227=IFCINDEXEDPOLYGONALFACE((224,223,243,244));
#17228=IFCINDEXEDPOLYGONALFACE((279,268,288,299));
#17229=IFCINDEXEDPOLYGONALFACE((254,253,273,274));
#17230=IFCINDEXEDPOLYGONALFACE((260,256,276,280));
#17231=IFCINDEXEDPOLYGONALFACE((256,255,275,276));
#17232=IFCINDEXEDPOLYGONALFACE((241,242,262,261));
#17233=IFCINDEXEDPOLYGONALFACE((250,244,264,270));
#17234=IFCINDEXEDPOLYGONALFACE((257,241,261,277));
#17235=IFCINDEXEDPOLYGONALFACE((244,243,263,264));
#17236=IFCINDEXEDPOLYGONALFACE((251,257,277,271));
#17237=IFCINDEXEDPOLYGONALFACE((258,246,266,278));
#17238=IFCINDEXEDPOLYGONALFACE((246,245,265,266));
#17239=IFCINDEXEDPOLYGONALFACE((253,258,278,273));
#17240=IFCINDEXEDPOLYGONALFACE((259,248,268,279));
#17241=IFCINDEXEDPOLYGONALFACE((248,247,267,268));
#17242=IFCINDEXEDPOLYGONALFACE((243,260,280,263));
#17243=IFCINDEXEDPOLYGONALFACE((242,249,269,262));
#17244=IFCINDEXEDPOLYGONALFACE((249,250,270,269));
#17245=IFCINDEXEDPOLYGONALFACE((255,259,279,275));
#17246=IFCINDEXEDPOLYGONALFACE((245,252,272,265));
#17247=IFCINDEXEDPOLYGONALFACE((252,251,271,272));
#17248=IFCINDEXEDPOLYGONALFACE((296,295,315,316));
#17249=IFCINDEXEDPOLYGONALFACE((268,267,287,288));
#17250=IFCINDEXEDPOLYGONALFACE((263,280,300,283));
#17251=IFCINDEXEDPOLYGONALFACE((262,269,289,282));
#17252=IFCINDEXEDPOLYGONALFACE((269,270,290,289));
#17253=IFCINDEXEDPOLYGONALFACE((275,279,299,295));
#17254=IFCINDEXEDPOLYGONALFACE((265,272,292,285));
#17255=IFCINDEXEDPOLYGONALFACE((272,271,291,292));
#17256=IFCINDEXEDPOLYGONALFACE((267,274,294,287));
#17257=IFCINDEXEDPOLYGONALFACE((274,273,293,294));
#17258=IFCINDEXEDPOLYGONALFACE((280,276,296,300));
#17259=IFCINDEXEDPOLYGONALFACE((276,275,295,296));
#17260=IFCINDEXEDPOLYGONALFACE((261,262,282,281));
#17261=IFCINDEXEDPOLYGONALFACE((270,264,284,290));
#17262=IFCINDEXEDPOLYGONALFACE((277,261,281,297));
#17263=IFCINDEXEDPOLYGONALFACE((264,263,283,284));
#17264=IFCINDEXEDPOLYGONALFACE((271,277,297,291));
#17265=IFCINDEXEDPOLYGONALFACE((278,266,286,298));
#17266=IFCINDEXEDPOLYGONALFACE((266,265,285,286));
#17267=IFCINDEXEDPOLYGONALFACE((273,278,298,293));
#17268=IFCINDEXEDPOLYGONALFACE((309,310,330,329));
#17269=IFCINDEXEDPOLYGONALFACE((281,282,302,301));
#17270=IFCINDEXEDPOLYGONALFACE((290,284,304,310));
#17271=IFCINDEXEDPOLYGONALFACE((297,281,301,317));
#17272=IFCINDEXEDPOLYGONALFACE((284,283,303,304));
#17273=IFCINDEXEDPOLYGONALFACE((291,297,317,311));
#17274=IFCINDEXEDPOLYGONALFACE((298,286,306,318));
#17275=IFCINDEXEDPOLYGONALFACE((286,285,305,306));
#17276=IFCINDEXEDPOLYGONALFACE((293,298,318,313));
#17277=IFCINDEXEDPOLYGONALFACE((299,288,308,319));
#17278=IFCINDEXEDPOLYGONALFACE((288,287,307,308));
#17279=IFCINDEXEDPOLYGONALFACE((283,300,320,303));
#17280=IFCINDEXEDPOLYGONALFACE((282,289,309,302));
#17281=IFCINDEXEDPOLYGONALFACE((289,290,310,309));
#17282=IFCINDEXEDPOLYGONALFACE((295,299,319,315));
#17283=IFCINDEXEDPOLYGONALFACE((285,292,312,305));
#17284=IFCINDEXEDPOLYGONALFACE((292,291,311,312));
#17285=IFCINDEXEDPOLYGONALFACE((287,294,314,307));
#17286=IFCINDEXEDPOLYGONALFACE((294,293,313,314));
#17287=IFCINDEXEDPOLYGONALFACE((300,296,316,320));
#17288=IFCINDEXEDPOLYGONALFACE((324,323,343,344));
#17289=IFCINDEXEDPOLYGONALFACE((315,319,339,335));
#17290=IFCINDEXEDPOLYGONALFACE((305,312,332,325));
#17291=IFCINDEXEDPOLYGONALFACE((312,311,331,332));
#17292=IFCINDEXEDPOLYGONALFACE((307,314,334,327));
#17293=IFCINDEXEDPOLYGONALFACE((314,313,333,334));
#17294=IFCINDEXEDPOLYGONALFACE((320,316,336,340));
#17295=IFCINDEXEDPOLYGONALFACE((316,315,335,336));
#17296=IFCINDEXEDPOLYGONALFACE((301,302,322,321));
#17297=IFCINDEXEDPOLYGONALFACE((310,304,324,330));
#17298=IFCINDEXEDPOLYGONALFACE((317,301,321,337));
#17299=IFCINDEXEDPOLYGONALFACE((304,303,323,324));
#17300=IFCINDEXEDPOLYGONALFACE((311,317,337,331));
#17301=IFCINDEXEDPOLYGONALFACE((318,306,326,338));
#17302=IFCINDEXEDPOLYGONALFACE((306,305,325,326));
#17303=IFCINDEXEDPOLYGONALFACE((313,318,338,333));
#17304=IFCINDEXEDPOLYGONALFACE((319,308,328,339));
#17305=IFCINDEXEDPOLYGONALFACE((308,307,327,328));
#17306=IFCINDEXEDPOLYGONALFACE((303,320,340,323));
#17307=IFCINDEXEDPOLYGONALFACE((302,309,329,322));
#17308=IFCINDEXEDPOLYGONALFACE((347,354,374,367));
#17309=IFCINDEXEDPOLYGONALFACE((331,337,357,351));
#17310=IFCINDEXEDPOLYGONALFACE((338,326,346,358));
#17311=IFCINDEXEDPOLYGONALFACE((326,325,345,346));
#17312=IFCINDEXEDPOLYGONALFACE((333,338,358,353));
#17313=IFCINDEXEDPOLYGONALFACE((339,328,348,359));
#17314=IFCINDEXEDPOLYGONALFACE((328,327,347,348));
#17315=IFCINDEXEDPOLYGONALFACE((323,340,360,343));
#17316=IFCINDEXEDPOLYGONALFACE((322,329,349,342));
#17317=IFCINDEXEDPOLYGONALFACE((329,330,350,349));
#17318=IFCINDEXEDPOLYGONALFACE((335,339,359,355));
#17319=IFCINDEXEDPOLYGONALFACE((325,332,352,345));
#17320=IFCINDEXEDPOLYGONALFACE((332,331,351,352));
#17321=IFCINDEXEDPOLYGONALFACE((327,334,354,347));
#17322=IFCINDEXEDPOLYGONALFACE((334,333,353,354));
#17323=IFCINDEXEDPOLYGONALFACE((340,336,356,360));
#17324=IFCINDEXEDPOLYGONALFACE((336,335,355,356));
#17325=IFCINDEXEDPOLYGONALFACE((321,322,342,341));
#17326=IFCINDEXEDPOLYGONALFACE((330,324,344,350));
#17327=IFCINDEXEDPOLYGONALFACE((337,321,341,357));
#17328=IFCINDEXEDPOLYGONALFACE((362,369,370,364,363,380,376,375,379,368,367,374,373,378,366,365,372,371,377,361));
#17329=IFCINDEXEDPOLYGONALFACE((354,353,373,374));
#17330=IFCINDEXEDPOLYGONALFACE((360,356,376,380));
#17331=IFCINDEXEDPOLYGONALFACE((356,355,375,376));
#17332=IFCINDEXEDPOLYGONALFACE((341,342,362,361));
#17333=IFCINDEXEDPOLYGONALFACE((350,344,364,370));
#17334=IFCINDEXEDPOLYGONALFACE((357,341,361,377));
#17335=IFCINDEXEDPOLYGONALFACE((344,343,363,364));
#17336=IFCINDEXEDPOLYGONALFACE((351,357,377,371));
#17337=IFCINDEXEDPOLYGONALFACE((358,346,366,378));
#17338=IFCINDEXEDPOLYGONALFACE((346,345,365,366));
#17339=IFCINDEXEDPOLYGONALFACE((353,358,378,373));
#17340=IFCINDEXEDPOLYGONALFACE((359,348,368,379));
#17341=IFCINDEXEDPOLYGONALFACE((348,347,367,368));
#17342=IFCINDEXEDPOLYGONALFACE((343,360,380,363));
#17343=IFCINDEXEDPOLYGONALFACE((342,349,369,362));
#17344=IFCINDEXEDPOLYGONALFACE((349,350,370,369));
#17345=IFCINDEXEDPOLYGONALFACE((355,359,379,375));
#17346=IFCINDEXEDPOLYGONALFACE((345,352,372,365));
#17347=IFCINDEXEDPOLYGONALFACE((352,351,371,372));
#17348=IFCPOLYGONALFACESET(#16945,$,(#16946,#16947,#16948,#16949,#16950,#16951,#16952,#16953,#16954,#16955,#16956,#16957,#16958,#16959,#16960,#16961,#16962,#16963,#16964,#16965,#16966,#16967,#16968,#16969,#16970,#16971,#16972,#16973,#16974,#16975,#16976,#16977,#16978,#16979,#16980,#16981,#16982,#16983,#16984,#16985,#16986,#16987,#16988,#16989,#16990,#16991,#16992,#16993,#16994,#16995,#16996,#16997,#16998,#16999,#17000,#17001,#17002,#17003,#17004,#17005,#17006,#17007,#17008,#17009,#17010,#17011,#17012,#17013,#17014,#17015,#17016,#17017,#17018,#17019,#17020,#17021,#17022,#17023,#17024,#17025,#17026,#17027,#17028,#17029,#17030,#17031,#17032,#17033,#17034,#17035,#17036,#17037,#17038,#17039,#17040,#17041,#17042,#17043,#17044,#17045,#17046,#17047,#17048,#17049,#17050,#17051,#17052,#17053,#17054,#17055,#17056,#17057,#17058,#17059,#17060,#17061,#17062,#17063,#17064,#17065,#17066,#17067,#17068,#17069,#17070,#17071,#17072,#17073,#17074,#17075,#17076,#17077,#17078,#17079,#17080,#17081,#17082,#17083,#17084,#17085,#17086,#17087,#17088,#17089,#17090,#17091,#17092,#17093,#17094,#17095,#17096,#17097,#17098,#17099,#17100,#17101,#17102,#17103,#17104,#17105,#17106,#17107,#17108,#17109,#17110,#17111,#17112,#17113,#17114,#17115,#17116,#17117,#17118,#17119,#17120,#17121,#17122,#17123,#17124,#17125,#17126,#17127,#17128,#17129,#17130,#17131,#17132,#17133,#17134,#17135,#17136,#17137,#17138,#17139,#17140,#17141,#17142,#17143,#17144,#17145,#17146,#17147,#17148,#17149,#17150,#17151,#17152,#17153,#17154,#17155,#17156,#17157,#17158,#17159,#17160,#17161,#17162,#17163,#17164,#17165,#17166,#17167,#17168,#17169,#17170,#17171,#17172,#17173,#17174,#17175,#17176,#17177,#17178,#17179,#17180,#17181,#17182,#17183,#17184,#17185,#17186,#17187,#17188,#17189,#17190,#17191,#17192,#17193,#17194,#17195,#17196,#17197,#17198,#17199,#17200,#17201,#17202,#17203,#17204,#17205,#17206,#17207,#17208,#17209,#17210,#17211,#17212,#17213,#17214,#17215,#17216,#17217,#17218,#17219,#17220,#17221,#17222,#17223,#17224,#17225,#17226,#17227,#17228,#17229,#17230,#17231,#17232,#17233,#17234,#17235,#17236,#17237,#17238,#17239,#17240,#17241,#17242,#17243,#17244,#17245,#17246,#17247,#17248,#17249,#17250,#17251,#17252,#17253,#17254,#17255,#17256,#17257,#17258,#17259,#17260,#17261,#17262,#17263,#17264,#17265,#17266,#17267,#17268,#17269,#17270,#17271,#17272,#17273,#17274,#17275,#17276,#17277,#17278,#17279,#17280,#17281,#17282,#17283,#17284,#17285,#17286,#17287,#17288,#17289,#17290,#17291,#17292,#17293,#17294,#17295,#17296,#17297,#17298,#17299,#17300,#17301,#17302,#17303,#17304,#17305,#17306,#17307,#17308,#17309,#17310,#17311,#17312,#17313,#17314,#17315,#17316,#17317,#17318,#17319,#17320,#17321,#17322,#17323,#17324,#17325,#17326,#17327,#17328,#17329,#17330,#17331,#17332,#17333,#17334,#17335,#17336,#17337,#17338,#17339,#17340,#17341,#17342,#17343,#17344,#17345,#17346,#17347),$);
#17349=IFCCARTESIANPOINTLIST3D(((0.050134863704442978,0.00030056209652684629,0.046792957931756973),(0.050714652985334396,5.1385723054409027E-06,0.078691683709621429),(0.050134856253862381,0.00030056209652684629,0.078691683709621429),(0.049492146819829941,0.00040235789492726326,0.046792957931756973),(0.050714660435914993,5.1385723054409027E-06,0.046792957931756973),(0.051174797117710114,-0.00045499458792619407,0.046792957931756973),(0.051174797117710114,-0.00045499458792619407,0.078691683709621429),(0.051470216363668442,-0.0010347958886995912,0.078691683709621429),(0.05147022008895874,-0.0010347958886995912,0.046792957931756973),(0.051572013646364212,-0.0016775106778368354,0.078691683709621429),(0.051470216363668442,-0.0023202255833894014,0.078691683709621429),(0.050714652985334396,-0.003360159695148468,0.078691683709621429),(0.051174797117710114,-0.0029000269714742899,0.078691683709621429),(0.050714660435914993,-0.003360159695148468,0.046792957931756973),(0.049492143094539642,-0.003757379250600934,0.078691683709621429),(0.04780949279665947,-0.0029000269714742899,0.078691683709621429),(0.047514069825410843,-0.0023202255833894014,0.078691683709621429),(0.047514069825410843,-0.0010347958886995912,0.078691683709621429),(0.050134863704442978,-0.0036555833648890257,0.046792957931756973),(0.050134856253862381,-0.0036555833648890257,0.078691683709621429),(0.049492146819829941,-0.003757379250600934,0.046792957931756973),(0.048849429935216904,-0.0036555833648890257,0.046792957931756973),(0.04826962947845459,-0.003360159695148468,0.046792957931756973),(0.048849426209926605,-0.0036555833648890257,0.078691683709621429),(0.048269625753164291,-0.003360159695148468,0.078691683709621429),(0.047809496521949768,-0.0029000269714742899,0.046792957931756973),(0.047514073550701141,-0.0023202255833894014,0.046792957931756973),(0.047412276268005371,-0.0016775106778368354,0.046792957931756973),(0.047412272542715073,-0.0016775106778368354,0.078691683709621429),(0.047514073550701141,-0.0010347958886995912,0.046792957931756973),(0.04780949279665947,-0.00045499458792619407,0.078691683709621429),(0.047809496521949768,-0.00045499458792619407,0.046792957931756973),(0.048269625753164291,5.1385723054409027E-06,0.078691683709621429),(0.04826962947845459,5.1385723054409027E-06,0.046792957931756973),(0.048849429935216904,0.00030056209652684629,0.046792957931756973),(0.048849426209926605,0.00030056209652684629,0.078691683709621429),(0.049492143094539642,0.00040235789492726326,0.078691683709621429),(0.051174797117710114,-0.0029000269714742899,0.046792957931756973),(0.05147022008895874,-0.0023202255833894014,0.046792957931756973),(0.051572013646364212,-0.0016775106778368354,0.046792957931756973)),$);
#17350=IFCINDEXEDPOLYGONALFACE((5,1,2));
#17351=IFCINDEXEDPOLYGONALFACE((1,3,2));
#17352=IFCINDEXEDPOLYGONALFACE((1,4,3));
#17353=IFCINDEXEDPOLYGONALFACE((5,2,7));
#17354=IFCINDEXEDPOLYGONALFACE((6,5,7));
#17355=IFCINDEXEDPOLYGONALFACE((7,8,6));
#17356=IFCINDEXEDPOLYGONALFACE((7,2,8));
#17357=IFCINDEXEDPOLYGONALFACE((8,9,6));
#17358=IFCINDEXEDPOLYGONALFACE((8,10,9));
#17359=IFCINDEXEDPOLYGONALFACE((8,11,10));
#17360=IFCINDEXEDPOLYGONALFACE((8,12,11));
#17361=IFCINDEXEDPOLYGONALFACE((2,12,8));
#17362=IFCINDEXEDPOLYGONALFACE((11,12,13));
#17363=IFCINDEXEDPOLYGONALFACE((14,13,12));
#17364=IFCINDEXEDPOLYGONALFACE((19,14,12));
#17365=IFCINDEXEDPOLYGONALFACE((12,15,20));
#17366=IFCINDEXEDPOLYGONALFACE((12,16,15));
#17367=IFCINDEXEDPOLYGONALFACE((12,17,16));
#17368=IFCINDEXEDPOLYGONALFACE((12,18,17));
#17369=IFCINDEXEDPOLYGONALFACE((2,18,12));
#17370=IFCINDEXEDPOLYGONALFACE((19,12,20));
#17371=IFCINDEXEDPOLYGONALFACE((21,19,20));
#17372=IFCINDEXEDPOLYGONALFACE((21,20,15));
#17373=IFCINDEXEDPOLYGONALFACE((22,21,15));
#17374=IFCINDEXEDPOLYGONALFACE((22,15,24));
#17375=IFCINDEXEDPOLYGONALFACE((23,22,24));
#17376=IFCINDEXEDPOLYGONALFACE((23,24,25));
#17377=IFCINDEXEDPOLYGONALFACE((15,16,24));
#17378=IFCINDEXEDPOLYGONALFACE((24,16,25));
#17379=IFCINDEXEDPOLYGONALFACE((26,23,25));
#17380=IFCINDEXEDPOLYGONALFACE((26,25,16));
#17381=IFCINDEXEDPOLYGONALFACE((16,27,26));
#17382=IFCINDEXEDPOLYGONALFACE((16,17,27));
#17383=IFCINDEXEDPOLYGONALFACE((17,28,27));
#17384=IFCINDEXEDPOLYGONALFACE((17,29,28));
#17385=IFCINDEXEDPOLYGONALFACE((29,18,28));
#17386=IFCINDEXEDPOLYGONALFACE((18,30,28));
#17387=IFCINDEXEDPOLYGONALFACE((18,31,30));
#17388=IFCINDEXEDPOLYGONALFACE((31,32,30));
#17389=IFCINDEXEDPOLYGONALFACE((31,33,32));
#17390=IFCINDEXEDPOLYGONALFACE((33,34,32));
#17391=IFCINDEXEDPOLYGONALFACE((34,33,36));
#17392=IFCINDEXEDPOLYGONALFACE((35,34,36));
#17393=IFCINDEXEDPOLYGONALFACE((35,36,37));
#17394=IFCINDEXEDPOLYGONALFACE((37,36,33));
#17395=IFCINDEXEDPOLYGONALFACE((4,37,3));
#17396=IFCINDEXEDPOLYGONALFACE((4,35,37));
#17397=IFCINDEXEDPOLYGONALFACE((2,3,37));
#17398=IFCINDEXEDPOLYGONALFACE((2,37,31));
#17399=IFCINDEXEDPOLYGONALFACE((37,33,31));
#17400=IFCINDEXEDPOLYGONALFACE((2,31,18));
#17401=IFCINDEXEDPOLYGONALFACE((18,29,17));
#17402=IFCINDEXEDPOLYGONALFACE((14,38,13));
#17403=IFCINDEXEDPOLYGONALFACE((11,13,38));
#17404=IFCINDEXEDPOLYGONALFACE((11,38,39));
#17405=IFCINDEXEDPOLYGONALFACE((10,11,39));
#17406=IFCINDEXEDPOLYGONALFACE((10,39,40));
#17407=IFCINDEXEDPOLYGONALFACE((10,40,9));
#17408=IFCPOLYGONALFACESET(#17349,$,(#17350,#17351,#17352,#17353,#17354,#17355,#17356,#17357,#17358,#17359,#17360,#17361,#17362,#17363,#17364,#17365,#17366,#17367,#17368,#17369,#17370,#17371,#17372,#17373,#17374,#17375,#17376,#17377,#17378,#17379,#17380,#17381,#17382,#17383,#17384,#17385,#17386,#17387,#17388,#17389,#17390,#17391,#17392,#17393,#17394,#17395,#17396,#17397,#17398,#17399,#17400,#17401,#17402,#17403,#17404,#17405,#17406,#17407),$);
#17409=IFCCARTESIANPOINTLIST3D(((0.053693424910306931,0.011192083358764648,0.040103308856487274),(0.0081428233534097672,0.010635054670274258,0.036586355417966843),(0.053693424910306931,0.010635054670274258,0.036586355417966843),(0.0081428233534097672,0.011192083358764648,0.040103308856487274),(0.053693424910306931,-0.00018901545263361186,0.051484402269124985),(0.053693424910306931,-0.00018901545263361186,0.028722211718559265),(0.053693424910306931,0.0033279377967119217,0.029279241338372231),(0.053693424910306931,0.010635054670274258,0.043620262295007706),(0.053693424910306931,0.0065006273798644543,0.049310814589262009),(0.053693424910306931,0.0090184882283210754,0.046792950481176376),(0.0081428233534097672,0.010635054670274258,0.043620262295007706),(0.0081428233534097672,0.0090184882283210754,0.046792950481176376),(0.0081428205594420433,0.0065006273798644543,0.049310814589262009),(0.053693424910306931,0.0033279377967119217,0.050927378237247467),(0.0081428205594420433,0.0033279377967119217,0.050927378237247467),(0.0081428205594420433,-0.00018901545263361186,0.051484402269124985),(0.053693424910306931,-0.0037059688474982977,0.050927378237247467),(0.0081428205594420433,-0.0037059688474982977,0.050927378237247467),(0.053693424910306931,-0.0068786586634814739,0.049310814589262009),(0.0081428205594420433,-0.0068786586634814739,0.049310814589262009),(0.0081428233534097672,-0.0093965204432606697,0.046792950481176376),(0.053693424910306931,-0.011013085953891277,0.043620262295007706),(0.0081428233534097672,-0.011013085953891277,0.043620262295007706),(0.053693424910306931,-0.0093965204432606697,0.046792950481176376),(0.053693424910306931,-0.011570115573704243,0.040103308856487274),(0.0081428233534097672,-0.011570115573704243,0.040103308856487274),(0.053693424910306931,-0.011013085953891277,0.036586355417966843),(0.0081428233534097672,-0.011013085953891277,0.036586355417966843),(0.053693424910306931,-0.0093965204432606697,0.033413663506507874),(0.0081428233534097672,-0.0093965204432606697,0.033413663506507874),(0.0081428233534097672,-0.0068786586634814739,0.03089580312371254),(0.053693424910306931,-0.0068786586634814739,0.03089580312371254),(0.053693424910306931,-0.0037059688474982977,0.029279241338372231),(0.0081428233534097672,-0.0037059688474982977,0.029279241338372231),(0.0081428233534097672,-0.00018901545263361186,0.028722211718559265),(0.0081428233534097672,0.0033279377967119217,0.029279241338372231),(0.053693424910306931,0.0065006273798644543,0.03089580312371254),(0.0081428233534097672,0.0065006273798644543,0.03089580312371254),(0.053693424910306931,0.0090184882283210754,0.033413663506507874),(0.0081428233534097672,0.0090184882283210754,0.033413663506507874)),$);
#17410=IFCINDEXEDPOLYGONALFACE((1,2,4));
#17411=IFCINDEXEDPOLYGONALFACE((1,3,2));
#17412=IFCINDEXEDPOLYGONALFACE((1,7,3));
#17413=IFCINDEXEDPOLYGONALFACE((8,1,4));
#17414=IFCINDEXEDPOLYGONALFACE((5,1,8));
#17415=IFCINDEXEDPOLYGONALFACE((5,6,1));
#17416=IFCINDEXEDPOLYGONALFACE((6,7,1));
#17417=IFCINDEXEDPOLYGONALFACE((5,8,9));
#17418=IFCINDEXEDPOLYGONALFACE((9,8,10));
#17419=IFCINDEXEDPOLYGONALFACE((10,8,11));
#17420=IFCINDEXEDPOLYGONALFACE((8,4,11));
#17421=IFCINDEXEDPOLYGONALFACE((10,11,12));
#17422=IFCINDEXEDPOLYGONALFACE((12,9,10));
#17423=IFCINDEXEDPOLYGONALFACE((12,13,9));
#17424=IFCINDEXEDPOLYGONALFACE((13,14,9));
#17425=IFCINDEXEDPOLYGONALFACE((13,15,14));
#17426=IFCINDEXEDPOLYGONALFACE((15,5,14));
#17427=IFCINDEXEDPOLYGONALFACE((15,16,5));
#17428=IFCINDEXEDPOLYGONALFACE((16,17,5));
#17429=IFCINDEXEDPOLYGONALFACE((16,18,17));
#17430=IFCINDEXEDPOLYGONALFACE((18,19,17));
#17431=IFCINDEXEDPOLYGONALFACE((18,20,19));
#17432=IFCINDEXEDPOLYGONALFACE((20,21,19));
#17433=IFCINDEXEDPOLYGONALFACE((22,24,21));
#17434=IFCINDEXEDPOLYGONALFACE((22,21,23));
#17435=IFCINDEXEDPOLYGONALFACE((21,24,19));
#17436=IFCINDEXEDPOLYGONALFACE((24,22,19));
#17437=IFCINDEXEDPOLYGONALFACE((25,22,23));
#17438=IFCINDEXEDPOLYGONALFACE((25,23,26));
#17439=IFCINDEXEDPOLYGONALFACE((27,25,26));
#17440=IFCINDEXEDPOLYGONALFACE((27,26,28));
#17441=IFCINDEXEDPOLYGONALFACE((29,27,28));
#17442=IFCINDEXEDPOLYGONALFACE((29,28,30));
#17443=IFCINDEXEDPOLYGONALFACE((30,31,29));
#17444=IFCINDEXEDPOLYGONALFACE((31,32,29));
#17445=IFCINDEXEDPOLYGONALFACE((31,33,32));
#17446=IFCINDEXEDPOLYGONALFACE((31,34,33));
#17447=IFCINDEXEDPOLYGONALFACE((34,6,33));
#17448=IFCINDEXEDPOLYGONALFACE((34,35,6));
#17449=IFCINDEXEDPOLYGONALFACE((35,7,6));
#17450=IFCINDEXEDPOLYGONALFACE((35,36,7));
#17451=IFCINDEXEDPOLYGONALFACE((36,37,7));
#17452=IFCINDEXEDPOLYGONALFACE((36,38,37));
#17453=IFCINDEXEDPOLYGONALFACE((38,39,37));
#17454=IFCINDEXEDPOLYGONALFACE((38,40,39));
#17455=IFCINDEXEDPOLYGONALFACE((3,39,40));
#17456=IFCINDEXEDPOLYGONALFACE((3,40,2));
#17457=IFCINDEXEDPOLYGONALFACE((7,39,3));
#17458=IFCINDEXEDPOLYGONALFACE((7,37,39));
#17459=IFCINDEXEDPOLYGONALFACE((25,27,33));
#17460=IFCINDEXEDPOLYGONALFACE((25,33,6));
#17461=IFCINDEXEDPOLYGONALFACE((27,29,33));
#17462=IFCINDEXEDPOLYGONALFACE((29,32,33));
#17463=IFCINDEXEDPOLYGONALFACE((22,25,5));
#17464=IFCINDEXEDPOLYGONALFACE((25,6,5));
#17465=IFCINDEXEDPOLYGONALFACE((19,22,5));
#17466=IFCINDEXEDPOLYGONALFACE((19,5,17));
#17467=IFCINDEXEDPOLYGONALFACE((5,9,14));
#17468=IFCPOLYGONALFACESET(#17409,$,(#17410,#17411,#17412,#17413,#17414,#17415,#17416,#17417,#17418,#17419,#17420,#17421,#17422,#17423,#17424,#17425,#17426,#17427,#17428,#17429,#17430,#17431,#17432,#17433,#17434,#17435,#17436,#17437,#17438,#17439,#17440,#17441,#17442,#17443,#17444,#17445,#17446,#17447,#17448,#17449,#17450,#17451,#17452,#17453,#17454,#17455,#17456,#17457,#17458,#17459,#17460,#17461,#17462,#17463,#17464,#17465,#17466,#17467),$);
#17469=IFCSHAPEREPRESENTATION(#11,'Body','Tessellation',(#17348,#17408,#17468));
#17470=IFCREPRESENTATIONMAP(#16938,#17469);
#17471=IFCSANITARYTERMINALTYPE('1CMH$6xcf9JvdEOYrtkAs$',$,'RO_Tap',$,$,$,(#17470),$,'ROTAP',.USERDEFINED.);
#17472=IFCSTYLEDITEM(#17348,(#17476),$);
#17473=IFCCOLOURRGB($,0.80000001192092896,0.80000001192092896,0.80000001192092896);
#17474=IFCCOLOURRGB($,0.21285253763198853,0.21285253763198853,0.21285253763198853);
#17475=IFCSURFACESTYLERENDERING(#17473,0.,#17474,$,$,$,IFCNORMALISEDRATIOMEASURE(1.),IFCSPECULARROUGHNESS(0.5),.PHYSICAL.);
#17476=IFCSURFACESTYLE('Iron.001',.BOTH.,(#17475));
#17477=IFCSTYLEDITEM(#17408,(#17476),$);
#17478=IFCSTYLEDITEM(#17468,(#17476),$);
#17479=IFCCARTESIANPOINT((6.0761451721191406,16.134588241577148,0.85000002384185791));
#17480=IFCDIRECTION((0.,0.,1.));
#17481=IFCDIRECTION((3.1391647326017846E-07,-1.,0.));
#17482=IFCAXIS2PLACEMENT3D(#17479,#17480,#17481);
#17483=IFCLOCALPLACEMENT(#11392,#17482);
#17484=IFCSANITARYTERMINAL('14Jz1vAlb95wqYz4BbCYNe',$,'SanitaryTerminal',$,$,#17518,#17513,$,$);
#17505=IFCRELDEFINESBYTYPE('10dN_22ZXDyAilFOZ0yEc2',$,$,$,(#17484,#17519),#16934);
#17506=IFCCARTESIANPOINT((0.,0.,0.));
#17507=IFCDIRECTION((1.,0.,0.));
#17508=IFCDIRECTION((0.,1.,0.));
#17509=IFCDIRECTION((0.,0.,1.));
#17510=IFCCARTESIANTRANSFORMATIONOPERATOR3D(#17507,#17508,#17506,1.,#17509);
#17511=IFCMAPPEDITEM(#16933,#17510);
#17512=IFCSHAPEREPRESENTATION(#11,'Body','MappedRepresentation',(#17511));
#17513=IFCPRODUCTDEFINITIONSHAPE($,$,(#17512));
#17514=IFCCARTESIANPOINT((6.0430974960327148,15.732881546020508,0.85000002384185791));
#17515=IFCDIRECTION((0.,0.,1.));
#17516=IFCDIRECTION((-0.0085857491940259933,0.99996316432952881,0.));
#17517=IFCAXIS2PLACEMENT3D(#17514,#17515,#17516);
#17518=IFCLOCALPLACEMENT(#11392,#17517);
#17519=IFCSANITARYTERMINAL('35TRbhqHj78RERrFQFfaGy',$,'SanitaryTerminal',$,$,#17835,#17532,$,$);
#17525=IFCCARTESIANPOINT((0.,0.,0.));
#17526=IFCDIRECTION((1.,0.,0.));
#17527=IFCDIRECTION((0.,1.,0.));
#17528=IFCDIRECTION((0.,0.,1.));
#17529=IFCCARTESIANTRANSFORMATIONOPERATOR3D(#17526,#17527,#17525,1.,#17528);
#17530=IFCMAPPEDITEM(#16933,#17529);
#17531=IFCSHAPEREPRESENTATION(#11,'Body','MappedRepresentation',(#17530));
#17532=IFCPRODUCTDEFINITIONSHAPE($,$,(#17531));
#17538=IFCSYSTEMFURNITUREELEMENT('2npNpvGuz0DfLNLqG6oINE',$,'SystemFurnitureElement',$,$,#17568,#17549,$,$);
#17544=IFCRELDEFINESBYPROPERTIES('0tG6tYZ55ESvZE1N0lwida',$,$,$,(#17538),#17545);
#17545=IFCPROPERTYSET('0U8AP$UADASeD5uvSmYUH1',$,'EPset_Parametric',$,(#17546));
#17546=IFCPROPERTYSINGLEVALUE('Engine',$,IFCLABEL('Bonsai.DumbLayer3'),$);
#17547=IFCRELASSOCIATESMATERIAL('3rI5yz43rFkP8h3VPHUDi1',$,$,$,(#17538),#17548);
#17548=IFCMATERIALLAYERSETUSAGE(#10781,.AXIS3.,.POSITIVE.,-0.012000000104308128,$);
#17549=IFCPRODUCTDEFINITIONSHAPE($,$,(#17550));
#17550=IFCSHAPEREPRESENTATION(#11,'Body','SweptSolid',(#17551));
#17551=IFCEXTRUDEDAREASOLID(#17562,#17555,#17559,0.012000000104308128);
#17555=IFCAXIS2PLACEMENT3D(#17556,#17557,#17558);
#17556=IFCCARTESIANPOINT((-0.,-0.,-0.012000000104308128));
#17557=IFCDIRECTION((0.,0.,1.));
#17558=IFCDIRECTION((1.,0.,0.));
#17559=IFCDIRECTION((0.,0.,1.));
#17560=IFCCARTESIANPOINTLIST2D(((-1.8374762535095215,-0.28685757517814636),(0.66252231597900391,-0.28685751557350159),(0.66252231597900391,0.),(-1.8374762535095215,-4.5298627071588271E-08),(-1.8374762535095215,-0.28685757517814636)),$);
#17561=IFCINDEXEDPOLYCURVE(#17560,$,$);
#17562=IFCARBITRARYCLOSEDPROFILEDEF(.AREA.,$,#17561);
#17563=IFCRELCONNECTSELEMENTS('2XMp8uE613swCcbPweITFc',$,$,'TOP',$,#17538,#13095);
#17564=IFCCARTESIANPOINT((6.0020904541015625,16.174629211425781,2.2999999523162842));
#17565=IFCDIRECTION((0.,0.,1.));
#17566=IFCDIRECTION((-4.3711388286737929E-08,1.,0.));
#17567=IFCAXIS2PLACEMENT3D(#17564,#17565,#17566);
#17568=IFCLOCALPLACEMENT(#11392,#17567);
#17569=IFCSYSTEMFURNITUREELEMENT('27bgWj46XFcvJQdoT_dn5u',$,'SystemFurnitureElement',$,$,#17840,#17581,$,$);
#17576=IFCRELASSOCIATESMATERIAL('08OVUxKgnDMwNZLwUNbJYC',$,$,$,(#17569),#17577);
#17577=IFCMATERIALLAYERSETUSAGE(#10781,.AXIS3.,.POSITIVE.,-0.012000000104308128,$);
#17578=IFCRELDEFINESBYPROPERTIES('2ghlRJLWTCZB_6APb2se58',$,$,$,(#17569),#17579);
#17579=IFCPROPERTYSET('3PAlugmpT4mQ$VlgBApAAN',$,'EPset_Parametric',$,(#17580));
#17580=IFCPROPERTYSINGLEVALUE('Engine',$,IFCLABEL('Bonsai.DumbLayer3'),$);
#17581=IFCPRODUCTDEFINITIONSHAPE($,$,(#17582));
#17582=IFCSHAPEREPRESENTATION(#11,'Body','SweptSolid',(#17583));
#17583=IFCEXTRUDEDAREASOLID(#17584,#17587,#17591,0.012000000104308128);
#17584=IFCARBITRARYCLOSEDPROFILEDEF(.AREA.,$,#17585);
#17585=IFCINDEXEDPOLYCURVE(#17586,$,$);
#17586=IFCCARTESIANPOINTLIST2D(((-1.8374762535095215,-0.28685757517814636),(0.66252231597900391,-0.28685751557350159),(0.66252231597900391,0.),(-1.8374762535095215,-4.5298627071588271E-08),(-1.8374762535095215,-0.28685757517814636)),$);
#17587=IFCAXIS2PLACEMENT3D(#17588,#17589,#17590);
#17588=IFCCARTESIANPOINT((-0.,-0.,-0.012000000104308128));
#17589=IFCDIRECTION((0.,0.,1.));
#17590=IFCDIRECTION((1.,0.,0.));
#17591=IFCDIRECTION((0.,0.,1.));
#17592=IFCSYSTEMFURNITUREELEMENT('2QZgkuAEj3XuQ71dknnlAq',$,'SystemFurnitureElement',$,$,#17676,#17604,$,$);
#17599=IFCRELASSOCIATESMATERIAL('1cP00ntODBtu9Xu49iUcv0',$,$,$,(#17592),#17600);
#17600=IFCMATERIALLAYERSETUSAGE(#10470,.AXIS2.,.POSITIVE.,0.,$);
#17601=IFCRELDEFINESBYPROPERTIES('3citvc1Zn1JBFvPD82V6PF',$,$,$,(#17592),#17602);
#17602=IFCPROPERTYSET('3$FK8RQJvCZOM85sOk5Y_h',$,'EPset_Parametric',$,(#17603));
#17603=IFCPROPERTYSINGLEVALUE('Engine',$,IFCLABEL('Bonsai.DumbLayer2'),$);
#17604=IFCPRODUCTDEFINITIONSHAPE($,$,(#17740,#17737));
#17672=IFCCARTESIANPOINT((6.3048925399780273,14.349151611328125,1.5119998455047607));
#17673=IFCDIRECTION((0.,0.,1.));
#17674=IFCDIRECTION((-1.,6.2783294652035693E-07,0.));
#17675=IFCAXIS2PLACEMENT3D(#17672,#17673,#17674);
#17676=IFCLOCALPLACEMENT(#11392,#17675);
#17728=IFCCARTESIANPOINTLIST2D(((0.,0.),(0.,0.012000000104308128),(0.30280202627182007,0.012000000104308128),(0.30280202627182007,0.)),$);
#17729=IFCINDEXEDPOLYCURVE(#17728,(IFCLINEINDEX((1,2,3,4,1))),$);
#17730=IFCARBITRARYCLOSEDPROFILEDEF(.AREA.,$,#17729);
#17731=IFCCARTESIANPOINT((0.,0.,0.));
#17732=IFCDIRECTION((0.,0.,1.));
#17733=IFCDIRECTION((1.,0.,0.));
#17734=IFCAXIS2PLACEMENT3D(#17731,#17732,#17733);
#17735=IFCDIRECTION((0.,0.,1.));
#17736=IFCEXTRUDEDAREASOLID(#17730,#17734,#17735,0.77600002288818359);
#17737=IFCSHAPEREPRESENTATION(#11,'Body','SweptSolid',(#17736));
#17738=IFCCARTESIANPOINTLIST2D(((0.,0.),(0.30280202627182007,2.8283787401051086E-07)),$);
#17739=IFCINDEXEDPOLYCURVE(#17738,$,$);
#17740=IFCSHAPEREPRESENTATION(#23,'Axis','Curve2D',(#17739));
#17744=IFCCARTESIANPOINTLIST2D(((-1.8374772071838379,0.),(0.66252231597900391,0.),(0.66252231597900391,-0.28685751557350159),(-1.8374772071838379,-0.28685751557350159),(-1.8374772071838379,0.)),$);
#17745=IFCINDEXEDPOLYCURVE(#17744,$,$);
#17746=IFCARBITRARYCLOSEDPROFILEDEF(.AREA.,$,#17745);
#17747=IFCSYSTEMFURNITUREELEMENT('1_1aM$_tD6rRKfgC0GtQlM',$,'SystemFurnitureElement',$,$,#17845,#17759,$,$);
#17754=IFCRELASSOCIATESMATERIAL('2kQJqV9OXB5Re_aN2z1BUH',$,$,$,(#17747),#17755);
#17755=IFCMATERIALLAYERSETUSAGE(#10781,.AXIS3.,.POSITIVE.,-0.012000000104308128,$);
#17756=IFCRELDEFINESBYPROPERTIES('1ef2nSUzjABOFbo0Zmq8jN',$,$,$,(#17747),#17757);
#17757=IFCPROPERTYSET('0yvc9e03n6q8aiRw$Yi29i',$,'EPset_Parametric',$,(#17758));
#17758=IFCPROPERTYSINGLEVALUE('Engine',$,IFCLABEL('Bonsai.DumbLayer3'),$);
#17759=IFCPRODUCTDEFINITIONSHAPE($,$,(#17760));
#17760=IFCSHAPEREPRESENTATION(#11,'Body','SweptSolid',(#17761));
#17761=IFCEXTRUDEDAREASOLID(#17775,#17765,#17769,0.012000000104308128);
#17765=IFCAXIS2PLACEMENT3D(#17766,#17767,#17768);
#17766=IFCCARTESIANPOINT((-0.,-0.,-0.012000000104308128));
#17767=IFCDIRECTION((0.,0.,1.));
#17768=IFCDIRECTION((1.,0.,0.));
#17769=IFCDIRECTION((0.,0.,1.));
#17770=IFCRELCONNECTSELEMENTS('0JCJJr_k59d8owfpQT6nhB',$,$,'TOP',$,#17747,#13558);
#17771=IFCRELCONNECTSELEMENTS('3UKSFpiJr1lBYOPNUpse8n',$,$,'TOP',$,#17747,#13845);
#17772=IFCRELCONNECTSELEMENTS('2lehhgEuT66hXfjjU6kdUz',$,$,'TOP',$,#17747,#13175);
#17773=IFCCARTESIANPOINTLIST2D(((0.2488093376159668,1.1221155915563941E-07),(0.66252231597900391,0.),(0.66252231597900391,-0.28685751557350159),(0.2488093376159668,-0.28685742616653442),(0.2488093376159668,1.1221155915563941E-07)),$);
#17774=IFCINDEXEDPOLYCURVE(#17773,$,$);
#17775=IFCARBITRARYCLOSEDPROFILEDEF(.AREA.,$,#17774);
#17776=IFCCARTESIANPOINT((6.103240966796875,13.316614151000977,0.83799999952316284));
#17777=IFCDIRECTION((0.,0.,1.));
#17778=IFCDIRECTION((1.,0.,0.));
#17779=IFCAXIS2PLACEMENT3D(#17776,#17777,#17778);
#17780=IFCLOCALPLACEMENT(#11392,#17779);
#17781=IFCCARTESIANPOINT((6.103240966796875,15.092745780944824,0.83799999952316284));
#17782=IFCDIRECTION((0.,0.,1.));
#17783=IFCDIRECTION((1.,0.,0.));
#17784=IFCAXIS2PLACEMENT3D(#17781,#17782,#17783);
#17785=IFCLOCALPLACEMENT(#11392,#17784);
#17786=IFCCARTESIANPOINT((5.3726291656494141,11.588303565979004,0.83799999952316284));
#17787=IFCDIRECTION((0.,0.,1.));
#17788=IFCDIRECTION((7.5497901264043321E-08,1.,0.));
#17789=IFCAXIS2PLACEMENT3D(#17786,#17787,#17788);
#17790=IFCLOCALPLACEMENT(#11392,#17789);
#17791=IFCCARTESIANPOINT((6.103240966796875,17.46661376953125,0.83799999952316284));
#17792=IFCDIRECTION((0.,0.,1.));
#17793=IFCDIRECTION((1.,0.,0.));
#17794=IFCAXIS2PLACEMENT3D(#17791,#17792,#17793);
#17795=IFCLOCALPLACEMENT(#11392,#17794);
#17801=IFCCARTESIANPOINT((7.047123908996582,14.284786224365234,0.755837082862854));
#17802=IFCDIRECTION((0.,0.,1.));
#17803=IFCDIRECTION((1.,2.384185791015625E-07,0.));
#17804=IFCAXIS2PLACEMENT3D(#17801,#17802,#17803);
#17805=IFCLOCALPLACEMENT(#11392,#17804);
#17806=IFCCARTESIANPOINT((8.4942722320556641,14.263283729553223,0.75));
#17807=IFCDIRECTION((0.,0.,1.));
#17808=IFCDIRECTION((-1.,1.5099580252808664E-07,0.));
#17809=IFCAXIS2PLACEMENT3D(#17806,#17807,#17808);
#17810=IFCLOCALPLACEMENT(#11392,#17809);
#17811=IFCCARTESIANPOINT((7.2397375106811523,12.617353439331055,0.85000002384185791));
#17812=IFCDIRECTION((0.,0.,1.));
#17813=IFCDIRECTION((-1.,-1.5099580252808664E-07,0.));
#17814=IFCAXIS2PLACEMENT3D(#17811,#17812,#17813);
#17815=IFCLOCALPLACEMENT(#11392,#17814);
#17821=IFCCARTESIANPOINT((6.6020903587341309,16.167152404785156,0.82999998331069946));
#17822=IFCDIRECTION((0.,0.,1.));
#17823=IFCDIRECTION((1.,2.384185791015625E-07,0.));
#17824=IFCAXIS2PLACEMENT3D(#17821,#17822,#17823);
#17825=IFCLOCALPLACEMENT(#11392,#17824);
#17826=IFCCARTESIANPOINT((7.8395681381225586,12.423439979553223,2.2999999523162842));
#17827=IFCDIRECTION((0.,0.,1.));
#17828=IFCDIRECTION((1.,0.,0.));
#17829=IFCAXIS2PLACEMENT3D(#17826,#17827,#17828);
#17830=IFCLOCALPLACEMENT(#11392,#17829);
#17831=IFCCARTESIANPOINT((6.93524169921875,12.16569709777832,0.85000002384185791));
#17832=IFCDIRECTION((0.,0.,1.));
#17833=IFCDIRECTION((-0.99995642900466919,-0.0093361847102642059,0.));
#17834=IFCAXIS2PLACEMENT3D(#17831,#17832,#17833);
#17835=IFCLOCALPLACEMENT(#11392,#17834);
#17836=IFCCARTESIANPOINT((6.0020904541015625,16.174629211425781,1.5239999294281006));
#17837=IFCDIRECTION((0.,0.,1.));
#17838=IFCDIRECTION((-4.3711388286737929E-08,1.,0.));
#17839=IFCAXIS2PLACEMENT3D(#17836,#17837,#17838);
#17840=IFCLOCALPLACEMENT(#11392,#17839);
#17841=IFCCARTESIANPOINT((6.0020904541015625,12.174630165100098,2.2999999523162842));
#17842=IFCDIRECTION((0.,0.,1.));
#17843=IFCDIRECTION((-4.3711388286737929E-08,1.,0.));
#17844=IFCAXIS2PLACEMENT3D(#17841,#17842,#17843);
#17845=IFCLOCALPLACEMENT(#11392,#17844);
#17846=IFCSYSTEMFURNITUREELEMENT('295uts$SX9uen9viTVqo0f',$,'SystemFurnitureElement',$,$,#17895,#17858,$,$);
#17853=IFCRELDEFINESBYPROPERTIES('0vlDOKG1zEjeKx7HhJeK0d',$,$,$,(#17846),#17854);
#17854=IFCPROPERTYSET('28oeY4tSP8oOURyt0Y$rR6',$,'EPset_Parametric',$,(#17855));
#17855=IFCPROPERTYSINGLEVALUE('Engine',$,IFCLABEL('Bonsai.DumbLayer2'),$);
#17856=IFCRELASSOCIATESMATERIAL('3uRLDhjxH2$h2duxR$mXzP',$,$,$,(#17846),#17857);
#17857=IFCMATERIALLAYERSETUSAGE(#10470,.AXIS2.,.POSITIVE.,0.,$);
#17858=IFCPRODUCTDEFINITIONSHAPE($,$,(#17890,#17887));
#17877=IFCRELCONNECTSPATHELEMENTS('08oRrLa5nDBAz8Yxo3sKoF',$,$,$,$,#17846,#13175,(),(),.ATPATH.,.ATSTART.);
#17878=IFCCARTESIANPOINTLIST2D(((0.012000000104308212,0.),(0.011999998530698136,0.012000000104308128),(0.27595388952455896,0.012000000104308128),(0.27595388952455896,0.)),$);
#17879=IFCINDEXEDPOLYCURVE(#17878,(IFCLINEINDEX((1,2,3,4,1))),$);
#17880=IFCARBITRARYCLOSEDPROFILEDEF(.AREA.,$,#17879);
#17881=IFCCARTESIANPOINT((0.,0.,0.));
#17882=IFCDIRECTION((0.,0.,1.));
#17883=IFCDIRECTION((1.,0.,0.));
#17884=IFCAXIS2PLACEMENT3D(#17881,#17882,#17883);
#17885=IFCDIRECTION((0.,0.,1.));
#17886=IFCEXTRUDEDAREASOLID(#17880,#17884,#17885,0.77600002288818359);
#17887=IFCSHAPEREPRESENTATION(#11,'Body','SweptSolid',(#17886));
#17888=IFCCARTESIANPOINTLIST2D(((0.,0.),(0.27595388952455896,3.7291329135769047E-08)),$);
#17889=IFCINDEXEDPOLYCURVE(#17888,$,$);
#17890=IFCSHAPEREPRESENTATION(#23,'Axis','Curve2D',(#17889));
#17891=IFCCARTESIANPOINT((8.490090331621909,12.424536705648539,1.5119998455047607));
#17892=IFCDIRECTION((0.,0.,1.));
#17893=IFCDIRECTION((-2.8212997449371656E-07,-0.99999999999996025,0.));
#17894=IFCAXIS2PLACEMENT3D(#17891,#17892,#17893);
#17895=IFCLOCALPLACEMENT(#11392,#17894);
#17896=IFCCARTESIANPOINTLIST2D(((0.,0.),(0.,0.012000000104308128),(2.1893808528585033,0.012000000104308128),(2.1773808522651201,0.)),$);
#17897=IFCINDEXEDPOLYCURVE(#17896,(IFCLINEINDEX((1,2,3,4,1))),$);
#17898=IFCARBITRARYCLOSEDPROFILEDEF(.AREA.,$,#17897);
#17899=IFCCARTESIANPOINT((0.,0.,0.));
#17900=IFCDIRECTION((0.,0.,1.));
#17901=IFCDIRECTION((1.,0.,0.));
#17902=IFCAXIS2PLACEMENT3D(#17899,#17900,#17901);
#17903=IFCDIRECTION((0.,0.,1.));
#17904=IFCEXTRUDEDAREASOLID(#17898,#17902,#17903,0.77600002288818359);
#17905=IFCSHAPEREPRESENTATION(#11,'Body','SweptSolid',(#17904));
#17906=IFCCARTESIANPOINTLIST2D(((0.,0.),(2.1893808523694283,0.)),$);
#17907=IFCINDEXEDPOLYCURVE(#17906,$,$);
#17908=IFCSHAPEREPRESENTATION(#23,'Axis','Curve2D',(#17907));
#17909=IFCELECTRICAPPLIANCE('0GrMo2S1b4SBJlHpJjvfYH',$,'ElectricAppliance',$,$,#17910,#17925,'#03',$);
#17910=IFCLOCALPLACEMENT(#11392,#17911);
#17911=IFCAXIS2PLACEMENT3D(#17912,#17913,#17914);
#17912=IFCCARTESIANPOINT((7.9020910263061523,16.167152404785156,-4.76837158203125E-07));
#17913=IFCDIRECTION((0.,0.,1.));
#17914=IFCDIRECTION((1.,2.384185791015625E-07,0.));
#17915=IFCRELDEFINESBYPROPERTIES('3QrpUdcOvDcwaA9r5VPRLg',$,$,$,(#17909),#17916);
#17916=IFCPROPERTYSET('2Npk_FBNrCeASYuzgeytDs',$,'EQ_Electrical',$,(#17917));
#17917=IFCPROPERTYSINGLEVALUE('Comments',$,IFCTEXT('Ceiling Level Fixing with anchor bolt.'),$);
#17918=IFCCARTESIANPOINT((0.,0.,0.));
#17919=IFCDIRECTION((1.,0.,0.));
#17920=IFCDIRECTION((0.,1.,0.));
#17921=IFCDIRECTION((0.,0.,1.));
#17922=IFCCARTESIANTRANSFORMATIONOPERATOR3D(#17919,#17920,#17918,1.,#17921);
#17923=IFCMAPPEDITEM(#14796,#17922);
#17924=IFCSHAPEREPRESENTATION(#11,'Body','MappedRepresentation',(#17923));
#17925=IFCPRODUCTDEFINITIONSHAPE($,$,(#17924));
#17959=IFCSYSTEMFURNITUREELEMENT('24yIX3iNf6TRbrzW84BnxE',$,'SystemFurnitureElement',$,$,#18021,#17971,$,$);
#17965=IFCRELDEFINESBYPROPERTIES('3KPKbQVQ18lQ5DKyMBk762',$,$,$,(#17959),#17966);
#17966=IFCPROPERTYSET('0ZaNaj6v5D5u0nnjt9Q_6n',$,'EPset_Parametric',$,(#17967));
#17967=IFCPROPERTYSINGLEVALUE('Engine',$,IFCLABEL('Bonsai.DumbLayer2'),$);
#17968=IFCRELASSOCIATESMATERIAL('1bfjj25W9B9eAbZaeDXL7K',$,$,$,(#17959),#17969);
#17969=IFCMATERIALLAYERSETUSAGE(#10470,.AXIS2.,.POSITIVE.,0.,$);
#17970=IFCRELCONNECTSELEMENTS('1iP$niILDBQfQmcr3fUsjF',$,$,'TOP',$,#17538,#17959);
#17971=IFCPRODUCTDEFINITIONSHAPE($,$,(#18016,#18013));
#17991=IFCCARTESIANPOINTLIST2D(((0.,0.),(0.,0.012000000104308128),(2.5000011920928955,0.012000000104308128),(2.5000011920928955,0.)),$);
#17992=IFCINDEXEDPOLYCURVE(#17991,(IFCLINEINDEX((1,2,3,4,1))),$);
#17993=IFCARBITRARYCLOSEDPROFILEDEF(.AREA.,$,#17992);
#17994=IFCCARTESIANPOINT((0.,0.,0.));
#17995=IFCDIRECTION((0.,0.,1.));
#17996=IFCDIRECTION((1.,0.,0.));
#17997=IFCAXIS2PLACEMENT3D(#17994,#17995,#17996);
#17998=IFCDIRECTION((0.,0.,1.));
#17999=IFCEXTRUDEDAREASOLID(#17993,#17997,#17998,0.77600002288818359);
#18000=IFCSHAPEREPRESENTATION(#11,'Body','SweptSolid',(#17999));
#18001=IFCCARTESIANPOINTLIST2D(((0.,0.),(2.5000011920928955,2.4659402697579935E-07)),$);
#18002=IFCINDEXEDPOLYCURVE(#18001,$,$);
#18003=IFCSHAPEREPRESENTATION(#23,'Axis','Curve2D',(#18002));
#18004=IFCCARTESIANPOINTLIST2D(((0.,0.),(0.,0.012000000104308128),(1.4999985694885254,0.012000000104308128),(1.4999985694885254,0.)),$);
#18005=IFCINDEXEDPOLYCURVE(#18004,(IFCLINEINDEX((1,2,3,4,1))),$);
#18006=IFCARBITRARYCLOSEDPROFILEDEF(.AREA.,$,#18005);
#18007=IFCCARTESIANPOINT((0.,0.,0.));
#18008=IFCDIRECTION((0.,0.,1.));
#18009=IFCDIRECTION((1.,0.,0.));
#18010=IFCAXIS2PLACEMENT3D(#18007,#18008,#18009);
#18011=IFCDIRECTION((0.,0.,1.));
#18012=IFCEXTRUDEDAREASOLID(#18006,#18010,#18011,0.77600002288818359);
#18013=IFCSHAPEREPRESENTATION(#11,'Body','SweptSolid',(#18012));
#18014=IFCCARTESIANPOINTLIST2D(((0.,0.),(1.4999985694885254,2.0175886561446532E-07)),$);
#18015=IFCINDEXEDPOLYCURVE(#18014,$,$);
#18016=IFCSHAPEREPRESENTATION(#23,'Axis','Curve2D',(#18015));
#18017=IFCCARTESIANPOINT((6.3048921322595737,14.337151530166404,1.5119998455047607));
#18018=IFCDIRECTION((0.,0.,1.));
#18019=IFCDIRECTION((-2.8212997449371656E-07,-0.99999999999996025,0.));
#18020=IFCAXIS2PLACEMENT3D(#18017,#18018,#18019);
#18021=IFCLOCALPLACEMENT(#11392,#18020);
#18022=IFCFURNITURE('3i6e11VPLAoBrCsNtP7Wrf',$,'Furniture',$,$,#18200,#18035,$,$);
#18028=IFCCARTESIANPOINT((0.,0.,0.));
#18029=IFCDIRECTION((1.,0.,0.));
#18030=IFCDIRECTION((0.,1.,0.));
#18031=IFCDIRECTION((0.,0.,1.));
#18032=IFCCARTESIANTRANSFORMATIONOPERATOR3D(#18029,#18030,#18028,1.,#18031);
#18033=IFCMAPPEDITEM(#12771,#18032);
#18034=IFCSHAPEREPRESENTATION(#13,'Box','MappedRepresentation',(#18033));
#18035=IFCPRODUCTDEFINITIONSHAPE($,$,(#18034,#18042));
#18036=IFCCARTESIANPOINT((0.,0.,0.));
#18037=IFCDIRECTION((1.,0.,0.));
#18038=IFCDIRECTION((0.,1.,0.));
#18039=IFCDIRECTION((0.,0.,1.));
#18040=IFCCARTESIANTRANSFORMATIONOPERATOR3D(#18037,#18038,#18036,1.,#18039);
#18041=IFCMAPPEDITEM(#12840,#18040);
#18042=IFCSHAPEREPRESENTATION(#11,'Body','MappedRepresentation',(#18041));
#18048=IFCFURNITURE('1$8fPel893wuWvVpj9jqP1',$,'Furniture',$,$,#18205,#18061,$,$);
#18054=IFCCARTESIANPOINT((0.,0.,0.));
#18055=IFCDIRECTION((1.,0.,0.));
#18056=IFCDIRECTION((0.,1.,0.));
#18057=IFCDIRECTION((0.,0.,1.));
#18058=IFCCARTESIANTRANSFORMATIONOPERATOR3D(#18055,#18056,#18054,1.,#18057);
#18059=IFCMAPPEDITEM(#12771,#18058);
#18060=IFCSHAPEREPRESENTATION(#13,'Box','MappedRepresentation',(#18059));
#18061=IFCPRODUCTDEFINITIONSHAPE($,$,(#18060,#18068));
#18062=IFCCARTESIANPOINT((0.,0.,0.));
#18063=IFCDIRECTION((1.,0.,0.));
#18064=IFCDIRECTION((0.,1.,0.));
#18065=IFCDIRECTION((0.,0.,1.));
#18066=IFCCARTESIANTRANSFORMATIONOPERATOR3D(#18063,#18064,#18062,1.,#18065);
#18067=IFCMAPPEDITEM(#12840,#18066);
#18068=IFCSHAPEREPRESENTATION(#11,'Body','MappedRepresentation',(#18067));
#18098=IFCRELCONNECTSELEMENTS('1OSmSEnn5CaxHYfJ$wmM45',$,$,'TOP',$,#11816,#13621);
#18125=IFCFURNITURE('0jcl7PCmnEtehZaHEz8fUm',$,'Furniture',$,$,#18210,#18138,$,$);
#18131=IFCCARTESIANPOINT((0.,0.,0.));
#18132=IFCDIRECTION((1.,0.,0.));
#18133=IFCDIRECTION((0.,1.,0.));
#18134=IFCDIRECTION((0.,0.,1.));
#18135=IFCCARTESIANTRANSFORMATIONOPERATOR3D(#18132,#18133,#18131,1.,#18134);
#18136=IFCMAPPEDITEM(#12771,#18135);
#18137=IFCSHAPEREPRESENTATION(#13,'Box','MappedRepresentation',(#18136));
#18138=IFCPRODUCTDEFINITIONSHAPE($,$,(#18137,#18145));
#18139=IFCCARTESIANPOINT((0.,0.,0.));
#18140=IFCDIRECTION((1.,0.,0.));
#18141=IFCDIRECTION((0.,1.,0.));
#18142=IFCDIRECTION((0.,0.,1.));
#18143=IFCCARTESIANTRANSFORMATIONOPERATOR3D(#18140,#18141,#18139,1.,#18142);
#18144=IFCMAPPEDITEM(#12840,#18143);
#18145=IFCSHAPEREPRESENTATION(#11,'Body','MappedRepresentation',(#18144));
#18146=IFCCARTESIANPOINTLIST2D(((1.1364964246749878,-1.229461669921875),(2.3131656646728516,-1.229461669921875),(2.3131656646728516,-0.62946164608001709),(1.1364964246749878,-0.62946164608001709),(1.1364964246749878,-1.229461669921875)),$);
#18147=IFCINDEXEDPOLYCURVE(#18146,$,$);
#18148=IFCARBITRARYCLOSEDPROFILEDEF(.AREA.,$,#18147);
#18154=IFCRELCONNECTSPATHELEMENTS('3wB8zcPf1ChAMkTPwjLtp0',$,$,$,$,#13621,#12437,(),(),.ATSTART.,.ATSTART.);
#18155=IFCCARTESIANPOINTLIST2D(((0.012000000104308232,0.),(-1.5736100772658155E-09,0.012000000104308128),(0.61200105846113362,0.012000000104308128),(0.61200105846113362,0.)),$);
#18156=IFCINDEXEDPOLYCURVE(#18155,(IFCLINEINDEX((1,2,3,4,1))),$);
#18157=IFCARBITRARYCLOSEDPROFILEDEF(.AREA.,$,#18156);
#18158=IFCCARTESIANPOINT((0.,0.,0.));
#18159=IFCDIRECTION((0.,0.,1.));
#18160=IFCDIRECTION((1.,0.,0.));
#18161=IFCAXIS2PLACEMENT3D(#18158,#18159,#18160);
#18162=IFCDIRECTION((0.,0.,1.));
#18163=IFCEXTRUDEDAREASOLID(#18157,#18161,#18162,0.83799999952316284);
#18164=IFCSHAPEREPRESENTATION(#11,'Body','SweptSolid',(#18163));
#18165=IFCCARTESIANPOINTLIST2D(((0.,0.),(0.61200105846113362,-2.5257941160816699E-07)),$);
#18166=IFCINDEXEDPOLYCURVE(#18165,$,$);
#18167=IFCSHAPEREPRESENTATION(#23,'Axis','Curve2D',(#18166));
#18168=IFCCARTESIANPOINT((7.7245097160342375,12.699153062703077,0.));
#18169=IFCDIRECTION((0.,0.,1.));
#18170=IFCDIRECTION((-2.8212997449371656E-07,-0.99999999999996025,0.));
#18171=IFCAXIS2PLACEMENT3D(#18168,#18169,#18170);
#18172=IFCLOCALPLACEMENT(#11392,#18171);
#18173=IFCCARTESIANPOINTLIST2D(((-0.01200000010430885,0.),(6.5261390180815226E-09,0.012000000104308128),(1.122419856268664,0.012000000104308128),(1.1104198545907458,0.)),$);
#18174=IFCINDEXEDPOLYCURVE(#18173,(IFCLINEINDEX((1,2,3,4,1))),$);
#18175=IFCARBITRARYCLOSEDPROFILEDEF(.AREA.,$,#18174);
#18176=IFCCARTESIANPOINT((0.,0.,0.));
#18177=IFCDIRECTION((0.,0.,1.));
#18178=IFCDIRECTION((1.,0.,0.));
#18179=IFCAXIS2PLACEMENT3D(#18176,#18177,#18178);
#18180=IFCDIRECTION((0.,0.,1.));
#18181=IFCEXTRUDEDAREASOLID(#18175,#18179,#18180,0.83799999952316284);
#18182=IFCSHAPEREPRESENTATION(#11,'Body','SweptSolid',(#18181));
#18183=IFCCARTESIANPOINTLIST2D(((0.,0.),(1.1224198546950539,0.)),$);
#18184=IFCINDEXEDPOLYCURVE(#18183,$,$);
#18185=IFCSHAPEREPRESENTATION(#23,'Axis','Curve2D',(#18184));
#18186=IFCCARTESIANPOINT((7.7245097160342393,12.699153062703076,0.));
#18187=IFCDIRECTION((0.,0.,1.));
#18188=IFCDIRECTION((-0.99999999999998868,1.5099580252808492E-07,0.));
#18189=IFCAXIS2PLACEMENT3D(#18186,#18187,#18188);
#18190=IFCLOCALPLACEMENT(#11392,#18189);
#18191=IFCCARTESIANPOINT((6.103240966796875,14.692746162414551,0.83799999952316284));
#18192=IFCDIRECTION((0.,0.,1.));
#18193=IFCDIRECTION((1.,0.,0.));
#18194=IFCAXIS2PLACEMENT3D(#18191,#18192,#18193);
#18195=IFCLOCALPLACEMENT(#11392,#18194);
#18196=IFCCARTESIANPOINT((8.3023147583007812,12.885210990905762,0.));
#18197=IFCDIRECTION((0.,0.,1.));
#18198=IFCDIRECTION((1.,0.,0.));
#18199=IFCAXIS2PLACEMENT3D(#18196,#18197,#18198);
#18200=IFCLOCALPLACEMENT(#11392,#18199);
#18201=IFCCARTESIANPOINT((7.8745098114013672,12.885210990905762,0.));
#18202=IFCDIRECTION((0.,0.,1.));
#18203=IFCDIRECTION((1.,0.,0.));
#18204=IFCAXIS2PLACEMENT3D(#18201,#18202,#18203);
#18205=IFCLOCALPLACEMENT(#11392,#18204);
#18206=IFCCARTESIANPOINT((8.56640625,12.421233177185059,0.));
#18207=IFCDIRECTION((0.,0.,1.));
#18208=IFCDIRECTION((1.,0.,0.));
#18209=IFCAXIS2PLACEMENT3D(#18206,#18207,#18208);
#18210=IFCLOCALPLACEMENT(#11392,#18209);
ENDSEC;
END-ISO-10303-21;
